client_id,age,anciennete_mois,score_credit,type_compte,pays_residence,limite_credit,alertes_precedentes
201,30,193,726,premium,FR,20000,0
3626,45,222,467,standard,GB,5000,1
10955,31,58,320,premium,MA,5000,0
12527,73,134,516,premium,MA,20000,0
8638,38,40,676,premium,DE,5000,0
10578,22,168,545,standard,DE,10000,0
13003,20,63,317,premium,DE,5000,2
7983,58,38,695,standard,MA,5000,0
10225,40,120,576,premium,MA,50000,1
5099,68,162,468,standard,FR,20000,0
4747,42,48,750,standard,MA,10000,0
7520,23,157,802,premium,DE,10000,0
4015,70,200,316,premium,GB,10000,0
1935,61,225,717,standard,FR,10000,0
992,58,60,509,premium,ES,10000,0
4739,68,168,743,premium,MA,10000,0
14152,21,94,492,standard,MA,20000,0
14061,43,59,587,standard,ES,5000,0
11588,51,87,614,standard,MA,10000,0
13841,55,47,346,standard,FR,5000,0
12420,48,84,615,standard,DE,10000,0
10575,42,23,502,premium,DE,5000,0
616,43,6,352,premium,MA,10000,1
3550,24,211,718,standard,FR,10000,0
9050,51,103,583,standard,ES,5000,0
6891,29,73,578,standard,DE,10000,0
4329,71,152,412,standard,MA,10000,2
8779,65,8,365,premium,ES,5000,0
14347,48,54,556,pro,MA,10000,0
10885,19,196,342,standard,ES,5000,0
6783,65,216,793,standard,MA,10000,0
4641,69,196,439,premium,FR,10000,0
11726,24,201,725,standard,ES,5000,1
4809,72,187,662,premium,MA,20000,1
14714,47,138,716,standard,FR,20000,1
3630,73,91,772,standard,MA,20000,0
2031,19,145,721,standard,FR,5000,0
10123,33,177,625,standard,MA,20000,0
4498,38,31,460,standard,MA,5000,0
1246,73,167,422,pro,MA,5000,0
3261,46,180,371,pro,MA,20000,0
2385,56,233,706,standard,FR,50000,0
6032,31,119,538,standard,MA,10000,0
11669,55,106,702,premium,MA,10000,0
13050,55,95,432,standard,DE,10000,0
8951,23,92,633,standard,MA,20000,0
3136,27,133,437,standard,FR,50000,0
9575,50,149,396,standard,MA,10000,0
5687,38,11,417,standard,MA,10000,0
14654,20,211,844,standard,MA,20000,0
4475,70,227,307,premium,MA,5000,0
12376,58,18,424,premium,FR,10000,0
11514,67,58,813,premium,ES,5000,0
4048,47,183,408,standard,MA,5000,1
6630,18,131,833,standard,DE,10000,1
9777,58,19,429,premium,MA,50000,0
7664,71,140,834,premium,MA,20000,0
4306,59,47,500,premium,MA,5000,1
12386,66,171,688,premium,FR,5000,1
4753,64,199,768,pro,DE,5000,1
13741,46,211,543,premium,MA,10000,0
2544,26,49,714,premium,FR,10000,0
2662,28,87,381,standard,FR,10000,2
10292,40,222,835,standard,MA,5000,0
8122,50,127,721,pro,ES,20000,0
513,38,234,547,pro,MA,10000,0
4822,51,23,654,standard,DE,50000,0
13431,42,147,433,standard,MA,10000,0
1489,74,68,319,pro,MA,5000,0
989,40,57,431,pro,MA,10000,1
14099,26,204,761,standard,FR,5000,0
5780,43,56,730,standard,MA,5000,0
9921,54,180,670,premium,MA,10000,0
7864,42,61,837,standard,MA,5000,0
10720,19,157,381,standard,DE,5000,1
7817,41,215,364,pro,MA,20000,0
70,66,62,747,standard,MA,5000,0
2187,36,6,732,standard,MA,10000,1
4766,62,12,764,premium,MA,20000,0
7748,42,91,684,standard,MA,5000,0
3941,19,208,632,premium,MA,10000,0
9908,51,194,712,standard,MA,5000,0
8612,67,94,818,premium,MA,5000,0
1446,66,104,745,premium,FR,10000,0
4419,45,37,576,standard,ES,10000,1
12981,47,232,333,standard,MA,5000,1
7474,25,28,837,standard,FR,10000,1
2855,54,7,795,standard,FR,20000,0
5456,23,185,500,standard,FR,10000,0
11699,68,133,372,premium,ES,20000,1
4172,41,52,471,premium,MA,20000,0
5856,26,9,822,standard,ES,10000,0
10789,41,71,511,standard,MA,5000,0
5631,69,204,729,standard,MA,5000,1
14184,62,99,708,pro,MA,5000,1
8421,40,229,393,standard,MA,5000,0
1361,41,80,776,standard,DE,10000,0
12335,72,215,610,standard,DE,5000,0
8393,46,161,343,premium,MA,20000,0
6241,65,56,516,standard,ES,5000,0
5977,34,103,497,standard,ES,5000,0
11941,35,31,449,standard,FR,20000,0
10948,71,107,772,standard,DE,5000,0
2724,63,78,510,standard,MA,5000,0
2907,22,216,639,standard,MA,20000,1
9126,52,18,498,premium,MA,10000,0
10664,58,129,544,standard,FR,10000,1
13949,35,182,743,premium,DE,5000,0
3865,19,192,679,standard,FR,5000,0
2253,39,89,829,standard,MA,5000,0
2900,34,27,801,pro,FR,5000,0
8902,62,177,759,premium,MA,20000,1
2686,38,66,766,standard,MA,10000,0
4175,43,64,761,pro,DE,5000,1
10330,36,19,579,standard,FR,5000,1
11686,54,215,543,premium,MA,10000,0
14051,44,103,641,premium,MA,10000,0
11234,36,228,812,standard,ES,5000,0
3523,41,109,341,premium,MA,5000,0
5318,30,74,503,standard,FR,5000,1
8237,69,117,744,standard,MA,20000,1
8176,44,130,571,standard,FR,10000,0
6350,67,108,612,standard,DE,20000,0
11507,74,169,544,standard,MA,10000,0
5944,48,34,627,standard,DE,5000,1
12837,22,154,739,standard,MA,5000,1
5560,39,11,781,premium,MA,10000,1
13066,47,128,771,premium,MA,10000,0
265,18,82,499,premium,MA,20000,0
8137,44,232,568,standard,MA,10000,1
11260,48,78,433,standard,FR,20000,0
14281,72,217,807,pro,DE,5000,0
12337,33,222,446,standard,FR,10000,0
11461,41,60,380,standard,MA,5000,0
2066,68,67,765,standard,MA,10000,0
4791,36,79,573,premium,MA,10000,0
3017,72,9,528,standard,MA,10000,1
10614,72,103,760,standard,FR,10000,0
6044,74,38,641,standard,FR,5000,1
8708,58,70,797,standard,DE,5000,0
2452,72,25,836,standard,MA,10000,0
10303,38,36,670,standard,MA,10000,0
7106,57,119,642,standard,MA,5000,0
11163,32,192,310,standard,MA,5000,0
14948,62,132,365,pro,GB,20000,1
6591,66,25,783,premium,ES,10000,2
3253,59,13,813,standard,FR,10000,0
12487,19,117,805,standard,MA,5000,1
1494,65,66,838,premium,FR,10000,0
3125,50,203,581,premium,MA,20000,1
14352,66,184,381,standard,ES,10000,0
11049,50,181,623,standard,FR,20000,0
14511,30,62,664,pro,ES,5000,0
12478,21,94,635,premium,MA,10000,0
13215,68,90,728,standard,MA,5000,0
5852,20,207,533,premium,MA,5000,1
11529,27,237,619,standard,FR,10000,1
14249,52,118,771,premium,ES,20000,0
3238,46,218,672,premium,GB,20000,0
799,53,205,352,premium,MA,50000,0
2665,74,54,757,standard,MA,10000,0
6520,65,169,639,standard,MA,5000,0
5328,33,167,396,standard,MA,10000,0
8984,20,71,480,standard,MA,10000,1
4261,73,157,412,premium,GB,5000,0
14370,28,110,488,standard,MA,5000,0
11717,25,1,689,standard,MA,20000,0
6037,57,32,484,pro,MA,10000,0
14118,69,70,306,premium,MA,5000,0
9053,37,111,370,standard,FR,5000,0
13889,40,176,368,pro,MA,20000,0
14179,40,85,511,standard,ES,20000,2
13411,47,197,311,standard,DE,10000,0
11997,58,70,531,premium,MA,10000,0
4408,67,196,525,standard,FR,5000,1
8563,69,139,335,standard,MA,5000,0
2225,58,58,526,premium,MA,20000,0
1475,35,36,837,standard,DE,10000,0
4959,48,205,311,pro,MA,10000,1
13429,24,203,336,standard,MA,10000,0
10569,24,200,783,premium,MA,5000,2
12060,54,216,697,premium,FR,5000,0
11881,49,213,731,standard,MA,20000,1
9647,25,6,753,pro,ES,10000,2
8911,74,202,358,standard,MA,10000,0
10492,48,68,467,standard,MA,5000,0
10501,41,186,500,standard,FR,20000,1
7107,23,179,592,standard,MA,20000,0
4927,29,155,346,standard,MA,5000,1
10959,18,115,763,standard,FR,5000,1
2628,68,125,559,pro,MA,20000,0
14606,66,238,608,standard,ES,5000,0
11225,46,43,307,standard,MA,10000,1
4077,46,123,592,premium,MA,20000,0
10179,57,209,311,standard,MA,10000,0
142,57,200,594,pro,FR,10000,0
13413,62,16,340,pro,FR,5000,0
10831,63,167,385,standard,FR,10000,0
354,72,186,749,premium,MA,10000,0
9232,71,154,473,standard,GB,10000,0
13592,33,146,516,standard,FR,10000,0
541,68,160,529,standard,MA,50000,1
27,33,8,501,standard,FR,10000,1
4702,44,231,372,standard,MA,5000,0
7980,34,235,699,standard,DE,5000,0
579,55,217,600,premium,ES,20000,0
3374,24,106,770,standard,FR,10000,0
13388,46,127,466,standard,DE,20000,0
78,31,57,573,premium,FR,5000,0
2023,44,184,557,standard,MA,10000,0
4869,29,33,765,pro,FR,10000,0
1160,34,88,458,premium,ES,20000,1
10579,27,121,797,standard,FR,20000,1
8772,50,225,560,standard,FR,5000,0
6573,70,24,660,standard,ES,20000,1
8437,30,139,530,standard,FR,10000,0
6556,50,158,761,standard,ES,10000,1
6299,68,32,485,standard,FR,50000,0
5862,74,147,480,standard,DE,5000,0
1269,22,95,554,standard,MA,5000,1
6378,71,159,696,premium,MA,5000,1
12290,58,111,356,standard,DE,5000,0
2707,59,157,496,standard,MA,10000,0
8246,59,89,481,pro,MA,5000,0
1099,60,31,546,premium,FR,5000,1
4615,55,118,400,premium,ES,10000,1
2035,44,17,517,standard,ES,50000,0
13082,67,90,365,standard,ES,10000,0
8715,51,160,776,standard,MA,10000,0
3,50,15,714,premium,MA,20000,0
9284,48,125,623,pro,MA,5000,0
2015,67,70,612,standard,FR,5000,0
7699,51,199,502,standard,ES,5000,1
6195,31,29,563,premium,MA,10000,0
8375,39,145,713,standard,FR,10000,1
13897,21,187,769,standard,ES,20000,0
4525,73,43,455,premium,MA,10000,0
962,34,214,770,standard,FR,20000,0
3260,23,203,798,standard,MA,5000,0
10617,44,164,789,standard,FR,5000,0
2957,67,50,561,standard,DE,10000,0
5163,21,45,847,standard,FR,20000,0
5857,46,168,597,premium,MA,20000,1
2437,31,60,659,standard,MA,10000,0
4577,53,212,485,pro,MA,5000,0
14409,47,9,407,standard,FR,10000,0
3772,27,68,665,premium,MA,5000,0
1300,70,239,685,premium,ES,5000,0
8079,45,206,306,pro,DE,50000,0
2037,71,184,507,premium,FR,5000,0
14837,70,9,403,premium,MA,10000,1
13530,68,171,366,pro,MA,5000,0
6807,41,66,818,standard,MA,5000,0
5369,30,28,560,standard,MA,10000,0
4394,35,202,648,standard,MA,10000,0
4327,35,130,773,standard,MA,10000,0
11970,53,23,721,pro,MA,50000,1
8569,39,227,655,standard,MA,10000,0
1169,41,190,496,standard,MA,10000,1
1143,31,41,300,standard,MA,5000,0
7677,33,45,788,standard,ES,50000,0
6243,20,96,527,standard,FR,10000,0
2122,43,75,704,standard,MA,10000,1
13214,54,126,705,standard,MA,10000,0
13539,70,96,504,standard,GB,50000,1
3430,39,175,837,premium,MA,20000,1
9463,24,141,822,premium,MA,10000,2
2515,36,211,349,standard,MA,10000,0
4451,29,120,642,standard,MA,10000,1
14439,56,210,789,standard,MA,50000,0
5195,66,153,368,standard,MA,5000,2
10880,62,226,477,standard,FR,5000,0
10545,24,140,539,pro,MA,10000,1
3657,20,145,840,pro,ES,20000,0
13137,36,234,513,premium,FR,5000,0
8273,67,152,731,standard,ES,10000,0
14998,65,73,441,standard,MA,5000,1
8561,47,201,567,standard,MA,5000,1
4472,66,26,577,standard,MA,5000,0
1634,27,223,409,premium,MA,5000,0
7291,63,29,428,standard,MA,50000,0
1776,42,67,826,standard,MA,20000,0
13501,62,238,373,pro,MA,20000,0
2294,73,117,559,standard,GB,10000,0
10769,29,67,505,standard,MA,10000,0
7775,63,110,820,standard,ES,10000,2
13046,21,99,511,standard,MA,10000,1
187,56,209,538,premium,ES,50000,0
4581,55,42,671,premium,GB,5000,1
12639,49,92,642,standard,MA,5000,1
2694,36,134,474,standard,MA,5000,0
10675,49,168,569,standard,MA,5000,0
6781,61,154,490,standard,MA,5000,1
6818,45,96,300,premium,FR,5000,0
4690,36,28,732,standard,DE,20000,0
3232,40,182,517,premium,GB,5000,1
3218,36,222,309,standard,MA,10000,1
6116,27,96,637,pro,MA,10000,0
12124,37,46,769,premium,MA,5000,0
13640,41,157,820,standard,MA,5000,0
10147,23,3,348,standard,MA,10000,0
8134,19,215,337,premium,MA,10000,0
11061,50,161,632,standard,FR,20000,0
3496,40,199,641,standard,ES,5000,0
12452,57,183,655,standard,MA,20000,0
12502,19,26,785,standard,MA,10000,0
4781,59,211,443,standard,MA,10000,0
14470,46,44,759,premium,MA,10000,0
13337,23,159,751,premium,MA,10000,0
2386,26,17,759,pro,DE,5000,1
1474,60,136,707,pro,MA,10000,0
14662,74,100,401,premium,FR,10000,1
2171,54,180,718,standard,GB,10000,1
11898,51,180,827,pro,MA,5000,0
14440,72,158,402,premium,FR,20000,0
14005,53,135,844,premium,FR,5000,1
1925,64,229,807,premium,ES,5000,1
11764,63,48,317,premium,MA,5000,0
4106,33,43,814,standard,MA,5000,0
5663,70,119,405,premium,MA,5000,0
1931,36,1,659,pro,MA,20000,0
7683,60,79,769,premium,MA,20000,0
7231,68,163,558,standard,MA,5000,0
11674,30,225,453,premium,FR,5000,1
11341,64,166,325,premium,DE,10000,1
11440,46,153,518,standard,MA,5000,0
14610,18,179,679,standard,ES,10000,2
4926,40,49,494,standard,MA,5000,0
9495,59,73,587,pro,FR,5000,0
14646,53,234,778,standard,MA,5000,1
9502,48,138,833,standard,FR,5000,1
10112,37,134,377,standard,FR,5000,0
12289,50,124,495,standard,MA,10000,0
11370,41,33,582,standard,MA,50000,0
8615,51,18,495,standard,FR,5000,1
3018,63,149,566,standard,MA,5000,0
6118,41,226,714,standard,DE,10000,0
762,42,153,637,standard,MA,20000,1
7234,41,100,568,standard,MA,5000,0
4783,47,100,796,premium,MA,20000,0
11849,23,132,486,standard,DE,5000,1
12779,62,161,648,standard,FR,10000,0
4785,39,181,667,premium,FR,5000,1
11887,53,179,470,premium,FR,10000,1
12218,18,67,743,standard,GB,20000,0
5495,67,176,497,standard,MA,10000,0
3203,61,153,576,standard,ES,5000,0
607,38,189,831,standard,MA,20000,0
13961,43,36,334,standard,MA,20000,0
7203,74,106,420,standard,MA,5000,0
10177,53,43,545,standard,MA,50000,0
6660,44,171,350,standard,MA,10000,0
7503,32,2,356,standard,FR,5000,0
4503,38,86,429,pro,MA,20000,0
12898,48,43,754,standard,GB,20000,0
7067,64,198,692,standard,MA,20000,0
4574,49,78,581,standard,DE,5000,0
2447,18,156,411,standard,MA,20000,0
9630,41,27,493,premium,ES,5000,1
10412,34,41,513,standard,MA,10000,1
7250,58,89,582,standard,DE,5000,1
2542,27,53,343,premium,MA,5000,0
2143,71,126,388,standard,ES,10000,0
2241,36,228,524,standard,MA,10000,0
2378,47,199,483,standard,MA,5000,1
7854,66,62,404,standard,FR,5000,1
1662,66,141,443,standard,MA,10000,0
4160,42,77,798,pro,MA,10000,0
13134,57,81,844,standard,MA,5000,0
9408,66,115,332,standard,FR,5000,0
12743,45,68,793,premium,MA,10000,1
9496,31,230,379,standard,MA,20000,0
5933,23,73,472,standard,FR,10000,1
12627,74,127,824,standard,ES,10000,0
5271,73,158,798,standard,GB,20000,0
10442,61,200,487,standard,MA,10000,0
5073,69,80,424,standard,ES,10000,0
14095,47,98,735,standard,DE,10000,0
2559,53,76,498,standard,MA,5000,0
1202,23,190,678,pro,DE,10000,0
14954,71,114,305,premium,MA,10000,1
5122,43,67,669,premium,DE,10000,0
7393,62,66,715,premium,MA,5000,0
224,20,158,647,premium,ES,10000,0
10301,23,13,628,standard,FR,5000,0
13452,20,185,418,premium,MA,5000,1
1104,37,214,676,pro,MA,50000,0
14390,19,129,653,standard,MA,5000,0
3432,40,161,309,premium,MA,10000,1
10975,46,181,475,standard,ES,10000,0
913,66,238,448,pro,ES,5000,0
12831,70,9,768,premium,MA,5000,0
7662,47,19,755,standard,MA,5000,1
9739,34,197,654,standard,MA,5000,0
10140,37,87,528,standard,ES,5000,1
13920,54,189,493,premium,DE,20000,0
8330,61,215,606,premium,MA,50000,0
436,48,233,759,standard,FR,10000,1
6717,64,1,425,standard,ES,5000,0
7610,55,43,731,pro,FR,10000,0
10863,68,134,749,standard,MA,10000,0
8225,46,129,806,premium,MA,5000,1
13418,24,1,748,standard,MA,5000,0
3269,45,9,392,premium,ES,20000,1
7913,39,229,796,standard,ES,5000,2
3474,52,157,352,premium,GB,5000,0
4356,32,76,359,standard,FR,10000,1
1150,43,134,840,pro,MA,10000,1
1319,22,75,704,standard,MA,50000,0
11975,62,219,498,standard,MA,20000,0
1369,66,143,643,premium,FR,10000,0
8496,30,90,367,standard,MA,50000,0
9174,47,218,537,premium,MA,5000,3
7153,34,230,617,standard,MA,20000,0
14745,51,192,664,standard,MA,5000,0
12883,38,129,568,standard,DE,5000,0
7451,46,205,578,standard,MA,5000,0
1941,43,28,322,standard,MA,20000,0
14311,49,140,688,standard,FR,50000,0
14313,38,171,370,pro,DE,50000,1
1659,54,13,841,standard,FR,20000,0
5402,56,44,357,pro,FR,20000,0
10692,39,162,346,standard,DE,5000,0
1715,58,37,494,standard,MA,20000,1
9351,55,233,802,premium,GB,5000,1
10151,23,186,370,standard,DE,50000,1
12524,31,66,464,premium,MA,50000,0
2940,68,2,468,standard,MA,50000,0
11152,52,39,760,pro,MA,10000,1
8451,72,7,710,standard,FR,5000,0
12174,73,53,347,standard,MA,5000,2
7708,49,211,640,premium,MA,50000,1
11172,36,225,755,premium,ES,20000,0
10781,63,213,643,standard,GB,10000,1
1437,26,164,623,standard,MA,20000,0
9693,19,179,689,standard,MA,10000,1
3771,19,205,802,standard,FR,10000,1
1543,36,3,576,pro,FR,20000,1
5650,47,105,565,standard,FR,20000,0
11227,23,214,428,standard,MA,50000,0
4901,37,86,653,standard,DE,10000,0
7583,73,145,681,standard,DE,5000,0
10461,20,2,815,standard,MA,10000,0
13174,52,221,467,standard,DE,5000,0
7433,33,84,705,premium,FR,10000,0
10500,23,114,586,standard,ES,20000,0
2970,28,120,399,premium,MA,20000,1
456,18,40,775,standard,MA,50000,0
9904,30,44,390,standard,MA,20000,0
10966,40,69,702,standard,MA,10000,0
8745,49,201,381,standard,MA,5000,0
13335,69,47,622,standard,MA,10000,0
496,30,162,599,premium,GB,5000,1
8054,62,101,575,premium,DE,10000,2
11570,66,109,727,standard,FR,5000,0
4007,62,187,501,premium,MA,10000,1
3510,34,186,402,standard,MA,20000,0
6827,21,119,427,premium,GB,5000,0
8583,36,64,716,premium,ES,5000,0
9909,35,9,809,premium,DE,5000,0
4429,46,42,344,premium,ES,5000,2
12411,66,119,678,standard,MA,20000,0
12233,22,85,840,premium,FR,5000,1
611,61,189,509,standard,MA,5000,0
14560,27,17,348,standard,FR,10000,0
5371,26,215,697,standard,MA,5000,0
13088,74,22,507,standard,FR,10000,0
4570,56,189,312,standard,MA,5000,1
2101,74,80,535,standard,MA,10000,1
4310,44,127,766,pro,FR,20000,0
11140,28,57,658,premium,FR,20000,0
1807,31,104,548,premium,FR,10000,0
4488,38,236,459,standard,ES,10000,0
9910,31,218,712,premium,FR,20000,0
7580,28,184,696,pro,FR,5000,0
3491,23,40,591,standard,FR,20000,0
5792,23,102,680,premium,FR,5000,0
13513,39,145,387,standard,MA,10000,0
6720,58,24,823,standard,MA,20000,1
7866,64,90,678,standard,MA,10000,0
12406,41,31,308,premium,MA,5000,0
6178,42,231,814,premium,ES,10000,2
3911,25,184,479,standard,ES,10000,1
2742,56,176,323,standard,DE,20000,0
5249,46,104,371,premium,DE,5000,0
13315,39,224,476,premium,MA,20000,0
7769,65,170,479,standard,MA,5000,0
13455,38,189,518,premium,MA,10000,0
5282,18,33,563,premium,GB,10000,0
239,57,210,413,premium,DE,5000,1
8513,50,46,626,standard,MA,5000,0
13490,19,12,706,standard,FR,5000,0
11093,29,202,598,premium,FR,10000,0
8365,35,1,740,standard,ES,10000,0
14198,69,231,319,standard,MA,10000,0
220,32,208,315,premium,MA,10000,1
9704,39,75,734,standard,MA,10000,0
5298,19,204,496,pro,MA,10000,0
9414,30,180,383,standard,MA,5000,0
5439,61,58,453,standard,MA,5000,0
10749,26,55,585,pro,MA,5000,0
14236,65,215,798,standard,MA,5000,0
8429,61,165,757,standard,ES,10000,1
3490,46,3,492,premium,MA,10000,1
10887,39,145,415,standard,FR,20000,0
8884,68,223,795,premium,ES,20000,0
118,22,127,551,premium,MA,5000,0
3857,35,46,799,standard,MA,10000,0
9615,52,219,506,premium,GB,10000,0
792,63,191,605,standard,MA,5000,0
13476,30,22,432,standard,FR,5000,0
3930,52,58,703,premium,FR,10000,1
2851,57,109,836,standard,MA,20000,1
4699,43,148,369,standard,MA,5000,0
8578,34,210,355,pro,FR,10000,1
5914,69,62,551,standard,MA,20000,0
5764,43,228,514,pro,MA,5000,0
1789,29,107,595,standard,DE,5000,1
11954,52,92,765,standard,DE,10000,0
9239,50,5,372,standard,DE,20000,0
7142,49,21,484,standard,GB,5000,0
1505,37,79,801,premium,DE,5000,0
4896,50,87,840,standard,DE,5000,2
831,38,117,366,pro,GB,10000,1
11303,21,8,683,standard,MA,10000,0
2905,54,232,618,standard,FR,5000,1
1144,22,199,404,standard,ES,5000,0
14974,33,165,453,standard,MA,20000,0
9219,65,31,586,standard,MA,10000,0
3241,22,25,715,standard,MA,20000,1
10040,52,82,431,pro,MA,10000,0
3522,60,62,725,premium,MA,10000,0
5054,39,20,816,standard,MA,10000,0
13461,42,189,421,pro,MA,5000,1
14979,44,183,382,premium,DE,20000,0
4649,59,72,644,standard,MA,5000,1
5095,72,170,627,premium,FR,50000,0
1404,32,180,501,standard,MA,10000,0
98,40,19,407,premium,MA,50000,1
14890,30,29,433,standard,MA,20000,0
12324,55,26,776,standard,MA,20000,0
7691,46,84,731,standard,GB,5000,2
9964,32,87,572,pro,MA,5000,0
12505,29,189,586,standard,MA,5000,0
7599,65,219,702,standard,MA,10000,1
4386,74,136,469,standard,MA,20000,2
2061,24,194,536,premium,MA,20000,0
9140,71,190,725,standard,FR,10000,0
2754,22,85,530,premium,FR,20000,0
6541,45,83,773,standard,MA,5000,0
970,44,65,460,standard,GB,10000,1
14647,37,212,330,standard,MA,50000,0
5157,61,142,776,premium,MA,5000,0
2561,62,209,681,standard,DE,5000,0
10534,42,238,847,standard,MA,5000,0
11114,38,79,670,standard,FR,20000,1
1264,61,157,715,premium,MA,10000,0
6170,37,154,823,pro,MA,20000,0
7074,23,173,706,standard,MA,10000,1
13259,53,151,710,standard,ES,10000,0
5052,73,108,361,standard,MA,10000,0
11030,73,6,767,standard,GB,10000,0
14873,25,43,643,standard,FR,10000,0
5244,26,83,584,premium,ES,10000,1
11775,41,67,371,standard,FR,20000,1
8940,25,143,353,standard,FR,50000,0
13196,51,18,829,standard,FR,5000,0
8710,44,190,390,premium,MA,5000,0
13375,57,136,811,standard,FR,5000,0
8571,22,56,565,premium,MA,10000,0
13895,38,80,760,standard,MA,5000,0
1439,23,204,730,standard,MA,5000,0
13491,68,62,716,pro,MA,10000,0
11236,54,27,639,standard,GB,5000,1
3457,58,195,403,standard,MA,5000,1
238,51,227,768,standard,FR,10000,0
7131,68,171,609,premium,ES,10000,1
8798,24,165,534,standard,MA,10000,0
11254,43,18,679,standard,GB,10000,0
12107,29,77,440,standard,MA,10000,0
13881,22,28,797,standard,MA,10000,0
8001,24,1,703,premium,MA,5000,0
5808,34,96,515,standard,MA,5000,1
12645,62,223,334,standard,MA,20000,1
10535,48,60,691,premium,MA,5000,0
2699,40,1,789,standard,DE,5000,1
6614,43,139,711,standard,FR,10000,0
2704,23,56,698,standard,DE,10000,0
7012,59,50,844,premium,MA,20000,1
11963,27,220,608,standard,ES,10000,1
6166,41,152,415,standard,MA,10000,0
8052,22,196,355,premium,MA,10000,0
4997,32,43,671,standard,MA,20000,0
11547,58,188,407,standard,FR,20000,0
4361,69,207,719,premium,MA,10000,1
145,69,183,304,standard,ES,20000,1
1549,66,76,756,standard,MA,5000,0
2041,22,133,423,standard,MA,10000,1
10591,44,160,394,premium,ES,10000,0
13488,33,199,552,standard,MA,50000,0
4369,36,220,707,standard,MA,10000,0
4385,54,187,705,standard,ES,10000,0
5968,39,139,549,standard,MA,20000,0
9551,40,12,594,premium,MA,20000,0
6402,42,31,770,standard,ES,5000,1
1594,18,219,707,standard,GB,5000,1
17,39,11,847,standard,MA,10000,0
6403,73,184,380,standard,ES,10000,1
10050,31,79,742,standard,MA,10000,0
11323,30,189,700,standard,MA,5000,0
9007,30,38,786,premium,MA,10000,0
10250,33,65,347,premium,MA,50000,1
11142,21,100,789,standard,FR,20000,0
2192,26,52,709,standard,FR,5000,0
4355,67,61,313,standard,FR,5000,1
6156,63,56,359,standard,MA,5000,0
4182,64,164,660,standard,FR,20000,1
5911,52,82,735,premium,MA,10000,0
9300,50,152,701,standard,FR,50000,2
7198,18,117,643,standard,MA,50000,0
5950,68,1,757,premium,MA,10000,0
8143,65,68,598,premium,MA,50000,0
11481,36,90,369,premium,FR,5000,0
11548,35,98,632,premium,MA,5000,0
14601,28,8,350,standard,DE,5000,0
1193,48,174,605,premium,DE,5000,0
14215,29,189,535,standard,MA,50000,0
1531,43,16,304,standard,GB,5000,1
2177,36,12,531,premium,ES,10000,1
11059,38,214,495,standard,GB,5000,1
1861,61,89,639,standard,FR,5000,0
3633,73,162,449,premium,MA,5000,0
6967,45,223,697,standard,FR,10000,1
9348,63,161,519,premium,MA,10000,0
1569,43,202,483,premium,DE,5000,1
7831,68,17,695,standard,MA,5000,0
4853,56,64,520,standard,ES,5000,0
4931,32,77,536,premium,ES,5000,0
3773,23,234,781,standard,DE,10000,0
6863,39,95,729,premium,FR,5000,0
868,46,174,505,pro,MA,5000,0
6710,40,158,680,premium,DE,5000,0
14713,21,220,307,pro,FR,50000,0
6117,30,102,513,pro,DE,5000,1
11772,40,150,690,standard,MA,20000,1
13554,31,200,672,standard,MA,20000,1
14234,18,62,361,premium,MA,20000,0
8600,69,52,608,pro,MA,50000,1
7382,42,133,400,pro,FR,5000,0
13819,49,85,627,standard,MA,5000,0
14835,41,173,317,pro,MA,20000,0
9095,69,150,765,premium,MA,20000,0
5766,34,141,333,standard,ES,10000,0
6122,74,27,399,pro,MA,20000,0
6817,36,225,364,standard,MA,20000,1
14558,25,41,796,premium,MA,10000,0
6529,51,18,601,premium,MA,10000,0
6270,49,148,549,premium,FR,5000,1
3517,51,224,332,premium,FR,10000,0
2606,21,82,322,standard,FR,5000,1
3461,22,6,566,standard,FR,10000,0
782,62,196,666,standard,MA,10000,1
6835,39,147,529,standard,MA,20000,0
6173,47,8,814,standard,MA,5000,1
11560,29,9,755,premium,GB,5000,0
9529,26,210,833,standard,MA,5000,0
3524,37,190,740,standard,MA,10000,0
753,66,132,631,premium,MA,10000,0
10871,52,84,512,pro,MA,5000,0
13639,30,4,802,standard,MA,20000,0
9552,46,205,578,premium,MA,5000,0
12496,25,29,640,standard,MA,20000,1
9941,68,118,823,pro,MA,5000,1
3433,71,17,668,standard,MA,10000,0
10652,26,149,662,standard,FR,5000,0
6494,71,78,366,standard,MA,20000,0
6547,70,29,761,premium,DE,20000,1
594,44,78,447,standard,GB,10000,0
3835,27,26,423,standard,MA,10000,0
7421,74,189,321,standard,MA,20000,0
13514,47,220,835,premium,MA,10000,0
6665,27,235,593,premium,FR,10000,1
13041,38,108,642,standard,MA,5000,0
14497,53,216,780,premium,MA,20000,0
8668,60,48,325,standard,FR,10000,0
3604,38,218,717,standard,DE,10000,1
14084,62,191,798,standard,MA,5000,0
3902,20,62,764,premium,ES,10000,1
9430,25,3,562,standard,MA,20000,1
8931,46,179,314,standard,MA,5000,1
13075,54,109,788,standard,ES,20000,1
3484,73,132,464,premium,FR,10000,0
1485,67,163,377,premium,MA,10000,0
7904,57,218,404,standard,FR,5000,0
7081,70,148,598,premium,MA,5000,0
10155,30,67,471,standard,MA,5000,2
8120,55,186,553,standard,FR,10000,0
926,38,108,612,standard,DE,20000,0
10063,60,191,584,standard,FR,10000,1
4224,55,80,318,premium,MA,10000,0
4406,21,103,316,standard,MA,5000,0
13784,29,211,537,standard,MA,5000,0
2605,33,22,453,premium,MA,10000,1
8632,68,203,530,standard,FR,20000,0
890,44,171,671,standard,FR,10000,0
11629,74,71,496,premium,ES,20000,0
14607,39,195,349,standard,ES,10000,0
9782,73,64,391,pro,ES,20000,0
14932,24,123,763,standard,MA,5000,0
5815,61,11,779,standard,MA,10000,0
12206,31,81,623,premium,FR,10000,0
9440,69,78,753,standard,MA,5000,0
11716,72,130,809,standard,FR,5000,0
2794,49,138,727,standard,MA,10000,1
9182,27,190,620,standard,MA,10000,0
907,33,44,574,standard,GB,10000,2
1356,63,199,489,standard,FR,10000,0
4887,30,49,658,standard,DE,10000,1
1094,21,48,314,premium,MA,5000,1
308,73,102,705,premium,FR,10000,0
12911,68,182,763,premium,ES,10000,0
3927,45,117,682,premium,MA,5000,0
1672,46,81,319,standard,MA,5000,1
9597,65,29,707,standard,MA,20000,1
6785,65,162,758,premium,FR,5000,0
12189,71,159,542,standard,FR,10000,1
9208,54,28,673,premium,GB,5000,0
5239,18,69,599,pro,MA,10000,1
1661,29,191,314,premium,MA,10000,0
10167,28,158,300,standard,MA,5000,1
12064,57,32,535,standard,FR,5000,0
10136,61,57,427,standard,ES,10000,1
10069,57,142,359,standard,FR,10000,0
7000,28,124,825,premium,FR,10000,0
9233,44,14,642,pro,GB,50000,1
1645,51,165,685,pro,FR,10000,0
9738,45,53,472,pro,MA,50000,0
2121,69,7,658,premium,ES,10000,0
285,22,151,356,standard,MA,20000,0
2600,33,207,661,premium,FR,10000,1
35,24,66,485,standard,MA,10000,0
11567,21,117,664,standard,DE,10000,1
14697,68,93,583,standard,FR,5000,0
2024,42,91,396,standard,MA,10000,0
10695,40,74,410,standard,FR,20000,0
10685,23,225,551,standard,ES,20000,0
2787,25,237,615,standard,MA,10000,0
779,37,5,368,standard,ES,10000,0
12872,74,10,441,standard,MA,5000,0
1507,68,5,457,standard,MA,20000,1
3769,38,208,346,pro,MA,5000,1
10462,47,43,739,standard,MA,5000,0
6120,29,208,754,premium,MA,20000,0
14150,43,78,524,pro,MA,10000,1
3239,48,186,563,standard,MA,5000,1
8170,44,95,643,standard,ES,5000,1
14032,64,219,543,standard,MA,5000,0
14268,66,10,519,premium,MA,20000,0
6732,19,132,746,premium,MA,5000,2
6238,64,116,391,standard,FR,5000,0
1487,62,94,662,pro,MA,5000,0
7093,69,185,503,pro,MA,10000,0
11334,18,159,344,standard,ES,10000,0
1413,73,77,788,standard,MA,5000,1
12571,33,26,718,standard,MA,5000,0
1434,73,216,440,premium,MA,10000,0
14540,43,183,770,standard,GB,10000,1
13103,53,78,840,premium,MA,10000,1
5098,44,23,774,premium,MA,5000,1
8780,58,48,369,standard,MA,5000,0
6620,28,134,733,standard,DE,20000,2
9528,70,17,757,standard,MA,10000,0
14847,19,73,383,standard,DE,20000,1
5647,42,42,766,pro,MA,5000,0
12024,27,26,566,premium,ES,5000,1
10659,33,205,668,standard,MA,10000,1
5997,55,63,459,standard,FR,5000,0
9456,54,239,541,standard,MA,50000,0
8808,59,61,744,standard,DE,5000,1
13087,26,194,330,standard,DE,10000,0
3024,31,223,471,standard,ES,10000,0
1893,73,3,765,premium,FR,5000,1
4201,35,186,597,standard,FR,5000,0
8024,24,1,482,premium,FR,5000,0
11908,60,137,794,premium,FR,10000,0
10709,21,162,539,premium,FR,5000,1
7240,54,141,530,standard,MA,5000,0
6795,70,31,311,standard,FR,20000,0
10137,71,99,404,standard,MA,20000,0
5789,68,193,420,standard,FR,10000,0
7812,60,120,393,standard,ES,10000,0
14928,60,109,431,pro,MA,5000,0
8146,34,90,632,premium,ES,10000,0
4591,18,216,526,premium,ES,5000,0
14485,36,5,416,standard,MA,5000,0
8174,34,127,842,standard,MA,10000,1
12152,30,94,571,standard,DE,50000,1
1727,23,168,467,premium,DE,5000,0
8183,29,117,516,premium,MA,10000,0
11412,40,199,707,standard,MA,5000,0
3402,44,118,705,standard,FR,5000,0
2377,70,116,359,standard,FR,5000,0
12390,51,46,655,standard,DE,10000,0
1694,55,168,308,premium,ES,10000,1
3498,22,208,395,standard,ES,10000,0
14423,21,117,421,premium,ES,20000,0
9248,18,110,795,standard,FR,5000,1
2715,40,190,739,premium,ES,10000,0
1803,49,218,516,pro,GB,20000,0
7646,47,88,588,standard,MA,5000,0
3306,38,23,370,pro,ES,5000,0
9487,66,3,567,premium,MA,20000,0
10204,43,47,371,pro,MA,10000,1
14880,68,226,582,premium,MA,5000,0
8175,33,49,752,standard,MA,10000,0
3054,52,14,310,pro,FR,5000,0
12665,71,159,386,standard,ES,10000,0
9469,60,102,323,standard,MA,5000,0
6572,50,50,392,standard,FR,20000,1
14388,67,3,831,standard,GB,20000,0
2274,57,152,637,standard,GB,20000,1
7087,60,97,784,standard,MA,10000,1
9228,62,88,829,standard,MA,10000,0
650,26,145,491,standard,MA,10000,0
1441,44,218,692,standard,MA,5000,0
8425,53,173,447,premium,FR,10000,1
5009,21,42,719,premium,ES,5000,1
9970,34,121,786,standard,MA,5000,0
4530,51,199,488,pro,MA,5000,0
11801,28,101,774,premium,MA,5000,0
1954,26,126,417,standard,MA,10000,0
3393,42,215,357,standard,MA,5000,1
1897,68,148,391,standard,FR,5000,1
6654,34,199,433,standard,MA,10000,0
9555,19,79,745,standard,MA,20000,1
11974,57,221,597,standard,FR,5000,0
388,50,200,477,standard,MA,20000,0
1119,18,200,474,premium,GB,5000,0
7111,26,98,328,premium,MA,5000,0
2879,28,207,710,premium,MA,10000,0
9637,66,141,562,premium,MA,5000,0
6747,52,63,364,pro,ES,5000,0
9280,24,70,486,standard,MA,10000,0
540,22,112,682,standard,FR,5000,2
9671,53,12,598,premium,ES,50000,2
5446,22,94,321,standard,ES,10000,0
8374,69,51,582,premium,DE,20000,0
13620,49,33,685,standard,MA,20000,1
9880,52,115,818,premium,MA,5000,0
460,54,180,781,standard,MA,10000,0
13868,65,159,534,premium,MA,5000,0
2297,23,169,690,standard,FR,5000,0
7667,41,221,781,standard,MA,20000,0
11680,30,110,712,standard,FR,20000,0
8047,44,57,725,premium,MA,20000,0
835,71,101,590,premium,FR,5000,0
13458,46,106,685,standard,MA,10000,1
11516,26,51,635,standard,MA,5000,0
8105,59,228,660,premium,MA,20000,0
2290,23,120,640,premium,MA,10000,0
5897,69,180,775,premium,MA,5000,0
6237,30,12,691,standard,ES,5000,0
5202,59,211,458,premium,MA,5000,2
3131,64,3,304,premium,MA,5000,0
4470,63,32,676,standard,MA,20000,0
945,26,150,681,standard,ES,20000,0
4235,51,169,848,premium,MA,10000,0
8533,31,142,476,premium,FR,5000,0
1343,26,191,531,standard,ES,5000,0
12842,58,200,814,standard,FR,20000,0
8889,64,53,400,standard,MA,5000,0
12343,68,61,557,standard,FR,50000,0
9269,67,78,327,standard,MA,5000,0
10606,38,34,525,standard,ES,50000,1
7125,18,116,512,standard,MA,5000,0
8067,26,211,413,premium,MA,5000,0
360,56,69,572,premium,FR,20000,1
8941,58,100,606,premium,MA,20000,0
10624,73,84,350,standard,MA,20000,0
11863,50,151,451,standard,MA,10000,0
12209,59,133,432,pro,MA,10000,1
8495,49,222,518,standard,DE,5000,0
2381,36,175,586,standard,ES,5000,0
2844,53,187,537,standard,MA,10000,0
6478,33,22,441,standard,MA,20000,0
10786,54,182,447,standard,MA,10000,0
6396,54,113,737,standard,FR,5000,1
9380,19,121,654,standard,MA,20000,0
14100,72,144,558,standard,MA,20000,0
3960,29,33,567,premium,MA,20000,0
9748,56,145,757,premium,MA,50000,0
3373,56,210,443,standard,MA,5000,0
3401,66,220,454,standard,FR,10000,1
7649,50,52,439,premium,MA,5000,0
6534,39,101,727,standard,MA,10000,0
11415,72,196,323,standard,GB,5000,0
6577,61,73,536,standard,FR,5000,0
10097,20,41,422,premium,MA,20000,0
2458,48,117,766,standard,MA,20000,0
6500,53,69,547,standard,GB,50000,3
1265,53,205,846,standard,MA,5000,1
910,41,211,532,standard,MA,5000,0
12864,54,142,578,standard,MA,10000,0
7112,23,30,714,standard,MA,10000,0
8845,24,20,823,standard,MA,5000,0
3913,24,216,414,standard,MA,20000,1
6702,43,67,593,standard,MA,5000,0
3632,36,191,779,pro,MA,5000,1
13745,37,166,328,premium,MA,10000,0
6381,68,167,821,standard,ES,10000,0
11480,52,138,672,pro,FR,5000,0
14929,50,135,813,premium,DE,20000,3
11170,32,187,813,standard,ES,20000,1
295,34,129,558,standard,MA,10000,0
9580,62,22,322,premium,DE,20000,0
4929,46,113,745,standard,FR,5000,0
14657,37,228,758,standard,FR,5000,1
13369,37,86,409,standard,FR,5000,0
798,72,181,570,standard,MA,5000,0
3995,28,10,392,pro,MA,5000,0
5466,18,124,519,standard,DE,20000,0
10897,68,62,336,standard,ES,20000,1
12646,44,180,671,standard,MA,20000,0
5384,70,74,535,premium,DE,50000,1
13999,48,111,639,standard,ES,5000,2
13133,62,239,684,standard,MA,5000,0
14012,19,181,534,pro,MA,10000,1
6171,21,52,485,premium,MA,50000,0
12059,30,71,789,standard,MA,10000,0
7560,19,2,308,standard,MA,10000,1
2151,39,185,672,premium,FR,20000,0
14162,61,115,475,standard,MA,20000,2
7130,73,22,674,standard,FR,10000,0
5963,31,220,496,premium,MA,5000,0
2883,54,78,469,pro,MA,10000,0
6372,20,127,512,standard,MA,10000,0
13499,43,159,546,premium,DE,50000,1
661,58,118,526,standard,MA,10000,0
4683,18,176,811,standard,FR,10000,0
13451,61,71,691,standard,MA,5000,0
9256,40,143,684,pro,MA,10000,0
8147,26,24,349,standard,DE,10000,0
1907,54,4,374,standard,FR,5000,3
13205,68,236,821,premium,MA,20000,0
11795,64,196,521,premium,FR,5000,0
1194,27,27,493,pro,FR,5000,0
13229,28,6,784,standard,FR,5000,0
12599,25,198,791,premium,ES,50000,0
7275,48,190,343,standard,FR,10000,0
14103,52,177,579,standard,MA,5000,0
1435,60,136,613,premium,MA,5000,0
9747,64,29,460,standard,ES,5000,0
5038,48,105,843,premium,FR,10000,2
10502,24,59,761,premium,FR,5000,0
14539,65,91,306,standard,ES,5000,1
46,53,129,417,standard,FR,20000,0
13964,42,2,409,premium,ES,50000,1
4888,18,83,329,standard,MA,10000,0
11899,72,162,806,standard,MA,10000,0
1003,22,25,734,premium,FR,10000,0
7205,26,180,479,standard,DE,20000,0
12192,48,57,847,premium,MA,10000,0
2922,43,107,619,standard,FR,10000,0
11224,32,57,450,standard,MA,10000,0
1914,35,105,430,standard,ES,5000,0
11611,46,204,794,premium,MA,5000,2
527,31,178,641,standard,MA,10000,1
13622,63,48,750,pro,GB,50000,0
7939,56,6,305,standard,MA,20000,0
10858,73,22,636,premium,DE,20000,0
3797,35,96,778,standard,FR,5000,1
2570,35,181,469,premium,MA,5000,0
9716,74,24,727,pro,ES,5000,2
6538,69,13,658,pro,MA,5000,0
6566,48,87,449,standard,DE,20000,0
5801,63,130,382,standard,ES,5000,0
13931,61,47,364,pro,MA,20000,0
2534,18,230,650,standard,MA,20000,0
13697,25,187,377,standard,FR,5000,0
9632,71,183,733,standard,FR,20000,0
8907,61,15,598,standard,MA,20000,1
2247,40,198,351,premium,MA,5000,0
6706,18,117,448,standard,MA,10000,0
4240,32,205,313,standard,MA,10000,1
11690,25,220,377,standard,MA,20000,0
7681,23,98,593,standard,MA,10000,0
6475,49,3,534,premium,FR,5000,0
4671,33,49,825,standard,ES,10000,1
14178,64,211,702,standard,MA,10000,0
1454,68,126,682,standard,FR,20000,1
213,70,46,683,standard,MA,5000,0
2022,70,176,392,standard,ES,5000,0
1885,50,31,333,standard,MA,5000,0
6643,48,187,737,premium,MA,5000,0
5406,40,29,509,standard,MA,20000,0
12136,21,4,832,standard,ES,20000,1
409,70,175,475,standard,GB,20000,1
6600,24,127,418,standard,FR,10000,1
7538,29,45,843,premium,MA,20000,0
5150,73,176,738,standard,MA,10000,1
12630,29,228,676,premium,MA,5000,1
2985,35,1,831,standard,MA,10000,0
14952,19,184,716,standard,MA,5000,2
9223,35,139,674,standard,MA,10000,0
14861,26,238,321,standard,DE,50000,0
11682,69,96,312,standard,MA,5000,0
13289,55,133,796,premium,MA,5000,0
9143,51,5,839,standard,FR,10000,0
4493,51,11,634,premium,DE,20000,1
4903,27,102,745,standard,MA,20000,0
14458,49,134,416,standard,MA,5000,1
8126,55,83,655,premium,ES,5000,0
8347,19,155,754,premium,FR,5000,0
6604,61,100,412,standard,FR,10000,0
1993,41,156,692,standard,FR,5000,0
7572,53,197,517,premium,ES,5000,0
11776,63,65,424,premium,MA,10000,0
2169,35,50,775,standard,MA,20000,2
3990,54,231,365,standard,MA,10000,0
11816,42,97,478,standard,MA,20000,0
7706,69,33,580,pro,MA,5000,0
11085,52,75,832,standard,MA,5000,0
8683,27,43,819,standard,MA,10000,0
773,67,21,699,standard,MA,20000,0
6075,70,39,633,pro,MA,20000,0
9036,45,156,359,pro,MA,20000,0
1256,34,58,742,premium,MA,20000,0
6751,65,174,704,standard,FR,20000,0
13780,47,56,536,premium,MA,10000,0
4410,62,165,405,premium,MA,10000,0
7615,36,69,669,premium,ES,5000,0
10960,30,15,492,premium,FR,10000,0
861,71,37,494,standard,FR,5000,2
651,72,2,489,pro,MA,20000,1
3975,27,13,506,pro,MA,5000,0
7426,35,232,542,standard,GB,5000,0
10482,23,52,423,standard,MA,10000,0
8890,55,165,670,standard,MA,10000,0
11983,70,127,484,pro,FR,5000,0
8802,56,219,524,standard,FR,10000,0
14930,66,142,582,standard,MA,20000,0
2093,36,129,716,standard,MA,20000,0
7264,19,16,559,premium,MA,50000,1
4928,22,201,793,premium,MA,50000,0
10281,51,212,843,standard,MA,5000,0
10676,27,41,760,standard,MA,10000,0
4430,37,217,435,pro,DE,20000,1
552,45,145,794,premium,MA,10000,0
11006,27,224,314,standard,DE,20000,0
5951,44,19,652,standard,DE,5000,0
9506,58,54,790,premium,FR,5000,0
14624,31,139,304,pro,FR,5000,0
14568,54,200,566,standard,MA,10000,1
12471,45,159,587,pro,DE,5000,0
1468,21,69,460,standard,MA,5000,0
9950,65,63,384,premium,MA,5000,0
11600,61,120,441,standard,MA,5000,1
11371,32,56,507,standard,MA,10000,1
3623,34,1,647,standard,MA,5000,0
5302,32,141,506,standard,MA,20000,0
5019,20,94,612,pro,MA,5000,0
9500,25,9,414,standard,FR,20000,0
12918,65,203,307,premium,MA,10000,0
3478,18,118,845,pro,FR,5000,0
7972,44,43,598,pro,MA,50000,1
5775,59,137,751,standard,FR,20000,0
884,44,111,821,standard,DE,50000,0
11678,55,184,409,standard,FR,10000,0
7637,37,41,817,standard,MA,10000,0
5959,72,196,730,standard,DE,5000,1
13051,54,237,665,standard,MA,20000,0
14185,39,137,591,standard,FR,5000,0
769,19,228,671,premium,MA,10000,1
7982,28,26,774,standard,MA,5000,0
212,49,4,345,premium,FR,20000,0
8153,24,34,536,premium,MA,5000,0
11175,61,95,699,standard,DE,20000,0
11011,25,92,485,standard,MA,10000,0
11730,39,197,316,standard,FR,5000,0
10601,47,130,482,pro,DE,10000,0
6936,70,9,503,premium,MA,5000,0
2613,41,160,650,standard,MA,50000,0
7716,21,169,814,standard,DE,10000,1
1540,24,6,734,premium,MA,10000,0
2206,21,11,691,standard,MA,10000,0
7079,28,197,604,standard,MA,10000,1
5553,66,50,806,standard,GB,5000,0
2283,47,176,544,standard,FR,5000,0
6501,18,104,691,premium,MA,10000,0
4133,67,117,842,standard,MA,20000,0
6460,56,77,510,standard,FR,10000,0
4706,60,169,568,standard,MA,10000,0
2366,73,9,807,standard,FR,20000,1
11508,70,66,637,premium,ES,10000,1
6376,23,123,766,standard,MA,5000,1
7318,46,94,829,standard,GB,10000,0
7283,62,11,562,standard,FR,10000,0
8792,20,109,576,premium,ES,10000,2
14748,71,14,794,standard,MA,10000,1
4179,44,56,632,standard,MA,5000,0
687,48,149,528,standard,GB,20000,0
12288,20,225,563,standard,MA,20000,0
2209,25,223,774,pro,ES,5000,0
13194,62,188,381,standard,MA,50000,1
8403,36,54,534,standard,MA,5000,0
5025,42,59,831,standard,FR,10000,0
2978,57,137,663,premium,MA,5000,0
5614,62,195,380,standard,ES,10000,0
4554,68,179,648,standard,DE,10000,0
10742,37,238,579,standard,MA,10000,1
3088,60,80,349,premium,MA,20000,0
3555,23,78,370,standard,FR,10000,0
11545,38,7,581,standard,ES,20000,1
9096,28,164,520,premium,MA,20000,0
4000,38,92,426,standard,MA,10000,0
1665,69,205,474,standard,ES,10000,0
6288,24,74,625,premium,FR,20000,0
2332,54,14,370,standard,MA,10000,1
9252,25,74,592,standard,ES,5000,0
5024,59,45,747,pro,FR,20000,0
924,38,113,827,premium,MA,10000,1
2910,63,199,648,premium,DE,5000,1
6559,37,152,802,standard,MA,10000,1
12596,40,109,700,standard,FR,10000,1
132,60,111,513,premium,ES,5000,1
351,35,167,421,standard,ES,5000,0
2262,24,116,571,premium,MA,5000,1
12553,36,107,598,standard,MA,5000,0
2358,26,177,636,premium,DE,10000,1
13727,31,127,350,premium,MA,10000,0
10441,63,26,653,standard,MA,5000,1
11782,62,34,554,premium,FR,5000,0
811,24,150,545,premium,FR,10000,1
3460,37,91,555,standard,MA,5000,0
73,56,190,727,standard,MA,20000,0
6896,38,205,520,pro,MA,10000,0
947,72,160,538,standard,DE,5000,0
13124,42,20,461,standard,DE,5000,0
2980,18,157,577,standard,FR,5000,0
5836,34,128,537,standard,MA,5000,1
12912,42,66,425,premium,MA,20000,0
11794,30,237,796,premium,MA,20000,0
7442,56,2,484,standard,FR,10000,1
9620,47,165,665,standard,FR,5000,0
14174,58,114,312,standard,DE,5000,1
4735,39,84,383,standard,FR,5000,1
11205,65,139,736,standard,MA,50000,0
1351,48,35,446,premium,FR,5000,1
7040,67,210,812,standard,DE,5000,0
8971,59,44,548,premium,MA,50000,0
14301,19,39,404,standard,FR,10000,0
4700,23,28,507,pro,MA,10000,1
7588,56,133,368,standard,ES,5000,0
702,22,104,352,pro,MA,50000,1
12825,49,228,503,standard,MA,10000,0
12741,21,119,320,pro,GB,10000,1
10533,71,148,481,standard,MA,5000,1
1601,49,17,510,premium,FR,5000,2
5312,37,118,475,standard,FR,5000,1
9156,56,32,545,standard,GB,20000,0
12441,64,43,477,standard,ES,20000,2
9298,53,238,372,premium,DE,20000,0
10663,68,6,333,pro,FR,10000,0
12139,30,41,800,standard,MA,50000,1
12180,52,151,651,standard,DE,5000,0
1408,74,165,335,standard,MA,5000,0
11788,47,114,422,standard,MA,20000,0
6894,35,51,798,standard,ES,5000,0
4575,37,80,602,standard,ES,10000,0
897,56,229,390,standard,GB,5000,0
195,50,111,529,standard,MA,10000,0
4244,53,70,792,premium,MA,20000,0
7859,70,105,333,premium,MA,10000,0
546,47,75,796,premium,DE,5000,0
8626,39,138,611,standard,MA,10000,0
14564,24,235,744,standard,MA,20000,0
8368,61,236,560,standard,MA,10000,0
6669,54,38,338,premium,MA,5000,0
1048,18,18,636,premium,GB,5000,0
1903,62,41,773,premium,DE,10000,0
4296,30,52,725,pro,DE,5000,0
14064,24,169,643,pro,MA,50000,0
5850,59,43,844,standard,ES,20000,0
5060,59,202,558,standard,FR,5000,2
4675,44,199,767,premium,MA,20000,0
6847,48,171,590,standard,GB,20000,0
12787,33,75,669,standard,MA,5000,0
7378,22,202,310,standard,MA,10000,0
6004,63,144,669,standard,MA,10000,0
408,33,190,492,premium,MA,20000,0
10571,72,66,547,standard,FR,10000,0
11767,29,19,379,premium,MA,10000,0
4141,74,203,442,standard,MA,10000,1
2218,73,228,393,pro,FR,20000,0
14902,67,5,567,premium,DE,10000,0
7747,28,212,712,standard,MA,10000,0
6718,48,19,589,pro,MA,5000,0
153,52,201,444,standard,MA,5000,0
12735,62,175,471,standard,MA,5000,0
12220,66,218,466,pro,ES,5000,0
2030,67,233,669,premium,MA,10000,1
2733,33,199,617,premium,FR,20000,0
10416,41,79,766,pro,MA,5000,0
36,62,120,711,pro,MA,20000,1
6230,24,235,418,premium,MA,10000,0
334,56,18,379,standard,FR,5000,1
6561,38,61,464,standard,GB,5000,0
14520,37,79,778,standard,FR,10000,0
14701,60,120,695,standard,MA,5000,0
450,37,139,605,standard,DE,10000,1
8767,60,211,507,standard,ES,5000,0
4721,45,158,488,premium,MA,5000,1
10493,59,133,608,standard,MA,10000,1
951,61,146,811,pro,MA,5000,0
8220,18,188,758,pro,MA,10000,1
1162,50,201,714,standard,MA,5000,0
816,49,60,589,premium,MA,5000,1
680,42,224,760,pro,MA,5000,2
5901,20,12,376,premium,ES,20000,0
13393,70,103,533,standard,ES,20000,2
13869,20,133,624,premium,GB,20000,0
10125,26,204,617,standard,FR,50000,0
800,50,214,709,standard,FR,5000,0
6246,57,163,602,standard,FR,20000,0
3928,47,95,612,standard,MA,5000,1
10521,35,179,784,pro,MA,10000,0
14086,20,188,565,standard,FR,10000,0
4101,48,80,834,standard,MA,5000,0
13572,61,228,481,standard,DE,5000,0
2493,20,162,817,standard,MA,5000,1
969,53,176,788,pro,MA,20000,0
14431,56,156,432,standard,MA,10000,1
4195,28,114,573,standard,ES,5000,0
2165,21,110,364,premium,ES,20000,0
11131,40,23,834,standard,ES,5000,0
13944,73,168,327,standard,DE,10000,0
10382,19,72,356,standard,FR,20000,1
12370,19,76,679,standard,MA,5000,1
581,19,216,322,standard,MA,10000,0
2033,47,239,329,premium,MA,5000,0
12817,61,85,342,standard,MA,10000,1
3753,43,143,387,standard,FR,5000,1
14595,40,12,811,premium,FR,5000,1
5153,66,45,629,standard,ES,5000,1
9892,70,37,435,standard,MA,5000,0
4874,66,165,365,standard,DE,20000,2
3378,68,9,606,standard,MA,20000,2
6935,61,141,338,standard,ES,5000,1
10041,39,88,819,standard,MA,10000,0
12795,20,56,468,premium,MA,5000,0
3935,35,168,827,standard,MA,5000,0
7230,66,155,730,standard,DE,5000,0
14214,37,12,794,standard,DE,10000,2
395,70,142,686,premium,MA,10000,0
8264,19,122,480,standard,MA,20000,0
8258,43,97,550,standard,ES,5000,0
13183,70,127,389,premium,MA,10000,1
5593,59,227,428,standard,MA,50000,2
1195,47,186,732,standard,ES,5000,0
9308,63,2,530,premium,GB,5000,0
7064,37,157,705,premium,ES,20000,0
7963,21,61,655,standard,FR,20000,0
12648,44,223,336,standard,FR,10000,1
1465,62,171,762,standard,MA,5000,0
4877,48,99,636,premium,FR,10000,0
13026,68,183,796,premium,MA,5000,0
7166,53,125,311,standard,MA,10000,0
3278,63,89,389,standard,FR,5000,1
13024,24,209,390,standard,ES,10000,0
12880,58,159,626,standard,ES,5000,1
13860,42,38,621,standard,FR,20000,0
11158,44,199,374,pro,FR,5000,0
4994,59,73,433,standard,MA,10000,0
10620,19,35,594,premium,DE,10000,0
1317,50,15,445,pro,MA,5000,1
6911,35,64,551,standard,GB,5000,0
3317,41,28,739,standard,MA,5000,0
3445,64,226,404,standard,MA,10000,0
2509,63,113,504,pro,FR,20000,2
13971,72,77,650,standard,MA,5000,1
7926,64,173,621,premium,ES,10000,2
10475,69,42,793,standard,MA,10000,1
12127,55,187,441,premium,ES,5000,1
14266,48,186,340,standard,MA,5000,1
12204,26,7,413,standard,MA,10000,0
10665,52,225,589,standard,MA,10000,0
124,73,171,776,standard,DE,10000,0
9178,62,58,657,premium,ES,50000,0
7620,44,69,386,standard,MA,5000,1
6257,43,28,807,pro,FR,5000,0
5782,69,29,778,standard,FR,20000,1
10162,55,179,637,premium,ES,10000,0
11698,66,145,597,standard,FR,10000,0
12198,50,135,518,standard,FR,20000,2
8381,70,164,472,premium,FR,20000,0
4945,22,227,760,standard,ES,10000,1
11621,42,226,489,standard,MA,20000,0
3605,42,111,731,standard,FR,20000,1
13128,46,91,818,standard,DE,5000,0
13318,63,108,304,premium,FR,10000,0
3723,47,204,550,pro,MA,10000,0
13885,43,6,499,standard,DE,10000,0
10124,33,130,544,standard,MA,10000,0
11359,41,68,617,premium,MA,5000,0
14840,33,60,587,standard,FR,5000,0
12464,18,220,603,standard,FR,5000,0
2380,27,77,300,standard,DE,10000,1
1362,61,18,353,pro,MA,5000,1
2183,63,223,619,standard,MA,10000,2
725,35,101,389,pro,MA,5000,0
5743,19,167,361,standard,FR,20000,0
6065,44,203,353,standard,MA,10000,0
4571,19,50,803,standard,MA,50000,0
12468,18,183,803,standard,MA,10000,2
1567,27,216,489,premium,MA,5000,0
11636,34,94,767,pro,FR,10000,2
7878,43,228,807,standard,MA,20000,0
12598,73,163,308,premium,ES,20000,0
4069,28,121,449,pro,MA,10000,1
4413,25,183,305,standard,MA,5000,2
9746,59,204,402,standard,ES,10000,1
3347,29,174,571,standard,DE,20000,0
3008,62,13,753,standard,MA,5000,1
10680,29,179,382,premium,FR,20000,0
10083,63,197,580,pro,MA,10000,1
4596,23,218,425,premium,MA,5000,1
12279,27,235,639,premium,MA,20000,2
13106,72,132,564,standard,MA,10000,0
13359,35,205,630,standard,MA,20000,0
5761,32,138,395,standard,FR,20000,2
4445,35,118,831,standard,MA,20000,1
12520,61,210,755,premium,FR,10000,0
4529,56,199,374,standard,MA,5000,0
870,69,121,387,pro,ES,5000,1
14839,22,14,552,standard,MA,5000,2
1962,26,53,478,standard,MA,5000,2
1261,18,161,534,standard,MA,5000,0
11768,43,97,618,pro,MA,20000,0
2656,19,208,803,premium,GB,5000,3
12374,38,194,401,premium,FR,10000,0
13148,25,58,537,standard,MA,10000,0
4836,56,10,669,pro,MA,5000,0
9241,50,179,766,premium,MA,20000,1
2630,21,227,754,standard,MA,5000,0
14964,25,52,629,standard,FR,10000,1
679,71,202,432,standard,MA,20000,0
3956,45,7,305,standard,FR,10000,1
6024,66,101,314,standard,MA,10000,0
2164,74,100,617,premium,GB,5000,0
12562,60,81,544,standard,MA,10000,0
7226,50,110,750,standard,DE,5000,1
10542,67,174,603,premium,FR,5000,0
13333,42,64,375,premium,DE,10000,0
10144,69,208,373,standard,MA,50000,1
3345,65,74,723,standard,MA,10000,2
1921,51,223,458,standard,FR,10000,0
13014,62,120,747,standard,MA,5000,0
7353,34,229,657,standard,MA,50000,0
1223,49,59,764,standard,MA,20000,0
5971,43,110,465,standard,MA,20000,1
9508,47,141,732,standard,ES,5000,0
11245,73,48,381,standard,MA,20000,1
2483,74,8,536,premium,MA,10000,0
10588,44,152,372,pro,MA,5000,0
9560,23,236,583,standard,FR,50000,0
12683,44,61,438,pro,MA,5000,0
10775,57,236,824,premium,FR,10000,0
2401,30,195,453,standard,MA,10000,1
14801,73,210,598,pro,MA,5000,2
7819,35,133,436,pro,MA,5000,0
14014,51,115,633,premium,MA,10000,2
4829,51,161,571,premium,MA,5000,0
12921,22,43,492,standard,MA,5000,0
379,57,104,846,standard,MA,5000,0
9094,66,81,743,premium,ES,5000,0
4278,57,43,570,standard,MA,5000,0
12373,58,212,543,standard,GB,5000,0
6253,69,80,743,premium,FR,10000,0
6408,49,103,387,standard,FR,5000,0
13332,27,199,769,pro,MA,10000,1
4892,63,47,500,pro,MA,10000,0
7189,72,200,794,standard,MA,5000,1
14330,71,190,513,standard,MA,5000,1
8072,43,233,845,standard,MA,5000,1
3057,24,208,641,premium,ES,10000,0
2947,72,64,807,pro,MA,5000,0
2522,57,171,608,premium,FR,20000,0
2898,46,207,698,standard,FR,20000,0
12418,35,58,305,standard,FR,10000,1
1610,24,113,662,standard,MA,10000,0
5689,60,2,585,premium,MA,10000,0
12191,32,61,600,pro,MA,5000,0
8599,18,169,414,standard,MA,10000,1
12516,63,139,684,standard,MA,10000,0
9374,42,187,570,premium,MA,5000,0
1394,20,32,752,standard,GB,5000,0
8485,65,42,760,standard,MA,10000,0
2574,64,192,721,standard,MA,5000,0
6048,33,65,376,pro,MA,20000,1
8512,30,205,657,premium,DE,20000,0
2703,67,178,318,premium,MA,5000,1
11714,66,198,386,standard,FR,5000,1
7527,68,134,448,standard,FR,10000,0
13628,66,49,641,premium,GB,50000,0
13831,26,6,610,premium,FR,10000,0
7495,61,219,837,premium,MA,5000,0
1089,57,89,830,standard,MA,5000,0
358,50,116,358,pro,MA,10000,0
14367,47,95,495,premium,MA,5000,0
4303,19,13,774,pro,MA,5000,0
633,64,152,385,standard,ES,20000,1
12425,47,21,344,standard,MA,50000,0
4880,67,167,469,standard,ES,10000,1
2977,57,233,675,standard,GB,10000,1
547,66,208,822,pro,MA,5000,0
10018,35,199,833,standard,GB,20000,0
8227,69,50,615,standard,GB,5000,0
463,26,38,802,standard,MA,20000,0
8811,18,169,586,premium,MA,10000,1
13504,41,112,764,standard,FR,50000,0
3756,55,221,595,premium,GB,5000,0
7084,72,130,342,standard,MA,5000,0
9138,34,214,669,standard,MA,5000,0
7265,42,57,617,standard,ES,5000,0
10697,50,135,402,standard,MA,10000,1
14664,74,6,476,premium,MA,10000,0
11538,30,238,756,standard,FR,10000,0
13064,55,97,541,premium,ES,20000,0
1311,24,162,377,pro,MA,10000,0
3952,39,113,618,pro,MA,5000,0
4630,56,46,765,standard,FR,20000,0
9536,47,149,381,standard,MA,5000,0
7893,68,122,746,standard,FR,20000,0
3070,51,216,822,standard,DE,10000,0
4900,32,135,648,standard,MA,20000,0
10999,57,201,689,standard,MA,10000,0
1971,72,133,654,standard,MA,10000,0
2807,22,125,350,standard,MA,20000,0
10622,36,162,698,standard,FR,10000,0
6128,27,127,760,pro,MA,50000,1
7082,68,115,571,standard,DE,5000,0
1082,24,170,754,standard,FR,10000,0
234,39,181,361,standard,MA,10000,0
10142,70,161,523,standard,FR,5000,0
13013,31,138,788,standard,FR,5000,0
2677,41,34,848,standard,MA,5000,1
8007,60,166,558,premium,MA,10000,0
3896,74,70,767,standard,MA,5000,0
14231,74,133,807,standard,MA,20000,0
9967,34,106,457,standard,MA,20000,0
12798,30,93,557,premium,FR,10000,0
3163,41,115,826,premium,MA,10000,0
11852,51,154,666,standard,MA,10000,1
9677,72,207,519,premium,FR,10000,0
13143,44,213,742,standard,MA,10000,0
13171,21,210,314,standard,ES,20000,0
10278,39,40,465,standard,GB,10000,1
13735,52,71,664,premium,FR,5000,0
6099,26,104,647,standard,FR,5000,1
2000,24,87,581,pro,MA,20000,1
5490,62,14,354,standard,DE,20000,0
5092,37,60,630,standard,ES,20000,0
5337,27,89,316,standard,ES,5000,0
13298,53,221,793,standard,MA,5000,2
8293,19,166,791,premium,MA,10000,0
11257,34,122,592,premium,FR,20000,0
936,45,145,425,premium,FR,5000,0
5491,49,189,330,premium,MA,10000,0
10916,70,227,339,premium,GB,5000,0
12714,33,195,720,standard,DE,10000,0
9136,66,166,472,standard,MA,5000,1
10813,19,7,608,standard,MA,5000,0
13624,34,101,707,standard,MA,20000,0
8432,32,165,644,pro,MA,10000,1
8326,63,195,769,standard,MA,5000,0
11365,41,197,502,standard,MA,5000,0
2921,40,40,831,pro,MA,10000,0
5767,67,167,304,standard,MA,10000,0
3500,68,133,470,standard,DE,5000,0
13583,63,30,610,premium,MA,20000,0
2924,20,50,639,premium,MA,10000,0
6650,39,82,504,standard,MA,5000,0
7700,32,100,426,standard,MA,20000,0
10363,35,167,403,pro,DE,5000,1
1936,26,168,794,standard,MA,20000,0
14896,67,113,689,standard,MA,5000,0
2482,54,47,836,standard,ES,20000,0
8456,44,80,366,premium,MA,5000,0
14908,25,224,356,standard,MA,20000,0
7135,72,112,559,standard,MA,5000,0
3984,47,167,438,standard,MA,10000,0
5823,31,143,469,premium,MA,5000,0
10241,19,118,395,premium,MA,10000,0
959,41,29,647,standard,ES,5000,0
7301,66,89,600,pro,MA,5000,0
14632,40,33,472,pro,FR,20000,0
12606,38,35,663,pro,GB,5000,2
23,67,130,704,premium,MA,5000,0
7638,62,52,417,standard,MA,5000,0
12158,27,131,681,standard,MA,20000,0
12322,45,179,641,pro,ES,10000,1
1784,18,147,661,standard,GB,5000,1
14550,29,209,715,standard,FR,10000,0
12999,48,68,822,standard,ES,5000,0
10483,43,142,357,standard,FR,5000,0
11704,72,78,678,premium,DE,20000,0
12479,49,10,360,standard,MA,50000,0
5921,42,146,445,premium,DE,20000,0
3415,19,18,625,pro,FR,5000,0
10171,51,225,847,standard,FR,10000,0
10788,38,124,712,standard,ES,5000,1
6821,30,82,740,standard,MA,5000,0
6242,58,45,412,premium,MA,5000,0
949,22,53,395,premium,ES,5000,0
8125,21,238,518,premium,FR,5000,0
7207,52,99,755,standard,FR,20000,0
7711,23,155,839,standard,MA,10000,0
9509,27,129,438,standard,MA,10000,0
8759,70,184,541,standard,MA,10000,0
6819,25,217,718,standard,ES,10000,0
4213,27,152,785,standard,ES,5000,0
13277,57,117,765,standard,MA,5000,1
11233,43,121,785,standard,MA,50000,0
1960,60,186,553,standard,MA,5000,1
10432,59,67,732,standard,MA,10000,0
12371,64,143,602,standard,MA,10000,0
10949,28,105,698,standard,DE,10000,0
12162,47,61,753,premium,ES,5000,0
7227,36,81,790,standard,MA,20000,1
6318,49,161,655,standard,FR,5000,0
4050,35,57,766,premium,DE,10000,0
4006,67,238,777,pro,MA,10000,0
545,68,143,349,standard,FR,5000,1
3901,20,115,786,standard,MA,10000,0
13360,45,36,683,premium,MA,10000,0
11464,27,25,597,premium,MA,10000,1
8634,42,161,393,pro,FR,5000,0
11981,22,227,342,pro,GB,5000,1
7805,74,127,670,premium,MA,20000,1
11837,54,70,497,standard,MA,20000,1
10794,53,94,745,standard,MA,10000,1
5616,50,227,354,standard,ES,5000,1
2138,58,97,489,standard,DE,5000,0
5453,54,106,361,standard,MA,10000,2
9966,25,4,744,standard,FR,5000,0
13361,61,147,603,pro,MA,5000,0
12442,52,216,563,standard,MA,10000,0
11725,56,162,391,standard,MA,10000,0
4716,29,118,345,premium,MA,10000,1
11581,23,72,716,standard,MA,10000,0
5957,65,96,613,standard,FR,5000,0
7044,44,125,372,standard,ES,10000,1
1461,65,150,664,standard,MA,5000,0
7602,33,15,531,standard,MA,20000,0
4349,46,196,838,standard,MA,5000,0
4103,34,58,481,standard,MA,10000,0
1957,58,111,440,standard,MA,50000,0
4838,48,15,370,premium,FR,5000,0
6733,18,40,632,standard,MA,20000,0
3463,35,104,612,premium,GB,5000,0
9619,66,221,722,standard,GB,20000,0
1100,70,162,341,standard,MA,5000,0
3049,38,175,725,premium,MA,5000,1
9762,36,148,671,premium,FR,5000,0
14106,51,110,789,standard,ES,20000,1
12407,24,113,495,standard,MA,5000,0
7010,48,152,487,standard,ES,5000,0
12092,19,179,460,premium,MA,10000,0
2212,55,72,522,pro,MA,5000,0
11613,48,60,479,premium,MA,5000,1
7659,55,128,608,standard,MA,5000,0
887,40,202,435,standard,MA,5000,0
10354,21,125,329,pro,ES,10000,0
462,41,19,418,standard,MA,5000,0
12703,34,190,652,standard,MA,20000,0
13386,43,130,839,premium,MA,5000,0
7057,25,171,653,standard,MA,10000,0
9454,33,42,572,standard,MA,50000,0
8850,22,91,805,standard,MA,5000,0
3148,52,111,677,pro,FR,5000,0
12757,25,148,463,premium,DE,10000,0
713,38,94,707,standard,MA,20000,0
11333,40,232,344,standard,MA,5000,0
1139,46,237,837,premium,MA,10000,0
11208,38,35,685,pro,FR,50000,0
4532,22,206,753,standard,ES,10000,0
4830,65,186,422,premium,DE,10000,1
2139,33,85,549,standard,MA,5000,0
1073,58,145,487,premium,MA,10000,0
5320,49,151,420,premium,MA,5000,1
14570,74,185,395,premium,MA,20000,1
10252,37,75,746,standard,MA,5000,2
1707,38,74,431,premium,MA,10000,1
5259,55,237,476,standard,MA,20000,2
6975,42,200,429,standard,MA,20000,0
2172,62,16,704,premium,MA,10000,0
8340,65,223,351,standard,ES,5000,0
12675,42,131,677,standard,MA,5000,1
12713,38,70,614,standard,FR,5000,1
8675,62,129,696,premium,MA,20000,0
4732,25,222,683,standard,GB,5000,0
5568,29,212,832,standard,DE,20000,0
3527,34,235,351,premium,MA,10000,1
9266,62,124,849,standard,MA,10000,0
1204,27,100,560,standard,DE,20000,0
14318,63,66,556,standard,GB,5000,2
12181,63,40,320,pro,MA,10000,0
14973,59,235,667,standard,MA,5000,1
309,36,233,442,standard,MA,50000,0
6716,29,117,588,pro,FR,50000,0
11368,39,2,433,standard,MA,20000,0
7193,37,46,528,pro,FR,50000,0
5203,68,52,498,standard,MA,20000,1
4072,47,203,381,standard,DE,5000,0
11562,56,50,501,premium,ES,20000,0
2840,47,228,354,standard,MA,10000,0
1055,58,31,332,standard,MA,5000,0
6687,22,110,321,premium,MA,10000,0
5388,49,3,536,premium,MA,5000,0
8582,43,128,324,standard,MA,20000,0
5563,60,113,321,premium,MA,10000,0
3434,26,146,519,pro,MA,5000,0
256,69,185,491,standard,MA,5000,0
10071,48,22,430,premium,ES,10000,0
13349,21,132,620,standard,FR,20000,0
2333,45,13,622,standard,DE,5000,0
5595,54,232,552,standard,ES,20000,1
14486,26,35,821,standard,FR,5000,1
3084,31,60,421,standard,FR,20000,0
931,27,33,431,standard,MA,10000,0
8993,32,197,355,premium,DE,50000,0
7574,48,227,717,premium,MA,10000,0
5685,23,119,745,standard,DE,5000,0
1008,26,224,376,standard,MA,20000,0
10119,68,153,640,standard,GB,50000,1
110,74,149,520,standard,MA,10000,0
5297,73,47,780,premium,ES,5000,1
9761,50,7,507,standard,GB,5000,0
8344,30,16,792,standard,MA,5000,0
2423,44,191,344,premium,ES,10000,0
8012,50,201,756,standard,FR,5000,0
4051,59,192,544,standard,ES,5000,0
6175,60,115,411,standard,MA,5000,0
13275,33,234,746,pro,DE,5000,2
7922,20,216,465,standard,MA,5000,0
3043,58,97,574,standard,MA,5000,0
2710,35,91,570,standard,MA,20000,0
8377,34,76,443,premium,GB,5000,0
626,61,55,811,pro,MA,10000,0
2717,33,100,765,standard,MA,20000,1
5126,41,56,786,standard,DE,5000,0
13812,19,106,404,standard,MA,5000,0
267,35,157,516,premium,MA,20000,0
2265,26,157,422,premium,MA,50000,0
9779,44,231,614,standard,MA,10000,0
9341,29,108,559,premium,MA,10000,0
11199,25,136,750,premium,DE,20000,0
12114,37,222,649,standard,FR,5000,0
7357,18,28,417,standard,MA,10000,0
2466,59,102,711,premium,MA,20000,0
3195,43,218,374,standard,MA,20000,1
13089,38,232,669,premium,MA,10000,0
5909,40,108,426,pro,MA,5000,0
8734,47,236,520,standard,FR,20000,0
3346,62,211,534,standard,GB,5000,0
9897,59,74,611,premium,MA,20000,1
5354,35,141,346,standard,MA,5000,0
7428,19,94,345,pro,MA,20000,0
465,45,214,711,standard,MA,5000,0
9460,19,166,470,standard,FR,5000,0
4153,21,119,575,premium,MA,10000,0
10638,68,228,837,standard,MA,10000,0
10268,28,148,453,standard,MA,5000,0
3219,27,215,485,standard,FR,10000,0
1428,62,10,741,standard,DE,10000,0
9920,31,157,687,premium,MA,10000,0
4212,24,48,646,standard,FR,5000,0
6658,38,133,755,premium,ES,5000,0
14591,43,20,778,standard,ES,5000,1
2593,41,187,683,standard,MA,10000,1
3447,69,198,585,premium,FR,20000,0
11502,38,33,375,premium,MA,10000,2
7778,40,116,567,standard,MA,20000,0
11578,70,215,395,standard,ES,20000,0
1031,63,170,520,standard,GB,50000,0
1751,67,95,580,pro,FR,20000,0
12818,46,79,819,standard,ES,10000,2
5387,33,141,730,standard,MA,20000,0
6261,48,34,825,standard,MA,20000,0
11939,24,71,497,standard,MA,10000,0
7243,31,179,645,premium,MA,5000,0
9611,47,194,569,standard,ES,10000,0
14723,24,224,334,standard,MA,10000,0
1781,65,147,469,standard,MA,10000,0
14959,74,26,587,premium,MA,5000,0
12095,44,75,789,standard,MA,20000,0
14211,56,168,704,standard,DE,5000,0
9672,64,206,403,standard,MA,10000,0
2498,60,99,537,standard,MA,20000,1
688,74,191,603,pro,ES,5000,1
13585,56,44,327,standard,MA,5000,0
5061,30,196,771,premium,MA,20000,0
8534,18,199,811,standard,MA,5000,0
953,36,36,814,standard,FR,5000,1
1977,57,163,459,standard,FR,5000,0
10469,42,175,349,standard,ES,10000,0
4659,47,178,803,standard,MA,10000,0
1913,63,8,486,standard,FR,20000,1
1516,49,11,488,premium,MA,20000,1
12400,73,140,753,premium,ES,5000,0
8231,52,161,528,standard,GB,5000,0
10077,54,220,415,premium,FR,10000,2
2926,34,58,351,standard,DE,20000,1
3759,24,78,614,standard,MA,10000,3
1438,74,113,411,premium,MA,10000,0
7017,24,116,684,premium,MA,5000,0
1652,63,89,522,premium,MA,50000,1
13646,70,194,323,premium,ES,20000,0
905,25,177,436,standard,FR,20000,0
3783,44,15,749,standard,MA,10000,2
3417,31,209,477,standard,MA,10000,1
2860,65,93,764,standard,MA,5000,2
8367,49,37,520,premium,DE,50000,1
14649,61,141,727,premium,MA,10000,0
12446,45,193,757,standard,MA,10000,0
12423,32,234,578,standard,MA,5000,1
3589,69,204,836,premium,MA,5000,1
3819,31,103,737,standard,DE,5000,0
14414,57,154,812,premium,ES,10000,0
13313,42,170,578,standard,ES,5000,0
12953,69,221,791,premium,MA,5000,1
6857,64,162,577,standard,FR,5000,1
5916,72,137,399,standard,FR,10000,0
5253,32,173,695,premium,ES,20000,0
12934,72,165,696,premium,MA,10000,0
3455,20,8,566,premium,GB,20000,0
10159,61,135,849,premium,MA,20000,1
4117,61,66,805,standard,MA,20000,0
10487,71,112,559,standard,FR,5000,0
14683,43,154,593,standard,FR,10000,0
7185,41,156,800,standard,ES,10000,0
12,64,3,331,premium,MA,5000,0
2964,19,65,656,standard,GB,5000,0
1821,22,215,680,pro,DE,5000,0
14009,59,169,585,standard,GB,5000,0
8893,60,104,809,premium,FR,10000,0
299,50,95,578,premium,MA,10000,0
8494,33,7,392,standard,MA,20000,0
4340,19,48,688,premium,MA,5000,0
1178,48,155,471,standard,MA,50000,1
9858,44,206,447,standard,FR,10000,0
14658,45,4,645,premium,MA,20000,0
4305,54,140,691,standard,MA,10000,0
13033,71,204,662,standard,FR,5000,0
676,27,88,755,premium,ES,10000,0
3321,50,101,384,premium,FR,5000,1
12282,31,113,639,standard,MA,5000,0
13607,34,168,431,standard,FR,5000,0
10861,47,49,799,standard,MA,5000,0
3256,54,201,581,standard,MA,50000,0
8428,60,16,590,standard,FR,50000,0
2017,52,211,513,standard,MA,10000,0
4379,66,115,568,standard,MA,5000,0
5903,32,70,536,pro,FR,10000,0
4156,21,114,656,standard,DE,10000,1
8991,55,191,469,pro,FR,10000,1
1389,49,98,594,premium,FR,5000,0
353,59,112,408,premium,MA,20000,0
10272,30,186,654,premium,FR,20000,0
13150,22,101,427,premium,DE,5000,0
6260,37,148,786,standard,DE,5000,0
11657,21,88,831,standard,GB,10000,1
4632,26,127,532,standard,MA,10000,0
6060,71,179,590,standard,MA,20000,0
4578,69,228,391,standard,MA,10000,0
6682,66,153,331,premium,MA,10000,0
5057,59,223,351,standard,MA,5000,1
11273,33,211,841,standard,MA,5000,1
14933,40,118,341,premium,ES,50000,0
2680,36,176,346,premium,MA,20000,0
13412,66,43,477,standard,FR,20000,0
8462,31,237,348,standard,MA,5000,0
13040,69,169,549,pro,FR,20000,0
10240,74,131,629,standard,MA,10000,0
5592,67,100,716,premium,FR,20000,0
13972,70,178,554,premium,FR,10000,0
12663,34,93,395,premium,MA,10000,0
2383,18,212,347,premium,MA,20000,2
8601,23,213,484,standard,MA,10000,1
11911,73,138,808,standard,FR,5000,1
2199,37,205,450,premium,MA,10000,0
10964,54,138,746,premium,MA,50000,0
7126,25,84,667,pro,FR,5000,0
6352,67,33,684,premium,MA,5000,0
9184,21,97,555,premium,FR,5000,0
12834,31,196,699,premium,MA,10000,0
4343,47,9,410,pro,MA,5000,0
7208,23,238,479,premium,FR,5000,2
6759,33,215,699,standard,MA,5000,0
1382,37,48,402,standard,MA,5000,0
3561,43,178,362,standard,FR,10000,2
2228,72,221,722,premium,FR,10000,0
10822,36,175,839,pro,FR,5000,0
1667,60,110,802,premium,MA,10000,0
9593,70,85,582,standard,ES,20000,1
12015,51,84,400,standard,MA,10000,0
5028,22,222,568,standard,MA,5000,0
14729,34,96,623,standard,MA,5000,0
4884,31,102,646,pro,FR,5000,0
11812,53,73,625,standard,MA,20000,0
14476,40,187,558,standard,ES,5000,0
8291,36,219,819,standard,MA,5000,0
12974,70,128,673,standard,FR,5000,0
9577,29,66,822,standard,FR,5000,0
8302,39,175,728,standard,GB,10000,0
12547,45,14,627,standard,ES,20000,0
9334,21,121,726,premium,ES,10000,1
4332,32,27,384,standard,MA,10000,0
8639,65,3,431,premium,MA,20000,0
11362,67,70,409,premium,MA,5000,0
10776,31,145,452,standard,MA,5000,2
1918,45,170,813,pro,MA,10000,0
5362,56,3,766,standard,ES,5000,0
5805,56,71,320,standard,ES,5000,0
7928,22,148,684,premium,GB,20000,1
2304,65,7,593,premium,MA,10000,1
6777,42,196,364,standard,MA,10000,0
7016,18,151,629,standard,MA,5000,0
7989,40,29,352,standard,ES,5000,0
9172,69,238,523,standard,MA,5000,0
9345,18,129,654,premium,MA,20000,0
13560,59,24,434,premium,FR,5000,0
82,40,170,736,premium,MA,20000,1
9494,57,101,386,premium,ES,5000,0
7008,37,49,828,standard,DE,5000,0
3450,29,69,302,standard,MA,5000,0
7267,42,198,557,premium,ES,5000,1
13987,73,22,553,standard,FR,20000,1
4440,24,189,570,pro,GB,10000,0
4118,53,8,372,pro,FR,20000,0
2319,29,10,845,premium,ES,5000,0
2987,42,46,619,standard,MA,10000,1
6023,23,150,804,standard,FR,20000,0
11797,33,118,833,premium,FR,5000,0
10895,20,222,486,standard,MA,10000,0
8270,21,145,617,standard,MA,20000,1
13866,52,87,615,standard,MA,50000,0
13358,35,186,342,standard,FR,20000,0
11219,73,74,376,standard,MA,50000,0
3100,40,104,425,standard,FR,10000,0
9339,31,209,772,standard,MA,5000,0
6503,74,115,663,standard,FR,10000,0
10331,28,88,520,standard,FR,50000,0
12448,57,160,554,standard,FR,10000,2
7530,30,98,328,premium,MA,10000,1
11848,50,130,480,premium,ES,5000,0
1757,29,177,680,standard,ES,5000,0
2284,73,10,829,standard,MA,5000,1
11533,23,174,401,standard,MA,10000,0
6453,23,200,496,standard,MA,5000,1
14935,55,214,340,premium,MA,5000,2
14578,38,233,385,standard,FR,5000,0
9927,65,169,527,pro,MA,5000,1
1390,69,51,811,standard,MA,5000,0
7467,51,87,664,premium,MA,10000,0
654,73,117,343,premium,MA,10000,0
4131,35,12,642,premium,ES,10000,0
14651,51,100,845,standard,MA,5000,1
11980,58,70,555,standard,ES,5000,0
14404,50,130,554,premium,FR,10000,0
5908,27,89,315,standard,FR,10000,0
4185,45,109,702,premium,MA,10000,0
11024,61,131,764,standard,FR,50000,1
11383,53,221,751,standard,MA,5000,0
4802,39,6,470,standard,MA,20000,1
5100,69,95,720,premium,MA,20000,1
14534,60,185,707,standard,MA,5000,0
2119,65,168,508,premium,FR,10000,1
11250,18,225,318,pro,FR,5000,0
13654,24,105,563,standard,MA,10000,0
3534,36,144,813,standard,MA,10000,0
2960,62,32,573,standard,MA,5000,0
5188,26,68,537,standard,DE,10000,0
9678,24,75,394,standard,MA,10000,0
12475,74,106,602,standard,MA,50000,0
9131,60,94,381,standard,MA,5000,0
13179,21,192,784,premium,FR,50000,0
6104,58,32,533,standard,ES,10000,1
2548,62,3,677,standard,MA,5000,2
8521,40,103,581,standard,MA,10000,0
751,23,140,636,standard,MA,10000,0
3516,63,144,325,premium,FR,5000,1
2569,35,155,419,standard,MA,20000,1
3652,70,133,343,premium,MA,10000,1
307,37,130,352,pro,DE,20000,1
8595,45,15,503,standard,FR,5000,0
9142,57,35,465,premium,MA,10000,1
3332,24,64,316,pro,MA,20000,1
3653,55,39,626,standard,MA,10000,0
2354,39,66,694,standard,MA,5000,0
2708,50,114,617,premium,MA,5000,1
11003,20,188,550,premium,FR,10000,0
7976,66,178,606,premium,FR,5000,0
9202,39,103,657,standard,MA,50000,1
7632,73,56,502,standard,MA,5000,1
13677,71,111,815,standard,DE,10000,0
10936,23,7,809,standard,FR,5000,0
13642,62,125,578,premium,FR,5000,0
3558,50,48,479,pro,MA,20000,0
3691,50,197,740,standard,MA,5000,0
5758,40,224,455,premium,GB,10000,0
796,23,4,540,standard,ES,10000,0
6638,20,89,653,standard,MA,20000,1
7875,67,117,506,premium,MA,5000,0
6025,28,131,608,premium,DE,50000,0
3621,74,6,582,premium,DE,5000,0
10450,57,190,319,standard,FR,5000,1
664,65,233,394,standard,DE,10000,0
2591,45,166,735,premium,MA,50000,0
5880,18,115,306,standard,MA,5000,0
2551,70,212,474,standard,DE,5000,0
14090,28,25,479,standard,ES,5000,0
12090,68,225,684,standard,FR,20000,0
4250,45,182,601,pro,MA,50000,0
7002,33,184,737,standard,MA,10000,0
13719,65,31,759,premium,FR,10000,1
8299,20,114,799,standard,ES,5000,0
10378,69,187,656,premium,MA,10000,0
11623,34,14,405,pro,MA,5000,0
8617,48,219,602,premium,MA,5000,0
9039,53,185,786,standard,MA,10000,0
2795,74,102,376,standard,ES,5000,0
9056,63,97,722,standard,FR,5000,0
12550,53,76,506,standard,FR,5000,0
12036,19,98,732,standard,MA,20000,0
4755,33,238,314,pro,MA,20000,1
7070,61,50,778,standard,MA,5000,1
10833,24,182,514,standard,MA,10000,0
382,73,187,642,premium,MA,5000,0
3776,48,219,349,standard,FR,20000,2
6584,25,165,443,standard,ES,20000,0
9913,72,56,528,pro,FR,20000,0
6745,56,115,538,premium,MA,5000,0
2604,18,93,793,premium,DE,5000,1
511,34,176,803,standard,MA,5000,0
13022,53,53,494,standard,MA,20000,0
2481,56,36,308,standard,GB,5000,0
14991,68,132,768,premium,ES,20000,0
390,28,47,675,standard,MA,5000,0
7493,65,60,597,standard,MA,5000,0
12936,71,6,722,pro,ES,10000,1
839,50,209,577,standard,FR,50000,1
13732,68,48,469,standard,MA,5000,0
9188,46,237,324,standard,FR,20000,0
6893,32,50,395,standard,MA,20000,1
14098,26,94,834,standard,MA,10000,0
1257,32,67,841,standard,MA,10000,0
10454,74,143,750,pro,MA,5000,0
1529,34,15,603,standard,MA,10000,0
505,30,212,441,standard,MA,5000,0
6601,36,49,322,premium,FR,10000,0
603,41,115,812,standard,DE,20000,0
10925,45,239,807,premium,MA,5000,1
10691,28,165,763,premium,MA,10000,0
8298,28,145,729,premium,FR,10000,0
11405,26,170,729,standard,MA,20000,0
5870,47,66,619,premium,MA,5000,0
13141,62,145,704,standard,MA,5000,1
4704,18,32,523,standard,ES,10000,0
5682,70,24,790,pro,DE,10000,0
11016,32,59,539,premium,MA,50000,2
7209,42,23,602,standard,FR,5000,0
8198,45,151,429,standard,MA,5000,0
3220,27,116,824,standard,MA,50000,1
13139,25,106,737,premium,MA,5000,1
690,22,163,444,standard,DE,10000,0
11463,60,123,849,pro,ES,5000,0
10920,31,42,369,premium,MA,5000,0
3774,44,127,511,premium,FR,10000,1
4825,31,196,330,standard,MA,10000,1
6771,48,216,310,premium,ES,5000,0
48,40,105,329,standard,ES,10000,0
8149,50,154,529,standard,MA,5000,0
1599,45,41,790,standard,MA,10000,1
3858,48,219,788,standard,FR,10000,0
8679,68,170,486,standard,FR,20000,2
5519,67,141,652,premium,FR,10000,2
14814,52,213,753,standard,MA,5000,0
11902,67,128,665,standard,MA,5000,0
1927,26,97,413,standard,MA,5000,1
8843,28,174,439,standard,MA,5000,0
10984,49,14,436,standard,ES,10000,0
1330,41,165,815,standard,ES,10000,0
9696,29,150,640,standard,MA,10000,0
2773,41,233,522,premium,MA,10000,2
7391,56,142,642,premium,FR,10000,0
2074,44,71,733,standard,FR,5000,0
12909,52,166,364,standard,FR,5000,1
7390,67,237,520,premium,ES,5000,0
292,38,46,465,standard,MA,10000,0
4546,64,170,634,standard,MA,20000,0
3274,43,16,382,standard,MA,5000,0
3612,20,96,626,premium,FR,10000,0
4759,28,114,376,pro,MA,20000,0
7471,44,128,456,standard,MA,5000,0
6203,69,164,341,standard,MA,10000,0
6585,54,186,515,standard,FR,10000,0
1992,67,116,614,pro,MA,10000,0
11946,46,176,389,standard,MA,5000,0
9110,29,161,810,premium,DE,5000,0
4076,27,235,334,standard,FR,10000,0
2775,38,198,631,standard,MA,20000,1
3793,54,89,737,standard,FR,20000,0
9535,56,192,373,standard,ES,20000,0
3802,40,110,415,standard,FR,10000,0
9520,63,99,762,premium,DE,10000,0
1097,56,13,411,standard,MA,5000,0
8663,31,228,448,standard,MA,5000,0
1074,33,78,550,premium,MA,5000,0
13164,61,227,553,premium,ES,20000,1
14026,55,115,332,premium,MA,5000,0
1877,20,86,304,standard,MA,20000,0
7475,70,82,495,standard,DE,10000,0
4204,54,142,594,standard,MA,5000,1
7842,48,9,514,premium,MA,20000,0
6629,32,159,535,standard,FR,5000,0
493,27,2,641,premium,MA,5000,0
10170,29,165,753,standard,GB,20000,0
14717,44,71,690,pro,FR,20000,2
2791,24,105,507,standard,FR,5000,0
4957,72,190,595,standard,MA,5000,0
1480,36,154,489,premium,MA,5000,1
9899,27,188,713,premium,MA,20000,0
2911,47,108,305,pro,FR,5000,1
1332,38,189,793,standard,GB,10000,0
2335,72,52,785,standard,MA,5000,1
3940,48,112,792,standard,MA,10000,0
14154,68,49,672,premium,MA,5000,0
4969,52,34,459,premium,FR,10000,0
10945,70,189,708,premium,MA,5000,0
7847,44,236,373,standard,MA,5000,1
100,46,171,465,standard,MA,5000,0
821,67,206,526,standard,MA,5000,0
4145,68,141,622,premium,ES,10000,0
1375,54,169,560,premium,FR,50000,1
11358,18,31,330,standard,MA,10000,0
11827,53,39,430,standard,MA,20000,0
9618,25,30,544,pro,ES,10000,1
12458,51,29,780,standard,DE,10000,0
1899,23,167,759,standard,MA,20000,0
5485,29,220,648,premium,MA,20000,0
4510,72,113,815,premium,FR,5000,0
4992,64,95,601,premium,ES,10000,1
6277,32,14,610,standard,MA,10000,0
14430,48,100,706,standard,DE,5000,2
12750,54,49,458,standard,MA,5000,0
2884,26,111,648,standard,ES,5000,0
14698,31,215,749,standard,FR,5000,1
14608,19,78,478,standard,FR,5000,2
8119,57,195,636,pro,MA,10000,0
7088,36,105,425,standard,MA,20000,0
9187,37,26,543,pro,DE,10000,0
5329,59,181,522,premium,MA,5000,0
9017,38,31,765,standard,MA,10000,0
4164,37,44,395,premium,ES,5000,0
4400,54,153,719,premium,FR,10000,0
11619,40,19,363,standard,MA,10000,0
258,74,160,798,premium,MA,20000,0
1969,26,62,579,pro,FR,5000,1
5101,49,103,792,pro,ES,5000,0
50,34,18,350,standard,ES,10000,0
2979,73,214,555,premium,ES,5000,0
5784,28,177,690,premium,MA,5000,0
10873,72,191,712,premium,MA,10000,0
10982,18,46,509,premium,MA,5000,0
377,49,113,376,standard,FR,5000,2
10870,21,135,510,standard,MA,50000,0
5746,28,3,843,premium,MA,10000,1
11986,47,94,606,standard,MA,20000,0
14326,28,52,543,standard,MA,10000,1
13454,21,18,462,standard,MA,10000,0
3863,25,83,778,pro,MA,10000,0
11798,22,237,321,standard,MA,10000,0
13004,67,213,499,standard,MA,5000,0
11875,64,91,407,standard,MA,10000,0
8506,23,38,718,pro,MA,20000,0
1128,69,129,489,premium,GB,10000,1
8018,37,3,458,standard,MA,50000,0
13059,72,44,307,premium,MA,5000,1
1752,22,101,534,premium,ES,5000,0
3563,68,155,608,standard,MA,10000,0
4351,64,6,309,standard,MA,5000,1
5218,21,215,650,standard,MA,10000,0
9984,50,161,443,standard,MA,10000,0
3599,63,119,712,pro,FR,20000,0
4617,23,77,602,premium,MA,10000,0
5383,43,76,326,standard,MA,5000,0
3569,74,226,302,standard,GB,20000,1
14616,56,215,390,premium,ES,5000,0
2036,61,236,619,standard,MA,5000,1
7254,40,91,580,standard,ES,5000,1
12355,72,230,795,standard,MA,20000,0
6198,33,165,680,premium,MA,5000,0
6263,26,46,576,standard,MA,5000,1
13390,40,185,382,standard,ES,10000,0
69,47,159,741,premium,FR,50000,0
3886,56,76,692,premium,FR,10000,0
1029,19,38,514,standard,DE,10000,1
941,24,214,420,standard,ES,5000,0
6373,49,169,597,standard,MA,10000,0
14401,60,68,522,premium,MA,20000,1
12920,43,96,373,premium,GB,5000,0
14433,22,219,677,pro,FR,10000,0
5949,57,39,749,premium,FR,10000,0
11576,25,168,500,standard,FR,5000,0
12574,44,128,694,standard,ES,10000,0
2180,66,117,522,standard,MA,10000,0
7723,45,198,420,premium,FR,20000,0
10717,73,85,315,pro,MA,10000,1
8262,67,191,539,premium,MA,10000,0
5074,47,102,513,premium,MA,5000,0
3071,61,239,594,premium,DE,10000,1
6870,38,148,810,standard,MA,10000,0
7253,36,96,393,premium,FR,20000,0
4769,73,135,583,standard,MA,5000,0
3929,22,223,818,standard,MA,5000,0
7432,27,221,383,premium,FR,5000,1
10846,55,225,335,standard,MA,10000,0
1066,69,98,381,pro,MA,10000,1
5325,51,107,627,standard,MA,20000,0
1291,40,105,384,premium,FR,10000,0
3157,71,40,674,standard,MA,10000,1
8392,56,25,751,premium,ES,5000,0
10820,39,213,632,standard,FR,10000,0
38,50,117,799,premium,MA,5000,0
7946,49,57,620,standard,MA,20000,0
9402,55,197,305,standard,FR,10000,0
9682,69,73,487,pro,MA,10000,0
2782,39,69,558,standard,FR,5000,0
6676,49,106,343,standard,FR,20000,0
5511,20,35,406,standard,FR,5000,1
9981,49,62,456,standard,MA,5000,0
592,38,171,374,standard,FR,20000,1
2558,49,155,310,pro,MA,20000,0
5525,45,112,761,standard,MA,10000,0
12689,61,37,561,standard,DE,20000,0
4642,58,25,426,pro,FR,5000,0
401,39,22,325,premium,MA,10000,0
13231,44,235,513,standard,MA,50000,0
3277,74,129,766,standard,FR,10000,0
9124,66,187,528,standard,ES,20000,0
2597,20,114,731,premium,MA,10000,1
12863,19,195,758,standard,MA,5000,0
609,35,26,391,premium,ES,5000,1
8625,41,19,773,standard,FR,10000,1
11249,64,173,718,pro,MA,20000,0
8923,36,17,807,premium,MA,5000,0
9769,60,57,594,standard,FR,10000,1
10986,70,39,603,standard,MA,10000,0
2601,51,45,816,premium,GB,10000,1
397,31,99,453,standard,MA,10000,1
4191,41,6,411,premium,MA,10000,1
3705,69,157,397,standard,MA,50000,1
134,47,202,380,standard,MA,5000,0
8254,31,12,834,premium,FR,10000,1
7211,37,161,470,standard,FR,50000,0
7808,70,38,524,standard,MA,5000,0
8100,54,72,547,standard,FR,5000,1
10091,51,83,530,standard,ES,20000,0
10930,23,202,442,standard,MA,5000,0
6325,69,106,773,standard,MA,5000,0
3395,40,102,642,premium,FR,50000,1
8552,28,84,385,standard,MA,5000,0
7045,28,87,728,standard,MA,10000,0
9186,44,94,470,premium,FR,20000,0
6131,34,73,519,standard,MA,5000,0
1142,34,124,671,standard,MA,10000,1
6159,64,228,781,standard,MA,20000,0
12771,51,146,598,premium,MA,20000,1
5165,44,6,436,premium,FR,20000,0
3903,58,33,681,standard,DE,20000,0
12923,68,56,830,standard,MA,10000,0
8717,43,82,750,premium,ES,5000,0
9455,35,219,657,standard,ES,5000,0
8594,24,238,665,standard,MA,5000,0
2329,70,114,331,pro,MA,10000,0
54,28,69,510,standard,MA,10000,1
11635,38,47,786,pro,MA,10000,0
5493,32,202,552,standard,ES,10000,0
9934,45,79,515,standard,MA,10000,1
1994,65,33,646,standard,DE,10000,0
8682,54,14,356,standard,MA,10000,1
11894,25,160,331,premium,FR,5000,0
6851,51,188,637,premium,MA,20000,0
8222,45,125,538,premium,MA,5000,0
11214,62,149,816,standard,FR,10000,0
13828,36,34,583,pro,ES,10000,0
10560,18,121,558,standard,MA,10000,0
7132,68,134,353,standard,MA,5000,0
10396,32,158,411,premium,MA,5000,0
13117,24,143,484,standard,MA,20000,0
32,22,151,451,standard,MA,10000,0
10003,33,145,607,standard,MA,20000,0
9216,43,71,843,standard,MA,10000,0
7598,53,198,311,premium,FR,10000,0
1133,60,50,678,standard,MA,10000,0
6567,37,88,303,premium,MA,10000,0
9150,32,153,592,standard,FR,10000,0
231,69,90,312,pro,DE,5000,0
11203,66,77,414,standard,MA,5000,0
1482,44,42,610,standard,GB,10000,0
6129,51,148,399,premium,MA,20000,0
571,70,181,362,premium,FR,5000,1
13550,29,139,389,premium,ES,10000,0
9706,28,200,306,premium,ES,20000,1
10643,30,177,453,premium,MA,20000,0
653,66,226,702,premium,MA,10000,1
12395,57,208,575,standard,FR,20000,1
5795,59,64,339,standard,FR,20000,0
5629,57,131,452,premium,MA,5000,0
10221,32,56,385,standard,MA,5000,0
99,40,110,519,standard,MA,10000,0
4254,66,125,593,standard,GB,5000,0
13200,30,111,329,standard,MA,10000,0
10253,27,39,618,standard,MA,10000,0
12212,70,123,381,standard,MA,10000,0
14806,72,238,834,premium,MA,5000,0
1511,55,90,849,pro,DE,20000,0
14505,26,171,664,standard,MA,5000,0
1488,38,35,510,standard,MA,20000,0
14999,36,122,313,standard,MA,10000,0
8973,23,162,806,standard,ES,20000,1
1147,35,94,306,standard,FR,5000,0
11790,30,75,348,standard,MA,5000,0
10943,71,210,809,premium,MA,5000,0
10921,64,228,795,premium,MA,10000,1
3130,27,38,832,standard,GB,5000,0
1878,45,6,515,premium,ES,5000,0
8834,59,81,392,premium,ES,10000,0
9521,19,121,524,pro,MA,50000,0
3564,36,32,493,premium,MA,5000,1
14255,24,73,592,standard,MA,5000,0
7695,69,42,561,standard,MA,50000,1
3852,67,52,705,premium,MA,10000,0
12693,69,170,456,standard,GB,5000,0
3177,39,228,564,standard,ES,5000,0
13357,55,210,334,standard,ES,10000,0
12853,38,177,713,standard,MA,10000,0
8477,25,56,481,standard,FR,10000,1
13951,52,28,806,premium,MA,10000,1
13325,39,61,796,pro,MA,5000,0
7059,19,117,380,premium,MA,10000,0
5205,37,186,309,standard,FR,10000,0
13295,52,47,835,premium,ES,5000,0
4947,52,144,559,standard,FR,5000,1
349,34,152,711,standard,MA,20000,0
3304,62,187,618,premium,FR,20000,0
13875,30,27,460,standard,FR,5000,0
14274,41,86,746,standard,MA,20000,0
14000,63,220,396,pro,FR,5000,0
12670,28,162,759,premium,DE,10000,1
167,18,26,513,standard,MA,5000,0
6844,62,216,782,standard,FR,5000,0
2198,44,96,849,standard,ES,20000,0
8409,58,208,811,standard,MA,5000,0
14141,65,178,679,standard,MA,5000,0
12382,27,43,315,standard,FR,20000,2
11503,44,207,433,premium,ES,20000,0
10543,24,228,426,premium,MA,5000,0
2408,40,45,718,standard,MA,10000,0
11949,67,125,318,standard,FR,10000,1
5235,35,123,422,premium,MA,10000,0
10322,68,9,342,premium,MA,5000,0
5700,22,154,790,pro,ES,10000,0
2091,65,92,358,standard,FR,5000,0
5740,58,140,367,premium,ES,5000,0
685,33,90,565,standard,MA,10000,0
12841,70,131,605,standard,GB,5000,0
14008,51,216,845,pro,FR,10000,0
3717,68,193,775,standard,MA,5000,0
8531,22,26,793,standard,MA,50000,0
3721,26,214,694,standard,ES,10000,0
4961,72,141,598,standard,DE,5000,0
6217,51,215,314,standard,MA,20000,0
3537,36,179,785,premium,MA,20000,0
13340,57,163,526,standard,FR,5000,0
3939,24,56,624,pro,GB,20000,2
4375,20,3,552,standard,FR,5000,2
6005,45,224,320,standard,FR,20000,0
8739,22,184,361,standard,MA,5000,0
1574,57,195,303,standard,MA,5000,0
11670,34,92,628,standard,DE,20000,1
5289,68,132,839,standard,MA,20000,1
13494,55,189,773,premium,MA,10000,0
14131,43,170,627,pro,MA,5000,0
14316,68,101,535,standard,FR,10000,2
8354,57,107,543,pro,FR,5000,0
9836,47,227,610,standard,MA,20000,0
4774,62,61,730,standard,MA,10000,0
13240,19,215,323,standard,FR,10000,1
2140,18,216,433,standard,MA,5000,0
1021,22,16,566,standard,FR,10000,0
1171,71,70,633,premium,ES,10000,1
12034,55,122,325,standard,MA,10000,0
3322,34,100,692,premium,MA,10000,0
1856,67,45,541,premium,MA,5000,0
14756,44,118,366,premium,MA,10000,2
2123,65,28,560,standard,ES,20000,0
4720,59,89,333,standard,FR,10000,0
8725,32,77,841,standard,FR,10000,0
684,30,28,623,premium,FR,5000,0
13611,68,160,477,pro,FR,5000,0
150,35,196,586,standard,MA,10000,0
5110,73,193,766,standard,MA,10000,0
12963,50,60,368,standard,MA,10000,0
5719,29,174,591,standard,ES,10000,0
5127,68,216,407,premium,MA,5000,0
10877,74,26,642,standard,MA,5000,1
8903,57,107,369,standard,MA,10000,0
427,50,36,568,pro,GB,5000,0
11855,26,224,780,premium,MA,5000,0
8706,38,35,586,standard,ES,10000,0
11339,50,73,814,standard,FR,50000,1
6491,39,198,606,pro,MA,5000,0
13543,28,203,393,standard,DE,5000,0
2504,45,122,540,premium,MA,10000,0
711,53,2,533,standard,FR,20000,2
10420,46,157,329,standard,MA,5000,0
2197,72,201,807,standard,FR,10000,0
6838,70,128,702,premium,FR,5000,1
13894,61,59,704,premium,MA,5000,0
260,31,69,421,pro,DE,20000,0
4137,51,8,474,premium,MA,10000,2
1324,65,166,399,standard,FR,50000,0
4800,45,43,461,standard,ES,20000,0
632,30,5,651,standard,MA,5000,0
6721,24,43,416,standard,MA,5000,0
7783,59,230,334,standard,DE,10000,0
13126,39,59,760,standard,GB,10000,0
7320,43,143,648,standard,FR,5000,0
14204,41,177,573,standard,MA,10000,1
2107,35,53,670,standard,DE,10000,0
13912,58,151,674,standard,DE,5000,0
5925,36,35,621,standard,MA,10000,0
3789,73,135,807,standard,GB,20000,1
13108,60,64,491,standard,FR,20000,0
11993,50,112,408,standard,ES,10000,0
11959,51,59,548,premium,MA,10000,0
2732,41,44,619,standard,DE,10000,0
735,35,31,451,standard,ES,20000,0
11606,33,199,731,standard,FR,10000,0
12017,29,238,569,premium,GB,10000,1
2709,48,70,697,standard,FR,5000,0
6876,41,231,833,standard,FR,5000,0
2453,18,113,678,premium,MA,5000,0
1989,41,109,665,standard,ES,10000,2
8360,58,165,782,premium,MA,20000,0
1037,30,32,750,standard,MA,10000,0
13266,40,93,736,standard,MA,10000,0
3116,39,47,475,premium,MA,20000,0
13716,42,207,324,standard,MA,20000,0
3452,58,165,586,premium,FR,5000,0
6343,44,188,719,premium,MA,20000,1
11189,57,142,812,pro,FR,10000,0
4371,68,41,656,standard,MA,5000,1
2751,20,142,605,premium,MA,50000,0
7606,27,55,477,premium,FR,10000,1
9006,32,64,552,premium,MA,20000,1
13943,70,126,551,standard,FR,5000,0
2774,31,36,442,standard,MA,5000,1
3312,38,169,452,standard,MA,5000,0
6752,46,108,690,standard,FR,10000,0
10865,54,199,671,standard,MA,20000,1
13273,31,62,829,pro,MA,5000,1
988,70,103,345,standard,MA,10000,0
301,57,166,504,premium,ES,20000,1
964,64,106,360,standard,MA,10000,0
8372,72,56,472,standard,DE,5000,0
13674,36,117,780,standard,ES,10000,0
5464,62,65,313,standard,ES,20000,1
14854,70,223,364,pro,MA,20000,0
14417,48,221,695,standard,DE,5000,1
12534,67,43,551,premium,MA,5000,1
3875,38,173,681,pro,MA,10000,0
1462,67,16,587,pro,MA,10000,1
14041,68,222,840,standard,DE,20000,0
4665,20,129,495,premium,MA,5000,1
4514,73,47,816,standard,MA,10000,1
10353,20,76,539,standard,MA,5000,0
12865,36,85,559,standard,MA,5000,2
12993,61,80,363,standard,DE,20000,0
14017,52,106,724,premium,FR,10000,0
8152,73,153,526,pro,MA,5000,0
6789,42,78,749,standard,MA,10000,0
8324,40,228,354,pro,DE,10000,0
4915,30,231,345,standard,MA,5000,1
2102,64,9,327,standard,ES,5000,0
13836,20,24,612,premium,DE,5000,0
10157,26,31,677,standard,MA,50000,1
12257,44,131,352,premium,MA,10000,0
13761,39,46,435,premium,DE,10000,0
14046,30,87,307,premium,MA,10000,1
558,73,232,704,standard,MA,10000,0
10031,30,239,337,premium,ES,10000,0
4714,38,136,613,standard,MA,10000,0
8251,59,90,435,standard,FR,5000,0
12824,70,178,560,standard,GB,5000,0
2776,21,96,325,standard,FR,5000,1
6803,73,164,317,standard,MA,20000,0
5041,64,236,464,standard,MA,5000,0
14272,55,6,517,standard,MA,20000,0
7596,66,176,598,standard,FR,10000,0
7932,68,116,783,standard,ES,20000,0
741,52,119,404,standard,FR,5000,0
5769,21,234,560,standard,GB,10000,0
739,23,102,577,standard,MA,5000,0
11565,27,116,620,standard,MA,5000,1
9320,56,215,359,standard,ES,5000,1
9926,27,25,301,standard,MA,5000,0
14157,73,236,384,standard,FR,10000,0
12629,18,76,435,standard,MA,10000,0
7571,66,130,723,standard,DE,5000,0
2622,50,173,730,pro,FR,10000,0
2937,45,225,817,standard,FR,10000,0
9610,52,4,321,premium,FR,20000,1
8443,24,66,497,standard,MA,20000,0
9963,27,208,629,pro,MA,20000,0
14557,24,75,715,standard,MA,5000,0
407,44,220,426,pro,MA,10000,0
8142,35,54,452,standard,MA,20000,0
4423,49,65,834,standard,DE,5000,0
8427,46,223,560,standard,ES,5000,1
8386,32,151,551,standard,MA,20000,0
9655,40,144,769,premium,DE,5000,0
14395,33,175,544,standard,MA,10000,0
11372,48,181,487,standard,MA,20000,2
3648,30,44,310,standard,MA,50000,0
7935,33,214,419,standard,FR,10000,1
12239,49,173,410,premium,MA,20000,1
7376,63,46,709,standard,MA,5000,0
5569,35,82,696,premium,MA,5000,1
11231,36,62,630,standard,FR,10000,0
8457,34,160,646,premium,MA,10000,0
5111,40,28,588,standard,MA,5000,0
343,51,172,626,standard,MA,20000,1
3171,59,72,316,premium,MA,50000,0
6914,65,188,849,standard,MA,10000,0
14677,55,74,666,pro,FR,10000,1
3358,54,163,498,standard,MA,5000,0
2289,53,102,755,standard,MA,50000,0
1510,70,59,368,premium,FR,5000,2
14456,59,36,662,standard,MA,5000,0
14256,22,116,400,standard,FR,5000,0
3712,24,207,486,standard,FR,10000,1
8698,44,127,715,standard,MA,10000,0
4831,53,48,437,standard,FR,20000,0
736,57,68,335,premium,MA,5000,0
3234,41,59,849,premium,MA,20000,1
4742,38,154,370,premium,FR,5000,1
1327,36,110,830,standard,FR,50000,0
11668,23,183,533,standard,FR,10000,1
3023,34,58,399,premium,MA,10000,1
13533,23,80,613,pro,MA,10000,0
12077,73,188,495,standard,MA,10000,0
10678,56,233,436,standard,MA,5000,0
5846,39,140,534,standard,MA,5000,0
13456,51,174,658,standard,FR,5000,0
12130,70,111,416,standard,FR,5000,1
3663,32,6,477,standard,ES,10000,0
5970,33,239,819,premium,MA,20000,1
12555,25,149,554,premium,FR,5000,0
8555,29,95,382,premium,MA,10000,0
14825,55,45,350,premium,MA,5000,0
11330,47,108,720,pro,MA,5000,1
11532,49,17,647,standard,FR,10000,1
14203,54,235,369,standard,MA,20000,1
11402,19,108,689,premium,FR,20000,1
1794,30,207,694,standard,MA,5000,0
13833,41,236,645,standard,FR,10000,0
5392,66,132,831,standard,ES,10000,0
11366,20,169,485,standard,MA,20000,0
1798,38,2,759,standard,FR,5000,0
12589,39,126,513,standard,FR,10000,0
7909,23,10,597,standard,MA,50000,1
19,20,220,570,premium,MA,10000,0
13175,49,42,594,standard,DE,10000,1
6727,41,131,680,pro,DE,10000,0
3812,74,57,674,standard,MA,10000,0
10932,26,132,362,premium,MA,20000,0
5419,56,178,828,standard,DE,10000,0
9705,35,166,384,pro,DE,5000,1
12248,26,164,620,standard,FR,10000,0
8606,59,22,426,standard,MA,10000,1
10806,64,42,414,standard,FR,5000,0
9780,43,48,585,standard,DE,5000,1
7379,66,24,770,standard,MA,5000,0
12539,29,125,825,standard,FR,5000,0
1637,31,151,678,standard,MA,5000,0
13625,20,222,325,premium,MA,10000,0
3730,39,169,420,standard,MA,5000,0
11198,61,144,513,premium,MA,5000,0
1154,31,150,712,pro,DE,10000,0
14741,57,5,431,standard,FR,20000,0
13114,58,194,666,standard,DE,20000,0
2039,59,8,840,standard,FR,10000,0
4084,68,165,638,premium,FR,10000,0
3334,28,1,309,premium,GB,5000,0
6776,49,193,388,standard,MA,20000,0
11159,56,11,337,premium,DE,5000,0
2357,22,191,351,standard,DE,10000,0
141,39,2,758,pro,MA,20000,0
4589,72,199,743,premium,MA,50000,0
4726,63,8,709,standard,MA,5000,0
2075,69,164,442,pro,MA,20000,0
14317,36,204,702,standard,MA,10000,1
5983,66,16,303,standard,MA,5000,0
7735,54,14,396,pro,MA,20000,0
10181,61,176,684,standard,MA,5000,0
13758,25,190,628,standard,GB,5000,1
10174,68,97,448,premium,ES,10000,0
11972,26,43,840,standard,MA,10000,0
4001,28,33,688,premium,MA,10000,0
2202,34,78,688,standard,MA,10000,0
13571,71,131,487,standard,ES,20000,0
6632,20,91,350,standard,ES,5000,0
12495,44,99,804,premium,ES,50000,0
11466,29,195,818,standard,MA,10000,2
5465,69,20,748,premium,MA,20000,0
4358,61,120,345,premium,MA,10000,1
6978,42,56,493,premium,DE,5000,0
13810,52,157,418,premium,FR,5000,0
1179,46,223,591,premium,FR,5000,0
6599,61,176,456,premium,ES,20000,0
7274,51,168,499,premium,MA,20000,1
13090,41,18,328,standard,MA,5000,0
9491,54,128,549,standard,FR,20000,0
6464,52,156,596,premium,DE,10000,0
14617,39,99,649,premium,FR,20000,0
11561,50,3,598,premium,MA,5000,1
1783,23,152,311,standard,MA,20000,0
11099,28,39,702,standard,DE,5000,0
2071,43,132,484,standard,MA,10000,0
12975,25,172,763,premium,DE,20000,0
12183,55,99,715,premium,MA,5000,0
5112,18,224,727,pro,DE,5000,1
14482,68,89,522,standard,DE,5000,0
13966,38,32,371,standard,FR,10000,0
4973,67,189,366,standard,MA,10000,0
12387,31,90,671,standard,GB,20000,1
5976,34,165,723,standard,FR,20000,0
4840,37,77,808,standard,MA,10000,1
12867,25,103,390,premium,MA,20000,1
11416,47,232,817,standard,ES,5000,2
319,55,197,398,standard,DE,10000,0
1448,57,79,654,standard,MA,10000,0
3933,19,176,532,standard,MA,10000,0
7858,44,20,676,premium,FR,5000,0
10415,65,102,654,standard,FR,5000,0
10728,62,209,389,premium,FR,5000,0
6395,25,155,581,premium,MA,10000,1
5063,66,173,333,premium,MA,10000,0
6707,30,193,339,pro,MA,10000,1
5686,25,177,581,standard,MA,5000,0
12221,24,185,589,standard,FR,50000,0
5379,73,66,362,standard,MA,10000,0
12895,27,127,751,standard,ES,5000,1
3275,24,81,450,pro,FR,10000,0
10674,30,122,619,standard,MA,5000,0
10423,32,172,431,standard,MA,20000,1
5228,58,122,779,premium,MA,5000,0
208,38,15,757,standard,MA,50000,0
9019,29,105,614,standard,MA,10000,1
5120,26,205,699,pro,DE,5000,1
3129,46,147,831,standard,FR,20000,1
2571,72,200,756,standard,GB,10000,0
12971,51,139,834,premium,MA,50000,0
6871,61,196,307,premium,MA,5000,0
2248,50,238,817,standard,MA,10000,0
9538,31,87,496,premium,ES,5000,0
14176,44,96,631,standard,MA,5000,0
7026,40,66,717,premium,MA,5000,0
5633,21,198,486,premium,MA,5000,1
3602,18,17,342,pro,MA,5000,0
9835,39,62,791,premium,MA,5000,1
6110,32,43,341,standard,MA,10000,1
6872,54,60,557,premium,FR,5000,0
84,21,46,553,standard,GB,50000,0
14248,30,89,654,premium,MA,10000,0
1395,68,10,641,standard,MA,10000,0
2089,18,74,737,standard,DE,20000,0
10014,72,169,423,premium,MA,5000,0
4644,67,159,494,standard,ES,10000,0
512,69,177,622,standard,ES,10000,2
3147,39,130,514,premium,FR,10000,0
7629,43,157,798,standard,FR,10000,0
12994,26,236,514,standard,MA,50000,0
11180,45,137,749,premium,DE,5000,2
3540,18,24,453,standard,MA,50000,0
8709,46,31,661,standard,DE,50000,1
4209,22,145,449,standard,ES,20000,0
1833,67,16,305,premium,DE,20000,0
12615,71,75,612,standard,ES,20000,0
13468,30,114,460,premium,MA,5000,0
10215,45,103,787,premium,ES,10000,0
11732,31,127,492,premium,MA,5000,0
8382,52,29,388,premium,DE,20000,0
14762,25,129,466,premium,MA,5000,0
2986,63,30,577,standard,FR,5000,1
3303,47,32,654,premium,MA,10000,0
13871,56,23,621,standard,FR,5000,1
10892,20,116,622,premium,MA,20000,0
3697,70,168,459,premium,MA,10000,0
4080,27,32,584,standard,MA,10000,0
12891,51,208,577,premium,MA,20000,1
7036,34,76,445,standard,ES,5000,1
14757,59,107,508,standard,FR,5000,0
5810,55,75,378,standard,MA,20000,0
12673,51,92,495,standard,MA,5000,1
11738,73,116,577,standard,MA,10000,0
7409,60,101,719,premium,FR,5000,0
9068,56,198,826,standard,MA,10000,0
10323,64,15,799,standard,FR,5000,0
6697,74,197,443,standard,MA,50000,0
12556,22,32,533,premium,FR,10000,1
2344,29,136,659,standard,DE,5000,0
1316,29,119,352,standard,MA,5000,0
8086,55,129,670,standard,MA,20000,0
1909,72,136,396,standard,ES,50000,1
6988,70,174,583,pro,ES,20000,0
2382,61,72,424,premium,FR,10000,0
10518,32,90,745,premium,MA,10000,0
12652,72,27,349,standard,FR,20000,1
9042,30,72,598,standard,MA,5000,0
8965,67,235,576,premium,ES,5000,0
14771,61,19,365,pro,ES,10000,0
11246,32,193,614,standard,GB,5000,1
3706,72,172,376,premium,ES,5000,0
4444,19,129,545,standard,MA,5000,0
11885,32,62,307,standard,FR,5000,1
11996,59,39,320,standard,MA,10000,0
2078,26,122,692,standard,MA,10000,1
7011,42,159,680,standard,FR,10000,2
13886,25,104,503,standard,MA,20000,1
10687,36,222,472,premium,MA,10000,0
9115,34,45,717,standard,DE,5000,0
448,33,69,306,standard,MA,20000,1
1084,34,217,491,premium,ES,20000,0
6154,26,120,376,standard,FR,10000,0
8726,56,129,775,standard,MA,20000,0
7968,57,224,597,standard,DE,5000,0
3170,68,21,619,premium,DE,10000,1
3216,26,109,805,standard,MA,10000,0
3533,60,86,375,premium,MA,10000,0
10744,45,59,733,premium,ES,5000,0
7437,27,41,645,premium,GB,5000,1
14573,67,202,521,standard,DE,10000,0
255,59,1,451,standard,MA,10000,3
4962,54,234,692,pro,MA,20000,1
13888,73,119,579,standard,FR,10000,1
3978,52,14,416,standard,MA,20000,1
662,53,235,508,standard,ES,50000,0
10527,53,96,312,premium,FR,5000,0
13892,72,183,812,standard,DE,5000,0
14936,70,155,844,standard,FR,20000,1
12796,33,35,438,premium,MA,5000,1
11335,31,171,840,pro,MA,5000,0
6448,28,131,691,pro,MA,10000,0
7721,43,55,659,premium,FR,10000,0
11664,54,199,732,premium,MA,5000,0
11483,56,170,438,premium,MA,10000,0
578,30,31,391,premium,MA,10000,1
3693,68,204,309,standard,MA,10000,1
7986,20,79,384,premium,MA,10000,0
3718,50,20,524,premium,MA,10000,0
10357,29,113,437,standard,FR,5000,0
12719,41,200,362,standard,ES,5000,0
10138,63,129,326,standard,MA,10000,1
6711,19,21,666,premium,FR,10000,1
9989,59,160,300,premium,MA,20000,0
6445,53,154,558,pro,MA,10000,0
13613,64,203,532,standard,MA,10000,0
7690,65,16,421,standard,MA,5000,1
948,59,82,356,pro,ES,10000,0
6690,43,104,565,standard,ES,5000,0
13497,38,7,350,standard,DE,10000,2
6982,19,67,372,standard,MA,10000,0
714,54,152,577,pro,MA,10000,0
9251,33,101,775,premium,MA,5000,2
5638,22,132,675,standard,ES,20000,1
7117,32,109,508,standard,FR,5000,2
5323,71,111,714,premium,MA,20000,0
1273,32,16,789,standard,FR,20000,0
11805,72,6,828,standard,ES,50000,0
10451,57,227,788,standard,MA,5000,0
8430,30,182,719,pro,DE,10000,0
1455,43,43,620,standard,MA,10000,0
1596,51,202,343,standard,MA,10000,0
9996,30,29,689,pro,FR,50000,0
7133,59,187,455,standard,MA,10000,1
13195,39,188,712,standard,MA,5000,0
4966,35,159,488,standard,MA,10000,1
11399,66,90,652,standard,MA,10000,1
10180,34,140,465,standard,MA,20000,1
9155,55,17,358,standard,ES,10000,0
5544,35,9,373,standard,MA,5000,0
8821,46,6,784,standard,MA,10000,0
2496,73,114,698,premium,MA,10000,0
3093,24,212,362,premium,MA,10000,0
5078,19,147,371,standard,DE,5000,1
11448,26,109,621,standard,GB,20000,1
13924,71,39,728,premium,MA,20000,2
9225,19,2,762,standard,MA,5000,0
6666,39,72,409,premium,DE,10000,0
11200,19,162,641,premium,MA,5000,0
8101,74,230,599,standard,MA,10000,0
5283,68,58,310,standard,ES,50000,1
8960,66,81,461,premium,ES,5000,0
13314,52,230,752,standard,FR,20000,1
677,31,9,659,premium,MA,5000,1
8366,53,227,377,standard,ES,20000,1
6042,27,130,521,standard,FR,5000,1
3193,44,78,586,premium,MA,5000,0
9250,40,180,400,standard,MA,20000,1
13862,52,75,509,premium,DE,10000,0
747,59,88,688,standard,MA,5000,0
13708,30,22,516,standard,FR,20000,0
9324,71,4,350,premium,MA,5000,0
1756,71,114,433,standard,MA,20000,0
7660,33,136,840,standard,FR,5000,0
9965,38,232,543,standard,FR,5000,2
10996,47,191,381,standard,MA,5000,0
11107,58,63,416,standard,DE,5000,0
8053,32,71,422,premium,MA,10000,0
13925,48,33,540,pro,MA,10000,0
9728,57,216,491,premium,ES,10000,0
5546,43,104,609,pro,MA,5000,0
6454,43,80,625,standard,FR,10000,0
9714,44,13,726,standard,ES,5000,0
5247,24,139,800,standard,FR,10000,0
11190,47,132,554,standard,MA,5000,0
10424,26,237,680,pro,DE,50000,0
14134,28,55,555,standard,FR,5000,0
2693,44,92,594,standard,MA,5000,1
1406,67,11,483,standard,MA,20000,0
10706,58,51,573,premium,FR,5000,0
8836,68,19,454,standard,MA,20000,0
12414,19,57,716,standard,FR,10000,0
1249,22,78,518,premium,MA,20000,0
7457,19,180,837,premium,FR,10000,0
9544,18,83,686,premium,FR,10000,1
10457,31,195,433,standard,MA,5000,0
9200,71,177,537,standard,MA,10000,0
8705,36,152,560,pro,ES,50000,0
1040,46,147,620,premium,ES,10000,0
6127,21,227,570,standard,FR,5000,0
3206,20,53,750,pro,MA,10000,0
1210,55,81,536,standard,MA,10000,0
5723,44,180,521,premium,GB,50000,0
12438,48,165,627,standard,FR,10000,1
13256,30,228,373,premium,MA,10000,0
8,55,170,319,pro,MA,50000,0
6296,21,228,768,standard,FR,10000,0
22,71,85,703,standard,MA,10000,0
9322,72,38,834,premium,FR,5000,0
13188,25,231,849,standard,MA,10000,1
5879,42,61,372,pro,MA,10000,0
13505,56,31,561,pro,MA,20000,0
14760,31,28,386,premium,MA,50000,0
12329,57,173,398,standard,MA,10000,0
9507,29,184,682,standard,MA,10000,0
10398,66,108,718,premium,MA,5000,0
10852,33,57,825,standard,MA,5000,0
728,44,83,382,standard,GB,20000,2
8127,60,8,521,standard,FR,10000,0
8108,66,89,374,standard,MA,5000,0
10197,51,127,840,standard,MA,10000,0
13482,22,146,696,standard,DE,10000,0
10684,59,171,321,premium,MA,5000,0
7973,42,55,723,premium,MA,5000,0
8921,20,23,438,pro,MA,5000,0
7821,67,156,631,standard,DE,50000,0
2205,45,193,515,standard,FR,20000,1
1259,71,134,789,standard,GB,50000,1
8431,30,80,797,standard,GB,10000,0
536,44,172,525,standard,MA,5000,0
4534,26,16,671,premium,MA,50000,0
760,65,39,838,standard,MA,20000,0
4318,60,92,359,standard,MA,20000,2
7693,56,2,699,standard,MA,10000,0
13495,25,106,483,premium,FR,5000,0
9461,64,72,359,standard,FR,5000,0
273,39,46,718,premium,MA,5000,0
4171,46,230,719,standard,MA,5000,0
4200,20,37,746,premium,MA,20000,0
4613,30,138,390,standard,FR,5000,0
9906,67,175,683,standard,MA,20000,0
4269,51,190,440,premium,DE,20000,1
6755,66,124,727,standard,ES,5000,0
14844,52,209,647,premium,FR,5000,0
9259,58,198,308,premium,MA,5000,0
3033,64,99,456,standard,MA,50000,0
13883,36,175,558,standard,MA,5000,1
6252,28,192,547,standard,MA,20000,0
588,24,107,579,standard,MA,50000,0
144,52,202,686,premium,MA,5000,0
1852,74,101,342,standard,MA,10000,1
3489,56,180,834,standard,ES,5000,1
12694,56,59,422,standard,MA,10000,0
11761,38,1,487,standard,GB,10000,2
10393,64,24,563,premium,MA,5000,0
8378,57,55,352,pro,ES,5000,0
14111,41,191,512,premium,FR,10000,0
4805,60,131,627,standard,MA,5000,0
9689,27,235,737,standard,MA,20000,0
2790,40,27,408,standard,MA,10000,0
8412,74,47,435,premium,MA,5000,0
3853,66,102,827,standard,MA,5000,1
13544,19,21,604,premium,MA,20000,0
6168,67,74,830,standard,MA,20000,2
7071,64,43,565,standard,MA,10000,1
8436,42,228,449,pro,FR,20000,0
3645,27,60,469,standard,MA,50000,0
3108,52,147,791,standard,MA,10000,0
1942,60,44,464,standard,FR,5000,0
8193,29,140,552,premium,MA,10000,0
6067,42,53,417,pro,MA,20000,0
5176,52,230,484,premium,FR,5000,0
10082,42,103,580,premium,MA,5000,0
10402,72,236,402,standard,FR,5000,0
4479,27,3,500,standard,MA,5000,0
9058,24,67,701,standard,FR,20000,0
5339,27,226,336,standard,MA,5000,0
4025,40,170,332,standard,MA,5000,0
3389,46,143,339,standard,ES,10000,0
2301,73,24,698,standard,MA,20000,0
14049,62,70,621,standard,MA,20000,1
4601,63,130,364,pro,MA,5000,0
12783,51,153,611,premium,ES,10000,0
14386,33,98,324,premium,MA,5000,0
6853,51,72,565,premium,DE,10000,0
14667,70,196,555,standard,FR,10000,0
1116,27,233,301,standard,MA,10000,0
5413,37,25,695,standard,ES,20000,0
1188,61,187,638,premium,MA,10000,1
5397,21,81,385,standard,ES,10000,2
11542,32,211,710,premium,DE,10000,0
4593,47,2,549,standard,FR,20000,0
14202,43,98,616,standard,MA,5000,0
4703,67,131,823,standard,MA,20000,0
4833,64,34,610,premium,MA,5000,0
5799,66,158,457,standard,FR,10000,0
10854,48,225,697,standard,MA,20000,1
10506,44,69,640,standard,MA,5000,1
13633,22,40,482,standard,DE,10000,0
4635,52,23,727,premium,MA,10000,1
10856,33,126,670,standard,MA,20000,0
1130,61,72,383,standard,MA,20000,0
1060,33,232,375,standard,MA,5000,0
7825,42,113,563,standard,FR,10000,0
3740,51,78,494,pro,MA,5000,0
3866,23,23,376,premium,DE,10000,1
14794,70,171,308,standard,MA,10000,0
1231,59,24,657,standard,ES,5000,0
14811,26,227,324,premium,MA,5000,0
5707,37,56,516,pro,MA,10000,1
11582,66,118,656,premium,MA,5000,0
5591,41,5,792,standard,DE,20000,1
13112,60,32,746,premium,MA,5000,0
2217,47,170,360,standard,MA,20000,0
10516,52,78,599,standard,MA,20000,1
13809,37,137,745,premium,MA,20000,0
8854,30,85,831,standard,ES,5000,0
6684,43,24,622,premium,MA,5000,0
2184,19,64,729,standard,MA,5000,0
6865,18,125,767,standard,MA,10000,0
5531,52,231,512,standard,MA,10000,0
8817,43,191,762,premium,MA,10000,0
86,55,6,418,standard,MA,5000,0
5634,60,148,738,standard,DE,5000,0
10020,50,177,451,premium,DE,5000,0
11490,70,179,479,standard,MA,20000,1
14230,48,149,723,standard,MA,20000,1
8857,21,109,415,pro,FR,20000,0
7809,28,73,671,premium,MA,10000,0
6052,40,183,573,standard,FR,50000,0
14955,18,178,631,pro,ES,50000,0
1926,28,44,562,standard,FR,5000,0
9582,34,136,690,standard,GB,5000,0
11651,60,36,515,premium,FR,10000,3
14644,65,78,538,premium,MA,10000,0
4750,34,220,312,pro,MA,20000,0
10514,23,37,846,standard,MA,20000,0
245,24,26,344,pro,MA,20000,0
2801,68,89,413,premium,MA,20000,0
1418,19,184,546,premium,MA,50000,0
974,42,99,787,premium,DE,5000,0
6469,60,125,415,standard,FR,10000,0
10434,34,89,793,pro,MA,10000,0
1675,26,111,640,standard,MA,10000,0
11455,52,41,568,standard,MA,5000,1
6509,21,164,591,standard,MA,5000,1
12399,43,30,527,standard,ES,5000,1
14907,48,177,778,standard,MA,20000,0
11656,61,20,399,standard,ES,20000,0
5316,67,101,500,standard,DE,5000,0
8644,37,4,300,standard,GB,10000,0
13258,55,103,571,premium,ES,5000,0
2511,56,204,317,premium,MA,20000,0
7892,51,184,736,premium,MA,10000,1
3111,57,110,763,standard,GB,20000,0
12375,35,84,392,standard,FR,50000,0
4184,60,131,417,pro,FR,10000,0
14490,33,71,836,standard,MA,10000,0
11277,74,104,458,premium,FR,10000,0
4229,20,38,524,standard,MA,20000,1
10476,18,71,428,standard,MA,50000,0
4284,52,89,537,pro,MA,10000,0
5759,49,2,838,standard,GB,10000,0
965,69,120,749,standard,MA,5000,0
5705,56,195,424,standard,MA,10000,0
2949,56,219,678,premium,MA,20000,0
13238,38,22,741,premium,ES,5000,0
683,38,46,629,premium,MA,5000,1
8999,40,160,696,standard,MA,10000,1
14969,61,29,601,premium,MA,10000,0
2880,52,140,654,standard,ES,5000,0
4653,19,169,308,standard,FR,20000,1
3592,41,61,633,standard,MA,20000,0
6820,34,201,465,standard,MA,5000,0
12664,22,196,465,pro,FR,20000,0
14461,37,232,727,standard,MA,5000,0
8334,49,11,567,premium,FR,10000,0
8492,23,61,523,pro,FR,5000,1
5331,70,42,509,standard,MA,10000,0
672,57,118,633,standard,DE,10000,0
12899,41,183,565,standard,MA,50000,0
9221,40,211,515,standard,MA,5000,0
1961,46,208,767,pro,MA,10000,0
2760,26,175,798,premium,FR,10000,0
14165,45,166,547,premium,MA,5000,1
11861,22,133,513,standard,MA,10000,0
7424,34,56,532,premium,MA,10000,0
6080,71,94,510,standard,MA,10000,0
14413,25,238,497,standard,FR,5000,0
5451,69,3,563,standard,ES,5000,0
14164,54,92,478,pro,MA,10000,0
1253,51,128,340,standard,FR,20000,0
14981,31,208,590,standard,MA,5000,1
535,31,195,693,standard,FR,10000,1
12012,38,20,523,premium,FR,10000,0
10224,51,161,421,standard,MA,10000,0
10557,68,58,436,standard,MA,20000,1
14536,63,193,417,premium,MA,10000,0
4981,32,124,761,premium,MA,10000,1
12200,73,35,543,standard,MA,10000,0
3431,37,222,336,standard,MA,50000,0
3856,21,184,406,standard,MA,5000,2
3765,30,162,640,premium,FR,5000,0
3271,44,138,563,premium,MA,5000,0
12391,50,203,470,standard,FR,5000,0
8435,31,118,745,premium,ES,10000,0
9400,38,190,702,standard,MA,10000,1
4770,68,174,631,standard,FR,20000,0
3667,22,105,455,premium,MA,5000,0
1563,39,192,801,pro,DE,10000,0
10842,52,37,325,standard,MA,5000,1
9388,52,50,562,standard,MA,20000,0
8061,19,24,746,standard,FR,20000,0
14893,27,196,699,standard,MA,50000,1
9744,62,142,351,premium,ES,10000,0
2576,72,122,575,standard,MA,10000,1
5067,19,133,828,standard,ES,10000,0
9650,29,18,804,premium,DE,10000,1
12367,35,89,673,standard,DE,20000,0
8140,71,216,370,standard,GB,50000,0
5860,35,196,422,standard,DE,10000,0
14963,28,229,354,standard,MA,10000,1
11101,39,225,536,standard,MA,10000,0
3996,19,66,326,standard,ES,20000,1
14167,66,87,512,premium,ES,10000,0
3670,54,214,308,standard,GB,20000,1
9159,68,235,370,standard,FR,5000,1
2739,40,44,386,standard,MA,20000,0
5192,71,6,588,premium,FR,5000,2
489,55,116,791,standard,MA,10000,0
5148,19,135,677,standard,MA,10000,0
11355,65,15,311,standard,MA,5000,0
7788,34,124,671,premium,FR,20000,0
3834,25,238,405,standard,FR,50000,0
5404,39,114,320,standard,FR,50000,0
4784,24,49,417,standard,FR,10000,0
6655,20,200,454,standard,MA,5000,0
10700,47,191,648,standard,FR,5000,1
12542,24,146,818,standard,MA,10000,0
12661,65,86,402,standard,MA,20000,0
13680,24,99,642,premium,DE,20000,2
2162,18,83,769,standard,MA,20000,1
3381,34,133,787,standard,MA,5000,0
12519,34,15,676,standard,FR,5000,1
13865,71,137,424,standard,MA,5000,1
6040,43,143,344,pro,MA,5000,0
5484,65,58,548,standard,MA,20000,0
5807,35,165,451,standard,FR,10000,0
2610,49,214,606,premium,MA,10000,0
10209,39,121,423,standard,MA,5000,0
3829,46,213,566,pro,GB,5000,0
12453,67,174,627,premium,MA,10000,0
8082,50,161,807,pro,MA,20000,0
14906,47,153,726,standard,FR,10000,0
122,28,20,302,premium,MA,10000,0
56,67,37,734,standard,FR,10000,0
243,31,221,657,standard,MA,10000,1
5589,61,195,781,standard,ES,10000,0
8822,34,47,834,premium,DE,10000,0
13594,62,58,368,standard,MA,50000,1
1777,59,71,565,premium,ES,5000,0
10787,41,117,658,premium,FR,5000,0
2178,67,205,482,standard,MA,20000,0
9918,29,84,776,standard,FR,20000,0
2812,44,216,772,premium,FR,20000,0
7262,38,83,568,standard,MA,50000,0
6247,58,127,660,standard,GB,10000,0
10623,68,185,848,standard,MA,10000,1
14862,42,8,478,standard,FR,10000,0
3385,31,69,766,standard,MA,20000,0
1690,46,132,515,standard,FR,5000,0
247,65,50,816,standard,MA,5000,0
12537,43,83,831,pro,FR,5000,0
9670,29,96,338,standard,FR,5000,1
4626,29,63,305,standard,FR,10000,0
9957,73,236,328,standard,MA,5000,0
13739,68,213,795,standard,FR,10000,0
4681,21,111,349,standard,DE,20000,0
14229,62,93,704,standard,MA,20000,0
4064,41,34,830,standard,DE,5000,0
8996,24,108,596,premium,FR,10000,0
7003,47,6,695,standard,MA,20000,0
10293,39,23,478,standard,FR,10000,0
14629,51,200,459,standard,DE,5000,0
12014,27,60,595,standard,DE,20000,0
9458,28,198,734,pro,MA,10000,0
5851,58,105,676,standard,GB,5000,0
3520,45,136,313,standard,ES,20000,0
5522,27,147,704,premium,MA,10000,0
6511,73,209,703,premium,MA,5000,0
7885,73,100,839,standard,DE,10000,0
4676,30,220,804,pro,MA,5000,0
2277,63,212,343,standard,MA,20000,0
13047,60,107,679,standard,MA,10000,0
8021,51,163,565,standard,MA,10000,0
4462,34,173,742,pro,MA,10000,1
5814,34,4,442,standard,MA,20000,0
1472,20,232,536,standard,FR,20000,0
622,61,2,621,standard,GB,5000,0
11174,44,23,653,standard,FR,20000,0
2157,61,68,563,standard,MA,10000,0
12763,70,66,353,premium,MA,5000,1
318,34,44,424,premium,MA,5000,0
3085,69,168,435,standard,MA,20000,1
6515,39,34,448,standard,ES,10000,0
7060,25,59,609,standard,FR,5000,0
11729,44,6,645,standard,MA,5000,0
12061,39,72,586,premium,DE,10000,0
14340,37,135,656,premium,DE,5000,1
5125,72,68,848,standard,MA,20000,1
13675,18,54,736,pro,MA,50000,0
1916,69,75,778,standard,DE,10000,0
2676,19,181,423,premium,FR,5000,0
103,29,124,719,premium,MA,10000,0
11563,53,152,708,premium,MA,10000,1
1339,65,164,502,standard,MA,20000,0
7860,47,222,356,standard,FR,20000,0
12000,54,62,796,premium,ES,20000,0
13058,37,182,584,premium,FR,50000,0
1355,34,125,518,premium,MA,5000,0
9609,48,179,800,standard,MA,5000,0
11705,65,46,690,premium,ES,50000,0
13180,20,127,755,standard,DE,10000,0
5069,54,7,763,premium,DE,10000,0
8605,20,7,430,premium,MA,50000,0
11187,18,111,573,standard,MA,5000,0
9362,40,11,348,standard,FR,20000,1
284,23,145,746,standard,ES,5000,2
6254,70,2,741,premium,MA,5000,0
11591,52,217,426,standard,MA,10000,0
6942,67,191,364,standard,MA,5000,0
11735,74,205,619,standard,MA,5000,0
768,66,194,540,premium,MA,20000,0
9679,55,218,383,standard,MA,10000,0
152,55,100,374,standard,FR,5000,0
9431,44,67,373,standard,MA,5000,0
13319,26,100,302,premium,MA,50000,0
10640,74,145,827,premium,MA,10000,0
4627,41,176,659,standard,MA,10000,0
13420,29,87,552,premium,MA,5000,0
934,42,67,542,premium,MA,5000,0
7345,60,175,535,pro,MA,10000,0
4608,73,104,707,standard,MA,50000,1
7091,50,170,774,standard,ES,10000,0
1140,60,47,624,standard,MA,5000,0
4861,74,180,778,premium,MA,20000,0
11796,47,154,467,standard,FR,50000,0
7127,39,204,666,standard,MA,5000,0
1371,22,18,548,standard,MA,5000,0
13330,52,80,405,premium,MA,20000,1
13063,63,230,563,standard,FR,50000,0
12384,20,122,750,standard,MA,5000,0
1773,33,16,333,standard,DE,10000,1
217,55,72,602,premium,MA,20000,0
12729,29,136,837,standard,MA,10000,0
5246,30,25,410,premium,ES,20000,0
14001,38,195,683,standard,FR,5000,1
5863,29,158,591,premium,MA,10000,0
8974,20,86,817,pro,MA,10000,0
12788,29,55,360,standard,ES,5000,1
10437,39,231,550,standard,ES,20000,1
13,38,25,730,premium,FR,50000,1
14360,59,68,542,standard,MA,20000,0
4227,32,154,488,standard,FR,20000,0
999,56,25,636,standard,GB,5000,0
3526,22,34,688,standard,MA,5000,0
6061,43,41,427,premium,FR,20000,0
11722,69,189,743,premium,DE,10000,0
14221,60,4,623,pro,ES,50000,1
860,61,216,466,premium,ES,5000,0
12297,30,224,800,premium,MA,20000,0
2042,36,163,655,standard,FR,5000,0
5734,30,1,357,pro,FR,10000,0
9776,71,206,804,pro,DE,10000,0
14252,73,3,311,standard,FR,10000,0
2255,62,156,629,standard,MA,5000,1
3638,45,237,320,premium,FR,10000,0
8318,60,37,483,pro,MA,5000,0
6762,45,74,617,standard,MA,5000,1
1002,61,37,748,standard,FR,10000,0
8976,21,121,839,standard,ES,5000,0
5961,52,95,681,pro,FR,10000,1
3752,74,79,820,premium,MA,10000,0
281,49,210,771,standard,DE,10000,0
6016,65,136,694,standard,FR,10000,0
11420,53,118,513,pro,MA,20000,2
10641,61,5,650,premium,MA,10000,0
1847,37,9,605,premium,MA,10000,0
1486,18,28,411,premium,FR,5000,0
10682,22,39,717,standard,MA,20000,1
6036,43,225,596,standard,ES,20000,0
7644,41,13,558,standard,MA,5000,0
2716,19,32,803,standard,DE,5000,0
4563,52,5,499,premium,DE,5000,1
4677,63,128,333,premium,FR,5000,0
2404,46,36,487,standard,FR,20000,0
9845,62,13,795,premium,MA,5000,1
133,55,102,703,premium,FR,10000,1
5675,65,209,418,standard,MA,10000,0
9877,41,213,504,standard,MA,5000,0
13449,56,220,418,standard,MA,5000,0
2918,36,22,308,premium,MA,5000,0
7485,49,131,671,standard,ES,20000,0
3794,32,79,364,premium,MA,5000,0
2902,67,91,394,standard,MA,5000,0
13257,60,123,438,standard,MA,5000,0
5798,68,102,632,standard,FR,20000,0
3787,52,21,601,standard,MA,5000,0
7871,41,228,627,premium,MA,5000,0
12058,20,51,505,standard,ES,20000,0
3969,18,140,376,pro,FR,20000,0
7835,55,89,401,standard,MA,10000,1
2013,20,160,784,standard,MA,5000,0
5421,41,180,813,premium,MA,20000,1
10192,36,173,718,standard,ES,10000,0
8420,44,226,819,standard,MA,10000,1
6480,22,1,815,premium,MA,10000,0
4647,63,179,433,premium,FR,5000,0
734,71,214,653,standard,FR,50000,1
6333,66,39,842,pro,FR,20000,2
4078,66,145,396,standard,GB,5000,0
5114,54,40,484,standard,FR,5000,0
10969,35,78,324,premium,MA,10000,0
14483,46,14,424,standard,FR,5000,0
3292,28,66,831,pro,FR,5000,0
3052,28,106,423,standard,MA,50000,0
10200,57,14,408,standard,MA,10000,0
862,66,72,668,premium,MA,20000,0
71,21,92,405,pro,ES,50000,0
5080,29,40,432,standard,FR,5000,0
13100,33,147,454,pro,MA,5000,1
1420,34,32,792,standard,ES,5000,1
9330,39,205,485,pro,MA,5000,1
2696,55,208,626,standard,MA,10000,0
2651,47,205,653,premium,MA,10000,2
11268,46,60,428,standard,FR,20000,1
14992,47,102,807,premium,ES,10000,2
5260,69,6,777,pro,GB,5000,1
4634,53,182,702,premium,GB,5000,0
13408,31,235,378,premium,MA,10000,0
4165,43,194,446,premium,MA,10000,0
5924,26,133,540,premium,MA,5000,1
457,68,197,425,pro,MA,50000,0
5691,56,47,478,standard,MA,10000,0
10130,48,35,849,standard,MA,5000,0
7311,35,185,608,standard,MA,10000,1
7877,23,214,563,premium,FR,5000,0
855,63,10,673,pro,GB,5000,0
13084,28,172,767,pro,ES,5000,0
4523,39,145,751,standard,ES,10000,0
11746,55,226,342,standard,FR,10000,0
227,51,150,640,standard,FR,5000,0
11838,69,151,321,premium,MA,10000,0
13151,71,238,588,standard,MA,5000,1
5441,20,223,456,standard,FR,20000,0
7633,22,151,403,premium,MA,20000,0
14085,71,178,309,standard,MA,5000,0
7141,28,98,828,standard,MA,5000,1
3916,21,214,579,premium,MA,10000,0
8560,52,156,503,standard,FR,10000,0
9444,25,66,508,premium,DE,10000,0
11994,42,135,815,standard,FR,5000,0
12676,44,140,803,standard,MA,10000,1
13928,19,157,584,standard,DE,10000,0
6848,29,150,610,standard,MA,5000,1
182,19,196,519,standard,FR,20000,0
4605,66,102,483,pro,MA,5000,0
923,63,35,367,premium,GB,5000,1
12561,48,29,419,premium,MA,20000,0
2267,43,239,822,standard,FR,20000,0
11521,65,73,624,premium,MA,5000,0
13601,53,25,786,standard,FR,5000,0
12995,30,14,369,standard,MA,20000,0
5445,66,214,609,pro,MA,20000,0
11166,66,118,353,standard,MA,50000,3
5778,61,60,445,standard,FR,20000,2
4614,59,172,672,standard,FR,10000,0
5128,67,118,389,standard,DE,10000,1
2954,35,123,744,standard,GB,20000,0
8624,59,97,501,pro,ES,10000,1
3779,66,23,399,standard,MA,10000,1
1657,33,22,491,standard,FR,10000,0
8989,42,55,422,standard,MA,5000,2
13914,38,49,364,standard,MA,5000,0
11870,63,173,592,standard,MA,10000,2
10012,37,3,789,standard,FR,5000,1
666,72,171,814,standard,MA,20000,0
4199,35,212,535,standard,MA,10000,0
4638,55,106,620,pro,MA,20000,1
2847,54,233,773,standard,MA,20000,0
950,36,15,309,premium,MA,5000,1
13678,26,228,449,standard,MA,10000,0
2110,74,229,416,premium,MA,5000,1
6582,19,116,384,pro,MA,20000,0
7507,54,21,672,premium,FR,5000,0
2769,46,185,317,standard,ES,20000,0
12044,40,79,432,standard,FR,50000,0
781,31,235,506,standard,FR,20000,1
7987,54,185,557,standard,MA,5000,0
9363,47,206,685,standard,ES,5000,1
14088,30,198,757,standard,ES,20000,0
14325,59,100,361,premium,MA,10000,0
2352,23,31,524,standard,GB,20000,0
9401,70,131,814,standard,MA,5000,2
10704,68,110,767,standard,ES,20000,0
14571,33,139,470,premium,DE,10000,1
9303,74,38,645,premium,ES,10000,0
13778,30,13,375,standard,MA,50000,0
10967,63,163,823,premium,MA,10000,0
2391,64,171,823,standard,MA,5000,0
248,22,187,348,standard,ES,10000,0
9332,63,94,561,pro,MA,10000,1
7,18,82,545,standard,FR,10000,0
11031,19,39,377,premium,MA,10000,0
7643,49,198,300,pro,ES,10000,0
2028,66,139,783,standard,MA,10000,1
4545,65,231,429,standard,MA,10000,0
2124,40,239,538,premium,FR,5000,0
8165,42,173,488,premium,FR,10000,0
6407,60,86,409,premium,MA,5000,0
7413,40,72,765,premium,MA,5000,0
9257,53,37,692,premium,MA,10000,0
1071,73,224,441,standard,MA,20000,0
750,25,22,569,standard,MA,10000,0
14579,56,116,503,standard,FR,5000,0
7102,46,187,454,standard,MA,10000,0
7796,29,3,771,standard,MA,10000,0
8102,47,30,311,standard,MA,10000,0
5576,63,213,521,premium,MA,5000,0
12143,44,65,686,premium,GB,10000,0
10383,58,51,300,standard,MA,5000,0
10059,74,216,589,premium,DE,20000,0
14869,19,95,569,standard,FR,10000,0
7197,31,50,328,premium,MA,20000,1
6518,36,209,461,premium,MA,5000,0
10198,29,12,552,standard,MA,10000,0
1201,19,144,649,standard,DE,5000,0
8786,50,158,517,standard,MA,10000,0
3825,36,233,627,standard,MA,10000,0
12121,47,128,816,premium,MA,5000,0
495,63,94,649,standard,FR,5000,0
726,40,137,411,standard,MA,10000,0
482,37,156,374,pro,MA,5000,0
11818,74,121,310,premium,MA,5000,0
131,72,140,649,premium,MA,10000,0
4760,64,231,748,premium,GB,50000,0
3230,40,156,612,standard,GB,10000,0
7770,34,211,741,standard,FR,20000,0
8014,49,116,766,standard,MA,5000,0
11923,42,207,596,standard,FR,10000,0
214,36,231,349,standard,MA,10000,0
8090,22,229,372,standard,ES,5000,0
7277,28,116,549,premium,FR,10000,0
7947,42,37,635,premium,FR,20000,0
14449,23,105,664,pro,MA,20000,0
586,42,50,845,standard,MA,20000,1
2685,37,124,710,premium,FR,20000,1
6437,23,151,637,standard,FR,10000,0
14922,40,137,521,standard,MA,20000,0
1816,25,59,374,standard,DE,10000,0
2537,40,125,755,premium,ES,10000,2
4393,67,81,835,standard,MA,10000,1
11555,35,111,353,standard,MA,5000,1
3404,46,92,466,premium,ES,5000,0
14397,51,161,327,premium,GB,20000,1
5183,26,97,468,premium,FR,20000,0
8768,54,164,803,standard,MA,10000,1
8179,35,112,474,standard,DE,5000,0
5420,62,126,696,standard,MA,10000,1
11413,53,172,556,pro,FR,5000,0
3684,51,168,393,premium,MA,10000,0
6360,68,16,547,standard,ES,5000,0
2908,38,41,773,standard,FR,10000,0
7139,32,75,403,standard,MA,5000,0
6385,72,148,840,standard,MA,5000,0
13478,36,103,457,premium,MA,10000,0
7337,60,153,310,standard,MA,5000,0
5242,19,223,738,standard,MA,20000,0
13706,55,58,568,premium,ES,5000,0
192,38,35,640,pro,MA,10000,0
13596,72,206,523,standard,MA,10000,0
14702,40,28,663,premium,MA,10000,0
14130,32,90,697,standard,MA,10000,0
6790,66,206,660,premium,DE,20000,0
4490,62,43,355,standard,MA,10000,0
11300,36,17,515,premium,MA,20000,0
9504,42,16,353,premium,MA,10000,0
9814,40,173,398,standard,MA,20000,0
9752,49,80,758,standard,MA,10000,0
13125,34,200,527,pro,DE,20000,0
3509,71,115,640,standard,FR,5000,0
9291,26,128,702,premium,MA,5000,1
6082,31,160,326,standard,ES,5000,0
3158,24,62,807,premium,MA,10000,0
161,64,73,700,premium,MA,5000,0
9763,24,74,407,standard,FR,5000,0
7953,34,200,361,pro,MA,5000,0
5667,44,205,588,standard,MA,5000,0
12286,25,48,500,premium,MA,20000,0
14394,46,239,726,standard,MA,5000,0
9382,52,117,342,standard,MA,10000,1
5375,74,114,808,premium,MA,10000,0
4806,71,176,491,standard,MA,20000,0
12770,59,117,523,premium,MA,10000,0
9623,45,64,326,standard,MA,5000,0
5372,47,39,583,premium,MA,5000,0
1775,59,166,684,premium,FR,5000,2
3643,74,198,774,premium,FR,10000,0
12499,32,205,405,standard,FR,20000,1
11036,46,43,635,standard,MA,5000,0
6485,46,115,700,standard,MA,5000,1
1933,44,24,522,standard,MA,10000,2
13224,52,170,384,standard,ES,50000,0
3788,27,236,651,pro,FR,5000,0
3472,51,143,555,standard,MA,10000,1
12100,31,172,696,premium,MA,5000,1
5487,68,14,688,pro,MA,10000,0
12724,37,52,816,premium,MA,20000,1
556,38,196,585,standard,FR,20000,0
7405,24,160,514,premium,MA,5000,0
13849,46,14,335,standard,FR,5000,0
1522,55,7,364,standard,FR,10000,0
7603,57,58,644,standard,FR,10000,0
7350,41,68,536,standard,MA,10000,0
4190,24,236,683,standard,MA,5000,0
5832,25,218,429,premium,MA,20000,1
4398,61,66,432,pro,DE,10000,1
6063,40,165,597,standard,MA,10000,0
1518,58,118,575,standard,ES,5000,0
12662,29,111,626,standard,MA,10000,0
10458,42,71,324,premium,GB,5000,0
6861,40,127,322,standard,MA,10000,0
11550,51,92,685,premium,FR,10000,0
6780,29,232,703,standard,MA,10000,0
3298,50,160,547,premium,MA,20000,3
6043,38,218,303,standard,ES,10000,0
2869,29,106,769,premium,MA,10000,0
4824,31,4,673,premium,FR,10000,1
1250,19,35,844,premium,FR,5000,0
6756,29,46,753,premium,FR,10000,0
3102,55,165,815,premium,MA,5000,0
13890,45,213,693,premium,MA,10000,0
11169,59,192,388,standard,MA,10000,0
754,57,110,590,standard,MA,10000,0
270,48,121,806,premium,MA,5000,0
9149,69,43,334,standard,ES,10000,0
8244,41,75,817,standard,MA,10000,0
13768,62,99,551,standard,DE,20000,0
6945,30,57,647,standard,MA,10000,1
4390,33,72,370,standard,MA,5000,0
4230,35,100,308,premium,MA,5000,0
11510,72,199,497,standard,MA,10000,0
13466,57,212,304,premium,ES,20000,0
12737,22,9,570,standard,DE,10000,0
4621,60,159,653,premium,MA,50000,1
11867,67,95,446,standard,ES,20000,2
7981,52,165,615,standard,MA,10000,0
3562,66,155,632,standard,MA,5000,0
5600,34,111,457,standard,MA,10000,0
704,46,179,412,standard,FR,10000,0
3160,21,13,742,premium,ES,20000,2
13281,66,115,574,premium,GB,10000,0
10583,65,80,378,premium,FR,10000,1
316,19,104,633,standard,MA,5000,0
8980,69,6,378,standard,MA,5000,0
2326,65,164,370,standard,ES,5000,0
6183,43,25,842,pro,GB,20000,1
3240,34,61,555,standard,FR,10000,0
6125,55,57,426,standard,MA,5000,0
10778,42,107,754,premium,FR,20000,1
5393,29,26,834,standard,ES,10000,0
5160,34,132,728,pro,MA,10000,0
11789,35,203,672,standard,MA,10000,0
4170,67,27,665,standard,ES,5000,0
1587,36,197,723,standard,ES,5000,0
13339,70,66,704,premium,DE,10000,0
3977,66,129,330,premium,MA,20000,1
8228,47,199,812,premium,GB,10000,0
1830,51,34,484,standard,MA,5000,1
7269,23,13,507,premium,FR,10000,0
14734,46,105,683,premium,MA,5000,1
6514,74,190,752,premium,MA,5000,0
11618,33,62,489,standard,DE,10000,1
14874,32,227,644,premium,FR,5000,0
8449,41,206,640,premium,MA,5000,2
3005,54,204,816,premium,MA,10000,0
9939,22,165,681,standard,DE,5000,0
14803,48,37,379,premium,FR,10000,0
14114,27,215,777,standard,MA,20000,0
8502,38,183,423,premium,ES,50000,0
3420,74,95,593,standard,MA,20000,0
13197,63,56,300,premium,ES,10000,0
9358,33,67,643,standard,MA,5000,0
13619,24,144,536,pro,FR,10000,0
7109,73,4,842,standard,FR,5000,0
10757,57,187,527,standard,MA,10000,0
11681,70,114,388,standard,GB,10000,0
8892,18,24,626,standard,MA,10000,0
6918,30,212,844,standard,MA,5000,1
2700,33,166,511,premium,MA,5000,0
4316,68,232,596,standard,MA,20000,0
9376,46,126,421,standard,FR,20000,0
13683,73,73,460,pro,MA,5000,0
746,30,158,749,standard,FR,5000,0
3335,60,67,802,standard,MA,5000,0
12868,37,48,758,standard,FR,10000,0
6869,34,226,770,standard,FR,5000,0
5556,32,145,425,premium,MA,5000,0
3383,63,193,610,standard,FR,10000,0
276,71,100,755,pro,MA,20000,0
9022,60,95,422,standard,MA,20000,1
14590,44,198,627,premium,MA,5000,0
3208,48,27,836,standard,MA,5000,0
1251,59,189,549,premium,GB,20000,1
6554,67,171,493,premium,MA,20000,0
2661,52,83,540,standard,GB,10000,1
14755,65,95,543,standard,MA,5000,0
2263,53,154,553,standard,MA,10000,0
4047,59,235,734,standard,FR,10000,0
12564,62,215,336,standard,MA,10000,0
13688,32,219,406,pro,FR,50000,0
13911,66,95,363,standard,MA,5000,0
422,20,236,556,standard,MA,10000,1
6474,22,90,357,standard,MA,5000,0
8700,74,219,436,standard,FR,5000,0
8116,66,85,752,premium,GB,5000,0
3735,72,203,311,premium,MA,10000,0
13226,23,106,407,pro,ES,20000,0
3568,27,154,347,standard,MA,10000,0
8068,27,118,782,standard,MA,5000,0
4104,65,140,588,premium,MA,10000,0
12764,22,155,565,standard,MA,20000,0
2405,24,57,731,premium,MA,20000,1
3273,71,181,549,standard,MA,5000,2
10990,35,228,493,standard,MA,5000,0
5722,74,62,312,standard,FR,10000,0
878,60,20,592,pro,FR,20000,0
13433,64,177,501,standard,MA,50000,1
4152,21,89,752,standard,MA,10000,0
9775,49,117,650,standard,MA,5000,1
12494,32,44,779,standard,MA,10000,0
12922,47,187,338,standard,MA,10000,0
3588,57,126,653,pro,MA,10000,0
13953,37,67,344,standard,MA,10000,2
12705,52,52,499,premium,FR,5000,1
2663,70,5,568,premium,FR,5000,0
8114,43,99,466,pro,MA,10000,0
6059,44,157,658,standard,MA,50000,1
4417,73,47,713,standard,MA,5000,0
10612,25,128,595,standard,MA,5000,0
9708,23,181,812,standard,ES,5000,0
11515,29,234,835,standard,FR,5000,1
464,28,143,832,standard,MA,5000,0
6317,42,150,460,standard,MA,10000,0
7190,73,73,699,standard,MA,10000,0
3609,64,158,551,standard,FR,10000,2
808,54,90,421,standard,DE,10000,1
6648,48,65,675,premium,ES,10000,1
1384,58,229,364,standard,FR,20000,0
7901,27,208,498,pro,MA,5000,0
6730,53,3,307,standard,MA,10000,0
13855,26,186,598,standard,FR,5000,0
317,45,106,582,standard,ES,10000,0
9713,39,231,401,premium,MA,20000,0
8504,31,154,690,premium,FR,5000,0
11927,24,26,760,pro,ES,5000,1
5436,19,135,419,standard,DE,10000,1
3512,36,106,767,pro,MA,20000,0
7807,42,125,730,standard,ES,5000,0
5785,35,119,487,standard,MA,5000,0
6421,41,200,637,standard,GB,20000,0
8204,43,127,646,standard,FR,10000,0
9628,70,2,597,premium,MA,5000,0
12980,31,239,782,standard,MA,10000,0
9005,50,119,433,premium,FR,5000,0
5571,51,42,725,premium,FR,20000,0
14566,22,196,836,standard,MA,50000,0
13879,54,126,692,standard,DE,5000,0
8652,62,218,453,premium,MA,5000,0
5927,18,112,562,pro,MA,5000,0
10350,55,49,623,standard,ES,20000,0
7374,33,149,556,standard,MA,20000,0
13434,26,91,426,standard,ES,10000,0
13647,49,91,585,standard,ES,5000,0
3400,40,30,504,pro,FR,20000,0
3094,70,41,307,premium,MA,5000,0
5284,38,236,494,standard,GB,10000,0
5022,45,130,409,standard,MA,10000,0
4533,30,43,531,standard,DE,10000,0
12041,22,182,727,premium,ES,5000,0
2560,42,134,809,premium,ES,10000,1
8878,46,29,624,pro,DE,20000,0
13929,52,4,742,standard,FR,10000,0
1825,39,91,810,standard,MA,10000,0
2526,66,19,720,standard,MA,20000,0
11238,52,57,464,standard,GB,5000,1
3687,53,123,776,standard,GB,5000,0
8879,18,131,687,premium,MA,10000,0
3905,42,136,629,standard,MA,10000,0
11614,18,149,703,standard,MA,5000,0
8458,34,127,712,standard,MA,5000,0
1691,31,137,476,premium,ES,5000,0
8259,43,34,396,standard,FR,5000,0
2303,71,100,421,standard,MA,5000,0
7505,44,51,457,standard,GB,5000,1
4039,74,139,585,standard,ES,20000,0
12532,43,233,713,standard,FR,20000,0
8831,46,44,583,pro,ES,5000,1
8935,28,204,839,premium,DE,20000,0
4497,53,84,628,premium,MA,10000,0
7536,68,30,446,premium,FR,20000,1
7158,41,159,453,premium,GB,20000,1
12910,63,100,735,premium,MA,5000,0
7720,70,58,641,standard,MA,10000,0
14387,74,232,767,premium,FR,5000,0
6234,48,201,791,standard,MA,10000,0
7013,38,48,690,premium,MA,10000,1
4668,29,36,495,standard,FR,20000,1
8729,35,204,576,standard,GB,5000,0
1423,19,15,362,standard,DE,5000,3
1211,40,138,700,premium,MA,5000,2
1812,37,151,544,standard,MA,5000,0
4032,42,156,451,premium,MA,10000,0
12052,49,2,342,premium,MA,20000,0
9627,71,14,727,standard,FR,5000,0
2330,27,157,720,premium,MA,20000,1
11918,54,69,657,premium,ES,5000,0
8313,67,185,304,standard,MA,5000,1
11477,46,233,522,standard,DE,5000,0
1862,47,9,330,premium,DE,5000,0
7791,70,62,540,standard,FR,20000,0
7988,23,12,495,standard,FR,5000,0
6332,35,119,767,standard,MA,5000,0
14982,26,209,513,standard,MA,5000,0
12444,73,8,459,standard,MA,10000,0
13294,71,153,586,premium,MA,5000,1
10286,56,145,399,premium,MA,20000,0
108,30,4,389,premium,ES,10000,0
468,49,156,380,premium,MA,10000,1
5352,60,75,785,pro,MA,20000,0
12252,48,213,342,standard,FR,5000,1
11756,22,89,602,standard,MA,10000,0
1763,21,114,573,premium,ES,10000,0
7532,62,69,756,standard,FR,10000,1
14060,19,172,304,premium,FR,10000,0
5252,18,124,355,premium,FR,20000,0
635,60,68,801,standard,MA,10000,1
10056,18,176,303,standard,MA,5000,0
6898,64,235,598,premium,MA,20000,1
4743,38,37,491,standard,MA,20000,0
8155,36,35,590,standard,FR,5000,0
14186,42,18,682,standard,FR,5000,0
8277,54,124,845,standard,DE,20000,5
4469,39,130,433,standard,DE,5000,0
1990,64,170,483,premium,ES,10000,0
668,18,178,389,standard,MA,5000,0
3344,61,63,461,standard,MA,5000,0
2645,35,176,702,standard,FR,50000,0
3039,68,214,628,standard,ES,10000,0
6000,65,108,425,premium,ES,20000,1
12315,48,213,805,standard,MA,10000,0
6029,56,220,671,premium,DE,10000,0
5288,25,95,609,standard,FR,10000,0
13286,49,104,780,standard,MA,5000,0
11171,71,237,710,standard,MA,20000,0
1664,46,127,654,standard,FR,5000,0
4494,73,197,488,standard,MA,10000,0
10388,71,138,523,standard,DE,10000,0
783,69,42,529,standard,MA,5000,0
3572,43,158,589,standard,MA,5000,0
8554,67,19,594,premium,FR,20000,1
7284,32,157,386,standard,MA,5000,0
13146,30,208,822,standard,MA,10000,0
9790,56,226,361,pro,FR,10000,0
4866,21,229,696,standard,MA,10000,0
7004,23,3,403,pro,MA,5000,1
10544,39,154,411,standard,FR,10000,1
5777,60,225,423,standard,FR,10000,0
5513,31,81,453,standard,FR,10000,0
12870,73,77,573,standard,DE,5000,0
11573,64,160,754,premium,ES,5000,0
14544,66,34,634,standard,MA,5000,1
10563,67,123,819,standard,MA,20000,1
7865,21,76,756,premium,MA,5000,1
1422,38,27,833,standard,MA,20000,0
7362,59,153,369,premium,FR,10000,0
8078,68,77,759,standard,MA,10000,2
8858,27,188,470,standard,FR,5000,0
16,70,69,469,standard,MA,10000,0
2318,27,173,667,standard,FR,20000,0
11758,52,117,359,standard,ES,10000,1
6399,32,178,348,premium,ES,50000,0
4775,64,166,317,standard,FR,10000,0
9353,43,30,610,standard,MA,10000,1
6177,72,86,379,premium,MA,5000,0
7484,46,144,360,premium,MA,5000,0
6438,65,196,650,standard,MA,20000,0
9387,53,194,395,standard,GB,20000,0
10045,27,239,439,standard,MA,5000,0
1532,22,44,499,premium,FR,10000,1
8526,71,203,657,premium,MA,10000,0
4688,40,47,638,standard,FR,5000,0
4081,24,217,673,standard,FR,5000,1
4894,53,93,507,standard,MA,20000,0
337,24,205,500,standard,MA,20000,0
451,51,81,608,pro,ES,50000,0
10944,48,146,835,standard,MA,10000,0
5198,66,148,415,pro,ES,50000,0
14422,55,28,847,standard,MA,5000,1
569,45,83,816,pro,MA,5000,1
14943,55,100,688,standard,FR,5000,0
13907,65,18,655,standard,MA,10000,1
2817,21,61,426,standard,MA,5000,0
3279,43,127,554,premium,MA,5000,1
11421,36,128,480,standard,MA,5000,0
7297,19,153,629,standard,MA,5000,0
11769,39,216,354,standard,GB,10000,1
960,42,54,650,premium,MA,5000,1
14551,62,109,528,standard,DE,20000,1
89,38,114,418,premium,MA,5000,0
1502,32,100,826,standard,MA,5000,1
10459,70,162,747,standard,MA,10000,1
11361,73,166,804,premium,MA,10000,2
5290,25,113,541,standard,FR,10000,0
6193,37,32,792,premium,FR,20000,0
2007,38,212,428,premium,FR,10000,1
1692,49,90,331,premium,MA,10000,0
10819,33,29,756,premium,DE,5000,1
1669,51,178,503,premium,MA,10000,1
12684,30,30,802,standard,MA,10000,0
8869,56,198,614,standard,FR,10000,2
5579,28,69,801,standard,MA,5000,0
13042,69,63,456,standard,MA,20000,0
13770,54,73,659,standard,DE,20000,0
9523,31,7,487,standard,MA,10000,3
832,41,41,525,standard,MA,5000,0
692,53,14,737,premium,MA,50000,0
6321,65,138,632,premium,MA,5000,1
6281,54,118,516,standard,MA,5000,2
4264,36,107,344,premium,MA,20000,1
10271,64,85,656,standard,FR,20000,0
2114,38,226,330,standard,ES,10000,2
8517,43,80,767,standard,MA,10000,0
8348,22,132,786,standard,MA,5000,0
2069,50,219,634,premium,MA,20000,1
14400,23,220,668,premium,ES,5000,0
3864,54,222,465,standard,MA,10000,0
4548,27,135,786,standard,MA,10000,0
11274,47,184,835,standard,MA,10000,0
5605,26,18,320,pro,ES,20000,0
7191,19,112,579,standard,FR,5000,0
4823,42,198,809,standard,MA,20000,0
7399,37,234,470,pro,ES,20000,0
2920,63,206,724,standard,MA,5000,0
7438,59,178,446,pro,MA,50000,0
14994,66,174,339,premium,MA,5000,0
9715,55,226,539,premium,FR,5000,0
4790,54,124,515,premium,MA,5000,2
8912,52,220,780,premium,GB,10000,0
10587,42,46,464,premium,FR,10000,0
3482,18,203,832,standard,GB,10000,1
14866,35,230,838,standard,FR,5000,0
8610,58,111,785,standard,MA,50000,1
7098,45,106,353,standard,FR,5000,0
1934,36,116,763,premium,MA,5000,0
8579,25,50,385,standard,ES,10000,0
12165,56,127,662,premium,MA,5000,0
8401,23,152,420,standard,ES,10000,0
10496,54,50,557,standard,MA,50000,0
6001,38,130,834,premium,MA,10000,0
3396,24,101,714,premium,MA,5000,0
9350,35,135,384,standard,MA,10000,0
8855,55,155,473,standard,FR,5000,0
1233,39,114,302,premium,DE,20000,0
12280,70,21,713,premium,ES,10000,0
10942,64,136,621,premium,MA,5000,1
8721,42,116,712,standard,MA,5000,0
8322,53,228,844,standard,ES,5000,0
1338,33,115,413,standard,MA,10000,0
8480,74,30,809,standard,DE,20000,0
11935,26,238,665,premium,MA,20000,0
11192,70,59,475,standard,MA,50000,0
1883,69,149,691,premium,MA,5000,0
5585,73,144,400,premium,GB,20000,0
12720,41,214,702,standard,MA,10000,0
11835,58,216,547,standard,ES,10000,0
6510,31,141,435,standard,FR,5000,0
13818,73,229,665,premium,ES,5000,0
14638,48,155,716,pro,MA,5000,0
14087,31,225,781,standard,ES,10000,0
1217,58,10,691,standard,MA,5000,1
2051,72,101,706,standard,FR,10000,0
14324,64,45,534,premium,FR,5000,0
7241,36,110,597,standard,MA,20000,1
1393,69,35,470,standard,DE,10000,1
13568,31,144,314,standard,MA,50000,0
9047,72,136,599,standard,MA,10000,0
8809,61,61,340,pro,FR,5000,0
11344,56,83,477,premium,MA,10000,1
10329,57,8,547,standard,ES,10000,0
1506,69,80,468,standard,MA,50000,0
14091,20,140,715,premium,ES,5000,0
534,47,19,774,standard,MA,5000,1
12166,74,18,402,standard,MA,5000,0
5990,55,233,642,standard,MA,5000,0
2210,65,4,652,premium,DE,5000,0
8723,66,78,332,standard,MA,20000,1
4932,72,182,781,pro,MA,5000,0
6134,43,3,800,premium,MA,20000,1
3622,74,233,418,standard,GB,5000,0
6184,73,71,722,standard,DE,50000,0
7587,70,138,421,standard,GB,10000,0
7952,29,42,600,standard,MA,5000,1
13107,60,138,565,standard,MA,10000,2
1928,46,194,833,standard,MA,5000,0
12782,67,61,428,standard,ES,10000,1
2967,51,87,845,pro,FR,10000,1
9574,46,189,502,pro,MA,10000,0
13056,61,103,361,standard,DE,20000,0
4740,33,236,381,premium,ES,50000,1
5664,56,222,321,standard,FR,10000,0
6031,21,155,507,standard,MA,20000,1
13795,50,206,819,pro,MA,20000,0
10196,23,164,767,standard,FR,10000,0
5912,45,135,703,pro,DE,10000,0
9891,19,148,577,premium,FR,5000,0
207,18,165,309,premium,FR,10000,3
13984,57,167,843,premium,FR,50000,0
6303,60,11,520,standard,DE,10000,1
356,24,125,572,premium,MA,10000,0
3536,24,116,491,standard,FR,5000,0
2341,50,183,338,pro,MA,5000,1
12836,73,194,395,standard,MA,20000,0
10150,49,205,817,premium,MA,5000,0
4560,60,133,316,standard,FR,5000,1
10705,70,80,628,standard,FR,5000,2
8314,21,124,396,standard,FR,10000,1
14621,61,46,733,standard,ES,10000,0
10213,61,185,402,pro,MA,10000,1
10407,60,146,370,premium,MA,10000,0
7826,24,232,688,standard,ES,5000,1
12227,22,20,846,premium,MA,5000,1
3342,42,172,330,standard,FR,5000,0
6768,52,77,795,pro,FR,20000,1
1896,60,28,308,standard,DE,10000,3
732,27,224,338,premium,MA,5000,0
10731,45,10,723,standard,ES,5000,1
4851,57,209,511,standard,MA,20000,0
8803,20,74,488,premium,MA,10000,1
14217,40,6,663,pro,MA,10000,0
9305,28,120,452,standard,ES,5000,0
14368,65,167,453,pro,MA,5000,0
6925,60,149,336,standard,MA,10000,1
12347,31,154,583,premium,DE,10000,0
14117,48,171,430,premium,MA,50000,0
3736,48,33,763,standard,FR,5000,0
5211,46,239,724,standard,ES,5000,1
246,46,236,422,standard,MA,10000,0
12625,39,226,602,premium,MA,5000,0
7848,36,147,608,premium,GB,20000,0
8556,41,71,738,standard,DE,10000,0
12725,35,4,335,standard,MA,10000,0
3123,57,186,399,premium,ES,20000,1
8006,46,215,817,standard,MA,10000,1
8081,19,105,741,pro,MA,10000,0
8181,26,40,477,standard,GB,5000,0
14855,20,86,810,premium,MA,20000,0
10467,59,89,303,standard,MA,10000,1
9887,40,30,335,premium,MA,20000,0
3658,22,188,459,standard,MA,10000,1
1728,31,77,800,premium,MA,5000,0
14949,47,31,533,premium,MA,10000,0
488,33,120,803,premium,FR,10000,1
1266,66,228,323,standard,MA,10000,1
13331,37,56,354,premium,FR,10000,0
10567,45,75,652,premium,MA,20000,2
14777,44,116,303,standard,GB,5000,1
11950,20,177,331,premium,ES,5000,0
11930,37,193,835,pro,FR,20000,0
13806,32,191,508,premium,DE,10000,0
176,48,233,665,premium,MA,10000,0
13430,27,235,606,standard,GB,50000,0
2436,34,238,780,standard,FR,20000,1
8388,43,82,329,premium,MA,10000,1
14467,60,158,692,pro,ES,20000,0
4010,36,157,775,standard,MA,10000,1
1782,28,156,450,premium,GB,5000,0
4437,52,140,680,premium,MA,5000,1
4788,50,91,749,standard,MA,5000,0
5948,52,20,403,standard,MA,20000,0
12154,42,226,652,premium,MA,10000,1
12103,35,91,792,pro,MA,5000,1
11312,20,113,564,standard,GB,50000,1
10347,47,110,428,standard,FR,5000,0
10300,65,10,369,standard,MA,5000,0
5813,56,173,844,standard,FR,10000,0
7251,35,40,512,standard,MA,10000,0
12398,35,36,324,standard,FR,20000,0
12512,73,69,721,standard,FR,5000,0
7779,48,88,679,standard,FR,20000,0
9009,37,75,306,premium,MA,50000,0
4202,43,118,469,premium,MA,5000,0
7051,33,181,532,standard,FR,5000,0
14240,38,135,332,standard,MA,20000,0
7194,31,48,402,premium,ES,5000,0
14166,21,188,320,standard,MA,5000,1
4651,23,67,500,premium,MA,5000,0
5718,56,182,721,standard,MA,10000,0
13540,33,205,755,standard,MA,5000,0
6594,52,75,678,premium,ES,20000,1
8895,71,82,694,standard,ES,20000,1
13391,51,167,567,standard,MA,10000,1
8027,27,15,669,standard,MA,20000,0
8537,18,186,611,premium,DE,10000,0
8310,36,124,525,standard,FR,20000,0
8651,58,97,520,standard,DE,20000,0
4115,36,168,543,premium,ES,50000,1
9570,64,234,571,standard,ES,5000,0
8328,62,236,365,standard,FR,10000,0
1405,67,126,742,premium,FR,10000,1
2064,42,53,616,standard,MA,5000,1
898,73,118,841,standard,ES,10000,0
2422,51,208,647,standard,MA,5000,0
9778,51,116,570,standard,FR,5000,1
7300,28,151,716,premium,DE,10000,1
12894,21,65,625,standard,DE,10000,0
14857,49,147,593,standard,MA,5000,0
3967,65,111,488,premium,DE,5000,1
12744,48,130,468,standard,FR,5000,1
6512,32,13,575,pro,FR,10000,0
12294,59,100,801,standard,MA,50000,0
12350,57,95,402,premium,DE,20000,0
2085,46,11,474,pro,MA,50000,1
533,74,125,733,premium,FR,10000,0
2543,50,235,664,standard,MA,5000,0
13342,20,93,534,premium,MA,10000,0
14339,55,80,793,standard,MA,10000,0
11048,54,105,458,premium,MA,10000,1
6884,24,42,472,standard,DE,10000,0
4135,39,211,638,standard,FR,5000,0
12680,23,86,632,pro,ES,10000,0
10595,71,216,518,standard,MA,10000,0
4737,50,7,575,standard,FR,5000,0
5486,69,214,679,standard,MA,10000,0
7104,51,28,593,standard,FR,5000,0
13736,33,45,341,standard,MA,20000,0
9443,73,74,824,premium,FR,5000,1
5129,69,212,706,premium,MA,10000,1
2856,27,231,837,standard,MA,5000,1
13136,36,145,605,standard,MA,5000,0
1182,50,11,515,standard,ES,5000,1
13997,62,57,743,standard,ES,5000,0
11136,58,53,313,premium,FR,10000,2
13599,43,176,479,premium,MA,20000,0
5065,60,19,312,premium,MA,5000,0
3513,38,155,497,standard,MA,5000,0
10107,53,116,795,premium,MA,50000,0
7900,51,148,548,premium,MA,20000,0
4857,43,152,486,standard,MA,50000,0
10843,48,158,432,pro,ES,10000,0
9616,69,129,797,premium,FR,10000,1
1719,61,195,591,pro,MA,5000,0
9954,64,144,583,premium,MA,5000,0
9757,35,105,408,premium,FR,5000,0
11679,36,203,668,standard,DE,5000,0
2653,38,48,453,standard,MA,5000,0
2181,56,48,791,standard,FR,5000,2
4293,34,113,551,standard,MA,5000,0
1131,48,91,452,standard,FR,5000,1
10694,42,39,825,premium,MA,10000,0
8239,34,193,683,standard,MA,10000,0
2513,55,27,755,standard,MA,10000,1
7085,74,133,735,standard,GB,50000,1
14679,45,235,363,premium,FR,5000,1
13018,21,38,641,premium,ES,5000,0
10734,57,131,583,premium,MA,20000,0
10258,63,15,733,pro,FR,20000,0
14812,55,161,601,pro,GB,5000,0
5960,40,117,447,standard,MA,10000,0
6322,59,75,736,standard,MA,5000,0
13016,34,166,839,premium,MA,10000,1
12175,69,195,461,pro,ES,10000,1
480,34,236,659,premium,FR,10000,0
6940,44,200,344,premium,MA,10000,0
847,29,79,610,premium,ES,5000,0
11332,43,229,384,standard,DE,5000,0
649,53,233,630,standard,DE,20000,0
8656,28,109,545,standard,MA,10000,0
3511,34,3,822,standard,DE,5000,0
11045,73,227,580,pro,FR,5000,0
13667,45,99,654,standard,ES,5000,0
8282,69,81,638,premium,MA,10000,0
11377,24,166,736,premium,MA,10000,1
9349,70,137,366,standard,MA,5000,0
1822,28,12,342,standard,MA,50000,0
3178,52,142,413,premium,MA,20000,0
3284,59,151,849,standard,ES,5000,0
1771,71,91,628,standard,MA,10000,0
11878,31,48,514,pro,MA,5000,0
7313,34,154,338,standard,MA,5000,0
5139,72,152,540,standard,MA,5000,0
1615,25,185,470,standard,FR,5000,0
9930,48,205,496,pro,MA,10000,1
10584,50,37,776,standard,MA,10000,1
9449,62,26,504,premium,FR,20000,0
10267,35,171,621,premium,ES,20000,0
9276,34,107,635,pro,FR,20000,0
9794,58,84,337,standard,MA,10000,1
11188,65,58,513,premium,ES,5000,1
14173,44,155,380,standard,ES,10000,0
4696,22,60,613,premium,FR,5000,0
14547,54,181,402,standard,ES,10000,0
13120,31,139,732,standard,MA,5000,0
7768,29,69,506,pro,FR,5000,0
2087,49,76,499,standard,FR,5000,1
9286,61,113,358,premium,MA,20000,0
4033,66,51,622,standard,MA,10000,1
13979,19,151,333,standard,GB,5000,0
7392,27,83,830,standard,MA,5000,0
306,25,47,460,premium,GB,5000,0
4082,19,212,490,pro,FR,5000,0
7248,18,178,351,premium,FR,20000,1
3823,42,94,616,standard,MA,5000,1
1409,22,114,744,premium,MA,5000,0
2698,48,215,680,standard,MA,5000,0
8290,66,75,589,standard,FR,5000,1
1430,72,203,357,standard,MA,20000,1
9411,37,79,588,pro,FR,5000,2
6748,58,96,658,standard,ES,20000,0
9335,39,41,509,premium,MA,5000,0
9064,49,168,423,standard,ES,5000,0
6488,25,171,304,standard,GB,5000,0
8662,51,64,646,standard,MA,5000,1
7559,53,35,500,standard,MA,5000,0
1868,59,24,647,standard,MA,5000,0
14460,42,124,655,standard,FR,5000,0
5106,31,141,386,standard,DE,10000,0
2170,61,226,462,pro,ES,5000,0
6388,52,57,522,standard,MA,5000,0
2454,49,106,754,standard,ES,5000,1
380,22,79,834,premium,MA,10000,0
14917,21,160,654,standard,MA,5000,1
6179,61,9,807,standard,MA,10000,0
14027,19,200,652,standard,MA,20000,1
13799,40,72,355,standard,GB,5000,0
10355,63,199,434,standard,MA,20000,2
8722,41,195,582,standard,MA,20000,0
3487,61,88,605,standard,MA,10000,1
7326,31,146,707,standard,ES,5000,0
6146,54,114,392,standard,ES,5000,1
675,26,211,402,standard,MA,20000,0
10868,68,15,409,premium,MA,5000,0
5181,67,119,332,premium,FR,5000,0
12332,58,12,499,standard,FR,5000,1
6153,74,177,745,pro,MA,5000,0
3403,51,171,610,standard,DE,10000,0
9369,55,239,369,premium,MA,20000,0
14067,37,47,509,standard,MA,5000,0
3986,40,100,610,premium,MA,10000,1
7476,34,199,701,standard,FR,5000,1
9578,61,32,635,standard,MA,5000,1
4935,54,84,712,premium,MA,10000,0
11149,56,48,473,standard,GB,10000,0
305,46,18,762,premium,MA,10000,1
4944,63,64,657,pro,MA,50000,0
13210,47,140,717,standard,MA,5000,0
14527,21,169,829,standard,ES,50000,0
634,33,238,379,pro,FR,5000,0
4679,40,159,743,standard,FR,10000,0
5005,52,235,791,standard,MA,10000,1
6575,42,71,316,premium,FR,20000,0
4695,58,191,791,standard,MA,20000,0
8791,35,116,582,premium,MA,5000,0
980,28,78,495,pro,MA,10000,2
14918,22,76,678,standard,DE,20000,0
13970,27,106,482,standard,FR,5000,1
13854,36,233,550,standard,MA,10000,0
8671,55,165,529,premium,FR,5000,1
1476,54,31,658,premium,MA,10000,0
13271,70,122,493,premium,MA,5000,2
9624,57,165,459,premium,FR,10000,0
6071,65,56,358,pro,MA,5000,2
13538,72,34,502,standard,MA,10000,1
7543,52,106,560,standard,MA,10000,0
9118,68,153,423,standard,MA,5000,0
5407,23,111,321,premium,FR,5000,1
11915,50,171,484,premium,FR,5000,0
4348,31,223,805,pro,ES,5000,1
338,39,154,774,standard,FR,10000,0
7479,20,233,393,pro,MA,20000,1
11296,43,203,561,standard,MA,50000,1
8203,66,135,505,standard,MA,10000,0
5481,39,89,332,standard,FR,5000,0
902,56,98,541,pro,MA,10000,1
2519,58,53,793,standard,FR,5000,1
5351,31,55,815,premium,FR,10000,1
7850,41,118,386,standard,DE,10000,0
8694,70,139,710,premium,FR,5000,1
3435,47,195,361,premium,DE,10000,0
7733,62,48,629,standard,MA,10000,0
9415,32,61,724,standard,FR,5000,0
487,62,118,640,standard,MA,10000,0
6527,61,159,551,premium,FR,10000,0
6954,45,45,519,standard,FR,20000,0
2252,44,226,725,standard,FR,10000,0
4192,26,195,457,standard,FR,10000,0
4508,29,1,837,standard,DE,20000,0
1974,32,178,631,pro,MA,10000,1
106,37,75,326,standard,FR,20000,0
4237,69,16,404,standard,MA,5000,0
14246,52,195,700,premium,MA,10000,1
10977,38,136,388,pro,MA,5000,0
8690,29,171,345,standard,MA,20000,0
9561,55,202,624,premium,DE,5000,0
1743,61,117,529,standard,MA,20000,0
1760,50,13,597,standard,FR,10000,0
9940,23,113,532,premium,MA,5000,0
2781,23,171,661,standard,FR,5000,0
1564,21,97,734,standard,MA,10000,0
3795,63,216,530,standard,FR,5000,0
3811,45,203,750,premium,ES,5000,0
10220,29,101,437,premium,FR,5000,0
6875,68,78,798,pro,MA,10000,0
12325,69,78,670,standard,MA,20000,0
8573,44,68,763,premium,MA,10000,0
10926,37,79,361,pro,ES,5000,0
12341,47,108,590,standard,MA,10000,0
2127,37,210,564,standard,ES,20000,0
11302,20,113,393,standard,MA,10000,1
4819,54,235,409,premium,DE,10000,0
4021,67,126,574,standard,MA,10000,0
954,68,182,557,standard,MA,5000,1
14039,20,181,558,premium,FR,5000,0
2825,52,2,650,standard,FR,10000,1
3189,66,236,677,standard,ES,10000,0
4889,67,99,570,standard,FR,10000,1
3614,53,71,702,premium,DE,10000,1
5256,62,70,683,standard,FR,10000,0
6307,46,202,681,premium,MA,5000,0
5447,28,226,349,standard,MA,10000,0
2266,37,171,796,standard,MA,10000,0
852,68,184,590,standard,FR,5000,0
13347,59,143,846,standard,FR,5000,0
8998,74,200,414,standard,MA,5000,0
3053,33,61,688,standard,DE,20000,1
9629,62,136,631,standard,MA,5000,0
6550,60,137,348,premium,DE,50000,0
2153,70,167,499,pro,FR,5000,1
14481,33,51,661,premium,MA,5000,1
10814,24,41,326,premium,MA,20000,0
3635,39,119,635,standard,DE,10000,1
1415,51,28,658,standard,ES,10000,0
4848,53,203,354,standard,DE,10000,0
5786,68,29,575,standard,FR,10000,0
14408,65,224,606,standard,DE,10000,0
9830,48,64,461,premium,MA,20000,0
9180,69,82,325,standard,MA,5000,0
10428,35,47,743,standard,DE,5000,0
8466,55,11,581,premium,GB,10000,0
12184,45,7,659,standard,DE,20000,0
2310,20,117,724,standard,MA,5000,0
7177,65,76,631,standard,ES,10000,0
3207,32,77,744,standard,ES,10000,0
13668,37,106,712,premium,MA,5000,0
8361,32,130,593,standard,DE,5000,0
12342,55,91,428,standard,FR,10000,0
5701,66,87,697,pro,GB,5000,0
7225,21,128,740,standard,MA,10000,0
5172,29,41,698,standard,DE,10000,0
13581,59,112,363,premium,ES,10000,0
13031,30,88,845,premium,MA,5000,0
93,33,78,849,premium,MA,20000,0
7545,62,157,415,standard,FR,10000,2
1342,21,199,499,standard,MA,10000,0
13316,49,234,558,standard,MA,10000,0
3579,35,14,778,premium,MA,20000,0
13284,47,86,778,standard,MA,20000,0
1739,44,60,441,premium,FR,20000,0
7956,65,93,343,standard,MA,5000,0
11702,45,45,641,standard,FR,10000,0
13110,36,89,387,premium,MA,20000,0
7567,31,165,731,premium,MA,20000,0
2194,67,212,322,standard,ES,50000,0
11453,18,231,842,premium,MA,10000,2
5238,67,101,710,standard,MA,5000,0
14746,19,3,546,standard,MA,20000,0
12333,61,115,452,standard,MA,50000,0
13627,43,42,429,premium,ES,20000,0
765,67,225,354,standard,MA,5000,0
8806,29,89,536,standard,MA,10000,0
14492,61,163,472,standard,MA,20000,0
12339,26,190,625,standard,MA,5000,0
9801,60,122,788,premium,MA,5000,0
9809,70,103,728,standard,MA,5000,0
10522,28,239,503,standard,ES,10000,0
3167,33,147,420,pro,DE,5000,0
4211,56,226,614,standard,MA,10000,1
1683,70,154,528,standard,FR,20000,0
3064,65,124,533,pro,FR,5000,0
4678,73,165,455,standard,MA,20000,0
10660,52,233,493,premium,FR,20000,3
4585,64,9,327,standard,FR,5000,0
5313,38,164,801,premium,MA,5000,0
3780,36,155,681,standard,FR,20000,0
9522,43,53,320,standard,ES,5000,0
13116,24,199,771,standard,FR,5000,0
3804,31,203,695,premium,FR,5000,1
7811,52,38,689,premium,ES,5000,0
10995,51,53,759,standard,GB,5000,0
9272,40,134,620,premium,MA,10000,0
984,22,104,576,premium,MA,10000,0
10081,20,179,628,standard,FR,5000,0
11080,63,150,303,premium,MA,10000,0
12018,22,91,691,standard,MA,5000,0
10935,47,225,541,standard,DE,10000,1
708,47,73,337,premium,MA,5000,0
4748,50,40,711,standard,MA,5000,0
12656,26,36,483,standard,MA,20000,0
14148,50,177,380,standard,MA,20000,0
1145,69,229,483,standard,FR,5000,0
6447,32,184,781,standard,ES,10000,0
13660,67,9,491,premium,MA,20000,0
9994,32,29,595,premium,MA,20000,0
5885,66,136,801,standard,MA,5000,0
9158,72,184,692,standard,MA,5000,0
6517,42,6,748,standard,DE,50000,0
12276,18,211,557,standard,MA,5000,1
4842,53,202,847,standard,MA,5000,0
4207,52,83,403,standard,MA,10000,0
10110,61,52,389,pro,MA,10000,0
11709,43,71,645,premium,GB,5000,0
3145,28,121,570,standard,MA,5000,0
2234,71,184,448,pro,MA,20000,1
10265,40,82,820,standard,MA,10000,0
1910,49,148,700,standard,FR,20000,0
4808,72,219,791,standard,ES,5000,0
8163,48,149,397,standard,MA,20000,0
1892,30,91,406,standard,FR,20000,0
5945,63,99,597,standard,MA,10000,1
8357,72,64,840,premium,MA,10000,2
3642,24,75,725,standard,MA,5000,0
4705,39,236,325,premium,MA,5000,0
10264,26,170,442,standard,MA,5000,0
3359,39,47,322,standard,MA,5000,0
1310,52,8,395,premium,FR,10000,0
14285,70,198,307,pro,MA,20000,0
1560,69,197,758,standard,MA,5000,1
9745,41,65,700,premium,ES,20000,1
3646,22,59,313,standard,DE,10000,0
128,20,181,415,premium,DE,5000,1
10132,29,212,563,standard,FR,10000,0
2353,55,156,654,standard,MA,10000,0
9955,41,5,745,premium,MA,20000,0
7502,56,231,736,pro,MA,10000,1
14283,63,223,607,standard,FR,10000,0
7468,61,204,571,standard,MA,10000,1
1839,19,31,814,standard,FR,5000,3
7222,51,210,578,premium,MA,50000,0
12004,19,130,434,standard,FR,20000,0
6264,29,27,484,premium,FR,10000,1
9605,60,149,749,premium,MA,20000,0
5155,46,48,339,standard,ES,20000,0
7929,48,236,473,standard,MA,20000,0
1904,22,34,774,standard,MA,10000,2
2308,32,146,787,standard,FR,10000,0
8742,64,129,849,standard,ES,10000,0
652,65,59,678,standard,MA,5000,0
1805,53,145,654,pro,MA,20000,0
14599,56,217,468,pro,ES,10000,0
2462,46,203,642,standard,MA,10000,0
473,49,118,376,standard,FR,5000,0
9784,55,221,608,standard,MA,10000,0
10359,73,57,671,premium,MA,5000,0
11004,20,188,817,standard,MA,5000,1
13039,64,43,525,pro,MA,5000,0
14501,55,217,363,standard,MA,5000,0
10172,36,78,542,pro,GB,10000,0
11784,26,57,591,standard,MA,20000,1
11434,51,22,759,standard,FR,5000,2
13548,51,77,427,standard,FR,5000,1
4168,23,219,787,standard,MA,5000,0
7944,72,187,630,standard,MA,5000,1
14379,40,183,498,standard,MA,5000,1
105,30,72,492,premium,MA,5000,0
88,47,87,346,pro,DE,20000,1
6341,25,210,767,standard,DE,20000,1
14331,23,88,775,premium,MA,10000,1
11095,59,238,516,standard,MA,10000,0
9181,73,58,707,standard,MA,20000,0
7623,29,211,758,standard,MA,10000,0
7607,31,13,360,standard,MA,10000,0
14383,68,39,570,premium,GB,20000,0
3809,20,56,821,standard,ES,5000,2
11978,55,236,412,standard,GB,5000,1
5532,45,128,563,standard,FR,20000,0
1695,66,173,633,premium,FR,5000,0
5656,51,236,788,standard,ES,5000,0
12678,54,121,508,standard,MA,20000,0
1766,74,162,683,premium,MA,5000,0
11213,29,148,406,premium,DE,10000,0
7625,21,136,361,standard,MA,5000,0
8208,74,21,394,pro,FR,5000,0
850,23,6,445,standard,ES,10000,0
10015,28,134,351,standard,FR,10000,0
7709,63,18,575,standard,MA,20000,0
1835,44,108,602,pro,MA,20000,0
10590,32,87,546,standard,MA,5000,1
11282,74,2,575,standard,FR,5000,0
7299,71,121,569,standard,MA,10000,1
4930,66,89,685,standard,ES,20000,0
197,26,164,715,premium,MA,5000,0
5143,60,55,743,premium,FR,20000,0
11431,35,96,345,premium,GB,5000,0
4020,71,126,586,standard,MA,10000,0
8800,73,37,650,premium,MA,5000,1
6546,25,43,751,standard,MA,20000,0
9240,58,7,438,standard,FR,10000,0
7539,69,198,463,premium,MA,10000,0
6628,38,183,468,standard,MA,50000,0
14299,57,106,476,standard,MA,5000,0
1811,22,200,780,standard,GB,10000,0
9804,40,212,550,premium,MA,5000,1
10540,30,230,688,standard,FR,10000,0
2888,28,162,530,premium,MA,10000,0
14286,33,220,722,standard,MA,10000,0
4289,27,109,536,standard,ES,50000,0
391,55,107,458,standard,DE,5000,0
14223,72,64,480,standard,MA,20000,0
13704,40,115,848,standard,MA,5000,0
4767,18,132,651,standard,DE,20000,0
8749,43,173,765,standard,MA,5000,0
9375,35,5,848,standard,MA,5000,1
11825,22,136,445,standard,MA,10000,0
6406,26,28,821,premium,FR,5000,0
13623,67,112,780,standard,FR,10000,1
8304,32,38,725,premium,MA,5000,0
12306,20,75,835,premium,DE,10000,0
11594,21,193,463,standard,MA,5000,1
3137,45,157,805,standard,FR,5000,0
1722,23,115,579,standard,MA,5000,0
10367,34,82,301,standard,MA,10000,0
2984,60,162,823,standard,ES,20000,0
9403,45,211,439,standard,GB,10000,0
9978,46,195,654,standard,MA,50000,0
4409,53,135,301,standard,MA,5000,1
5119,58,81,347,pro,FR,10000,0
8008,71,120,525,standard,MA,5000,0
5047,63,61,408,standard,FR,20000,0
14731,28,164,593,premium,MA,10000,0
12321,29,125,609,standard,DE,5000,0
9638,30,239,693,standard,FR,10000,0
2942,18,126,631,standard,DE,10000,1
10686,35,165,483,standard,ES,5000,0
7844,23,152,412,premium,ES,5000,0
6797,36,64,526,standard,MA,5000,1
820,37,66,529,pro,MA,20000,0
5294,57,225,569,premium,ES,20000,0
11603,71,198,322,standard,ES,10000,0
790,61,201,807,standard,MA,5000,0
2512,52,140,642,premium,MA,20000,0
10479,70,225,788,standard,MA,10000,0
10958,28,39,748,premium,MA,5000,2
426,58,207,599,standard,FR,5000,0
10597,40,125,429,standard,MA,5000,0
6705,41,158,307,standard,MA,20000,1
9104,67,164,312,premium,MA,10000,0
14416,35,87,546,standard,MA,10000,0
7052,60,120,661,pro,MA,20000,1
8859,45,73,610,standard,MA,10000,1
2527,49,182,515,standard,ES,10000,0
2972,31,33,468,standard,FR,20000,1
3808,59,169,716,premium,MA,5000,0
9433,68,190,465,standard,MA,20000,1
2340,64,68,474,premium,MA,5000,2
642,71,188,649,standard,DE,10000,1
3050,47,162,845,standard,MA,20000,1
13724,64,53,437,standard,MA,10000,0
6685,24,232,824,standard,FR,10000,0
9085,59,159,346,standard,FR,5000,0
9832,44,187,580,standard,MA,10000,0
3319,59,45,572,standard,MA,10000,0
4960,31,178,777,standard,MA,10000,0
11957,22,155,436,standard,DE,10000,0
2009,58,43,469,standard,MA,20000,0
4556,51,41,528,standard,MA,10000,0
11290,61,9,789,standard,GB,10000,0
8829,73,61,840,standard,MA,50000,0
5965,45,82,624,standard,MA,20000,1
4485,74,208,697,standard,MA,10000,0
12149,22,205,509,premium,FR,5000,0
9492,20,127,741,standard,MA,10000,0
7804,58,214,640,pro,MA,50000,0
7443,61,180,364,premium,FR,5000,0
3955,55,133,445,standard,FR,10000,0
7006,23,231,390,pro,MA,20000,1
3475,37,49,409,standard,DE,20000,1
5206,61,214,560,premium,GB,20000,0
882,73,50,337,standard,MA,5000,0
6507,27,150,418,premium,MA,10000,1
11148,64,29,327,standard,MA,5000,0
8476,46,166,840,premium,DE,5000,0
12511,46,51,654,premium,ES,20000,0
10876,68,151,687,standard,MA,5000,0
11607,37,128,770,standard,FR,10000,0
3828,64,219,387,premium,GB,10000,0
2470,27,33,695,standard,GB,5000,1
12417,42,221,699,standard,FR,10000,0
1572,66,196,515,standard,MA,5000,0
1077,60,100,462,standard,MA,20000,0
4285,44,212,301,standard,FR,5000,2
2988,50,92,352,pro,MA,5000,0
14363,38,123,570,standard,GB,50000,0
10169,63,6,632,standard,MA,5000,0
10646,63,55,827,premium,MA,20000,0
11605,73,60,376,standard,FR,20000,0
8540,48,69,457,standard,MA,5000,0
2998,43,30,375,standard,FR,5000,1
13450,51,206,709,standard,MA,20000,0
3926,59,60,684,standard,MA,50000,0
1177,43,14,445,standard,FR,10000,0
6634,54,100,751,standard,MA,10000,0
14287,45,24,310,standard,FR,10000,1
14747,55,176,669,standard,MA,5000,0
1088,53,207,760,premium,DE,5000,0
7237,40,37,439,standard,FR,10000,0
12707,60,167,639,standard,MA,5000,0
7941,23,220,808,premium,FR,5000,0
5915,69,94,682,standard,MA,5000,0
4697,27,44,366,standard,FR,20000,0
13878,54,78,754,standard,MA,5000,1
4432,24,133,569,premium,MA,10000,1
8080,39,84,687,standard,MA,10000,0
6363,62,209,770,standard,FR,10000,1
13250,60,8,479,standard,FR,20000,0
14637,18,91,542,standard,MA,5000,0
9148,24,37,841,premium,MA,10000,0
240,61,185,349,standard,MA,5000,0
14224,38,5,461,standard,MA,5000,0
523,29,214,496,standard,FR,5000,0
7368,55,135,787,premium,MA,10000,0
6374,18,160,394,standard,MA,5000,0
2572,52,23,441,standard,MA,20000,0
8186,30,61,390,standard,MA,5000,1
7641,30,94,821,standard,ES,5000,1
6915,23,66,587,standard,ES,20000,0
10078,57,54,755,standard,MA,5000,0
3613,40,51,340,pro,FR,5000,0
7167,33,238,448,pro,FR,10000,0
6155,56,35,748,pro,ES,10000,0
10922,52,162,849,premium,FR,10000,1
958,49,132,481,standard,MA,5000,0
5566,23,101,371,standard,MA,10000,1
1983,55,9,358,standard,ES,20000,0
3229,73,182,808,standard,FR,20000,0
13097,28,136,411,pro,MA,20000,0
13785,48,90,629,standard,MA,20000,0
4265,27,32,442,standard,MA,5000,0
10918,55,131,740,standard,GB,10000,0
7621,24,164,632,standard,MA,5000,0
14163,26,68,533,standard,FR,5000,0
12229,41,54,543,premium,MA,5000,0
9397,71,160,843,premium,MA,10000,1
13635,54,185,609,standard,MA,10000,0
4780,54,79,740,premium,GB,10000,0
6772,73,220,713,pro,MA,5000,1
6920,50,124,765,standard,MA,10000,0
2819,66,152,644,standard,MA,10000,1
7317,40,66,626,premium,MA,20000,0
8418,53,23,815,standard,MA,10000,0
10991,27,28,634,pro,MA,10000,0
9025,54,25,685,standard,DE,20000,0
11251,64,204,525,pro,ES,20000,0
5827,25,41,706,standard,FR,20000,0
3668,52,228,456,premium,FR,10000,0
660,26,137,734,premium,MA,10000,0
6761,26,222,412,premium,FR,10000,0
12357,70,154,676,standard,MA,5000,0
9503,45,65,817,premium,ES,20000,1
8547,62,37,750,standard,FR,20000,0
13824,66,111,694,standard,MA,5000,1
12344,46,177,736,premium,ES,5000,1
12356,51,41,375,standard,MA,5000,0
8058,43,100,847,standard,MA,10000,1
10,19,216,577,standard,MA,5000,1
14754,52,113,603,standard,MA,5000,1
10552,61,237,591,pro,MA,10000,2
3629,56,163,331,standard,MA,5000,1
2866,59,140,428,standard,DE,5000,1
13631,31,98,319,premium,MA,5000,0
10294,38,191,584,standard,FR,5000,0
4820,37,194,806,standard,FR,10000,0
3154,19,139,337,standard,MA,50000,0
13123,41,138,563,standard,FR,5000,0
10903,74,114,774,pro,DE,20000,0
4689,25,190,689,pro,FR,10000,0
14297,70,168,684,standard,FR,10000,0
4420,25,4,416,pro,FR,10000,0
4058,25,88,832,standard,MA,10000,0
2469,28,132,441,standard,MA,5000,0
8952,32,207,422,standard,MA,5000,1
11873,18,193,660,standard,MA,5000,1
1026,46,103,341,premium,ES,10000,0
1129,36,169,392,standard,MA,5000,0
530,32,119,356,standard,MA,20000,0
14190,35,24,813,premium,MA,20000,0
1603,61,54,346,premium,MA,10000,0
423,49,194,639,standard,FR,5000,1
12340,69,20,798,pro,MA,5000,2
3412,48,223,532,standard,MA,5000,1
10849,39,90,554,premium,MA,20000,0
14891,18,220,485,standard,ES,5000,0
11687,25,72,676,standard,DE,5000,0
6729,60,193,423,pro,MA,20000,0
14216,55,32,478,premium,MA,10000,1
430,59,22,369,premium,MA,20000,0
4461,19,25,817,premium,MA,20000,0
1392,53,101,623,standard,MA,20000,0
803,19,52,420,premium,FR,20000,0
5861,32,151,494,premium,MA,50000,0
3120,36,63,447,standard,MA,5000,0
11737,38,220,510,standard,FR,5000,1
4268,47,173,651,premium,MA,5000,0
8241,32,13,611,standard,MA,20000,0
13634,65,18,709,standard,MA,5000,0
9987,22,128,435,standard,ES,20000,0
10418,63,176,667,standard,DE,20000,0
13519,21,127,556,standard,MA,20000,1
55,21,174,501,standard,MA,5000,1
956,53,10,789,premium,MA,5000,0
2969,73,217,522,premium,MA,20000,0
9157,27,127,367,premium,MA,5000,0
7739,59,9,791,standard,MA,20000,0
3702,59,206,519,standard,FR,10000,0
13152,67,177,569,premium,MA,10000,0
1263,31,52,355,premium,MA,20000,0
3126,54,133,694,standard,GB,20000,0
2718,64,163,557,premium,GB,5000,0
6297,18,18,325,standard,MA,5000,0
12860,64,83,324,pro,GB,10000,0
2118,71,86,740,pro,MA,10000,0
12413,54,38,714,premium,GB,5000,0
763,23,89,537,premium,FR,5000,0
3494,61,82,758,standard,ES,20000,1
12251,31,90,402,standard,MA,10000,1
7403,54,5,610,pro,MA,5000,0
434,33,168,842,premium,MA,10000,0
3003,43,182,464,premium,DE,50000,0
8839,54,28,593,standard,FR,10000,0
6913,59,205,409,standard,MA,10000,0
9550,44,20,763,standard,MA,10000,1
13874,59,60,603,pro,FR,5000,0
3805,56,11,618,premium,MA,20000,0
1817,26,17,496,premium,ES,5000,1
3016,23,126,804,premium,DE,10000,1
13870,22,151,471,standard,FR,5000,1
12760,29,136,841,pro,MA,5000,1
4173,71,216,464,standard,FR,5000,1
4875,53,37,422,standard,FR,5000,1
12258,22,153,796,premium,FR,20000,1
14774,67,199,309,standard,MA,5000,1
6394,41,125,324,premium,MA,20000,0
12944,40,154,398,premium,MA,20000,1
12687,26,230,554,standard,MA,20000,0
7857,54,238,832,premium,MA,5000,0
6626,74,189,329,standard,MA,5000,1
2584,39,107,803,premium,MA,20000,0
5946,49,45,322,premium,MA,10000,0
3845,25,164,650,standard,MA,10000,0
2763,29,147,501,standard,MA,5000,0
4672,32,212,810,premium,ES,20000,0
14101,63,24,429,standard,MA,5000,0
13658,51,26,636,premium,FR,10000,0
14289,42,169,311,pro,FR,10000,2
1813,53,170,740,standard,FR,10000,0
8918,48,223,705,standard,ES,10000,0
14563,26,35,559,standard,MA,5000,0
10327,74,180,772,standard,ES,10000,0
386,20,123,650,premium,DE,5000,0
4228,61,115,509,standard,MA,10000,1
11489,28,232,821,standard,FR,50000,0
13901,54,207,377,standard,MA,5000,0
6465,69,209,797,standard,FR,5000,2
5811,25,169,383,pro,MA,20000,1
8397,68,54,398,standard,MA,5000,0
12626,56,96,640,standard,MA,10000,0
10251,22,162,504,premium,FR,10000,0
7021,56,103,556,pro,MA,5000,1
12378,39,68,458,premium,MA,10000,2
11319,69,236,698,standard,MA,5000,0
2406,47,46,831,premium,MA,10000,1
10445,56,235,755,standard,DE,10000,1
9167,54,56,645,standard,FR,10000,0
6456,65,186,415,standard,MA,5000,0
11504,39,159,833,standard,ES,10000,0
1243,45,24,807,standard,ES,20000,1
663,60,40,547,pro,FR,10000,1
2076,36,91,725,premium,MA,10000,0
13884,70,121,540,premium,MA,5000,0
1685,72,136,441,standard,DE,5000,0
11252,63,135,733,standard,MA,10000,0
4197,32,194,842,standard,DE,20000,0
5017,29,228,752,premium,DE,50000,0
4988,60,122,771,premium,FR,10000,1
4326,65,89,592,premium,FR,10000,0
2254,25,108,425,standard,FR,10000,0
3538,73,187,714,standard,MA,5000,0
3542,52,2,496,premium,MA,10000,0
14688,48,144,486,premium,FR,10000,0
3507,53,219,568,premium,MA,10000,0
7557,19,138,816,standard,GB,5000,0
12647,66,126,593,premium,FR,5000,0
8964,43,156,772,premium,MA,5000,1
3656,56,70,765,standard,MA,20000,1
11868,24,12,444,standard,MA,10000,0
13991,29,116,603,standard,GB,50000,0
5818,28,30,789,premium,FR,20000,1
10072,39,90,467,pro,ES,5000,1
2762,33,208,585,standard,MA,10000,0
5169,64,201,301,standard,ES,20000,0
4939,72,203,401,standard,MA,5000,0
3553,64,102,429,standard,FR,10000,0
5175,39,139,614,standard,MA,10000,1
13389,62,62,617,standard,FR,5000,2
11749,50,159,527,standard,MA,5000,0
795,51,21,829,standard,MA,5000,0
10905,32,12,785,standard,DE,20000,0
8474,73,235,840,standard,MA,10000,0
9459,39,146,451,premium,MA,5000,0
3333,53,174,371,pro,MA,10000,0
13968,45,7,484,standard,ES,5000,0
6791,20,31,325,premium,MA,5000,1
7906,30,208,632,standard,FR,5000,0
3444,67,56,675,premium,FR,20000,3
6081,70,126,543,standard,ES,5000,0
5356,47,45,520,pro,MA,20000,0
6466,50,183,392,pro,MA,5000,2
114,28,153,498,standard,MA,5000,0
12211,49,84,772,standard,ES,5000,1
178,25,181,706,standard,FR,20000,0
11350,27,146,835,standard,MA,50000,1
2099,68,13,432,standard,MA,20000,0
1609,63,54,630,pro,MA,5000,0
8205,42,141,729,standard,FR,5000,0
1092,59,133,742,standard,FR,10000,1
9293,56,133,819,standard,FR,5000,1
9253,18,226,620,pro,MA,10000,0
10395,40,19,320,premium,FR,50000,0
9372,73,221,316,standard,MA,20000,0
9666,26,239,436,premium,MA,10000,0
9114,42,81,666,premium,MA,10000,1
8763,63,193,384,standard,MA,10000,1
12351,38,224,324,pro,DE,20000,0
6986,36,226,802,standard,MA,50000,0
8020,20,6,308,premium,ES,50000,1
10699,71,133,465,standard,MA,5000,0
4097,59,109,373,premium,MA,5000,0
11486,24,220,626,standard,FR,5000,0
11103,30,20,786,premium,MA,10000,0
5170,73,206,382,premium,MA,5000,0
11272,63,71,705,standard,ES,5000,2
6213,26,128,707,standard,MA,5000,0
14589,45,58,625,standard,MA,10000,0
886,72,101,364,pro,MA,10000,1
3308,20,158,416,premium,MA,10000,0
9823,44,96,544,standard,MA,10000,0
9817,55,111,318,standard,MA,5000,0
7252,37,126,654,premium,GB,10000,1
1967,54,180,486,premium,MA,10000,0
4424,46,213,845,pro,MA,10000,0
11491,27,41,634,premium,ES,20000,2
10862,67,124,354,premium,MA,20000,0
3446,49,69,718,pro,FR,10000,0
11897,19,239,665,premium,MA,5000,0
8804,39,183,571,standard,GB,10000,0
5935,31,81,420,standard,MA,5000,1
11255,65,61,334,standard,MA,10000,0
11743,41,52,689,standard,MA,5000,0
5985,57,195,406,standard,MA,10000,0
3821,64,198,802,standard,ES,5000,0
7380,38,63,623,standard,MA,5000,1
1167,44,91,727,standard,FR,5000,0
1252,38,181,685,standard,MA,5000,1
10927,58,67,549,standard,MA,5000,0
3764,69,94,636,premium,FR,10000,0
11543,19,163,786,premium,MA,50000,0
7483,38,75,713,standard,MA,5000,0
15,31,8,346,standard,FR,20000,1
4891,26,15,402,standard,FR,10000,0
14059,53,227,587,premium,DE,5000,0
491,63,182,572,standard,MA,5000,1
13441,49,76,377,standard,FR,5000,0
3384,51,100,413,standard,ES,20000,0
1136,42,122,335,premium,FR,20000,0
10637,47,64,491,standard,FR,20000,1
14396,42,90,645,premium,MA,20000,1
1410,40,66,661,premium,MA,10000,1
3038,71,185,604,premium,MA,20000,2
972,64,108,599,pro,MA,5000,1
3022,35,145,610,standard,MA,10000,0
6890,66,160,515,standard,MA,10000,0
10340,45,194,669,standard,MA,20000,0
876,61,112,458,premium,FR,20000,0
14773,48,176,318,standard,FR,5000,0
14858,19,89,698,pro,MA,10000,1
5088,68,125,795,premium,MA,20000,1
1875,53,65,674,standard,MA,20000,0
1098,30,138,829,standard,MA,10000,0
14288,50,5,769,premium,MA,10000,0
7869,63,160,410,premium,GB,10000,0
3410,35,27,660,standard,FR,10000,1
12080,69,38,351,premium,MA,5000,0
2256,39,228,672,standard,MA,10000,0
6563,34,36,579,premium,MA,5000,0
11055,72,142,622,standard,MA,5000,0
8265,25,171,312,pro,MA,10000,0
2434,51,83,465,standard,DE,10000,0
9421,59,12,306,pro,MA,5000,0
4088,64,21,329,pro,MA,20000,1
6492,56,35,760,premium,ES,5000,0
14351,32,92,445,standard,MA,10000,1
3785,51,163,733,standard,DE,5000,1
4796,51,110,770,premium,DE,20000,0
6854,35,102,829,standard,MA,5000,0
943,28,93,465,premium,ES,20000,1
6202,53,202,603,pro,FR,5000,0
3682,65,63,449,standard,ES,5000,0
14498,22,27,447,standard,FR,5000,0
700,32,44,362,premium,MA,20000,1
6150,69,13,707,standard,MA,5000,0
5954,39,225,656,standard,MA,5000,0
9196,55,120,330,standard,MA,10000,0
10362,29,127,667,standard,FR,20000,0
13710,50,116,557,premium,MA,10000,0
8376,53,37,685,premium,MA,5000,1
185,42,209,697,premium,FR,5000,0
393,42,61,576,standard,MA,10000,0
14744,54,152,830,premium,ES,10000,1
2546,54,45,513,pro,MA,10000,0
13532,69,137,596,premium,FR,5000,0
13044,67,66,411,standard,FR,5000,0
998,30,78,635,standard,MA,5000,1
7453,18,182,475,standard,MA,5000,1
10855,22,146,652,standard,MA,5000,0
1701,22,37,836,standard,ES,10000,1
2365,41,31,711,standard,ES,20000,2
1523,36,160,403,standard,MA,5000,0
4105,32,75,545,premium,MA,5000,1
2402,30,64,404,premium,MA,5000,0
2740,25,108,808,pro,MA,5000,0
8630,26,40,620,standard,MA,10000,1
5011,39,87,372,standard,FR,10000,0
7542,45,153,681,premium,MA,5000,1
2179,60,65,385,standard,MA,5000,1
8568,48,24,498,premium,ES,50000,0
11293,70,195,385,standard,ES,10000,0
14218,21,3,353,standard,MA,20000,0
1013,59,239,512,standard,DE,10000,1
9161,51,70,528,pro,MA,10000,1
12507,36,206,348,premium,MA,5000,1
4989,45,72,396,pro,MA,20000,0
8069,27,95,836,standard,ES,20000,0
9546,38,137,514,premium,GB,20000,0
5943,64,101,712,standard,MA,20000,0
3870,19,90,416,standard,MA,10000,1
8794,74,229,669,pro,ES,5000,1
5517,52,92,815,standard,FR,20000,0
3822,54,198,811,standard,MA,5000,1
9788,18,15,366,standard,FR,10000,0
4924,21,6,356,standard,ES,5000,0
11904,33,15,332,standard,ES,10000,0
2421,21,150,309,standard,MA,20000,0
8245,53,215,403,standard,FR,20000,2
372,46,229,646,standard,MA,10000,0
7440,66,96,671,premium,DE,5000,0
3677,52,119,577,pro,DE,10000,1
11720,29,30,837,standard,MA,10000,1
8110,61,1,324,standard,ES,10000,1
9889,43,1,671,standard,MA,20000,0
9074,71,104,449,standard,DE,10000,0
2160,37,9,822,premium,GB,5000,0
3140,40,95,846,premium,MA,5000,1
12775,46,202,391,standard,GB,5000,0
1258,65,24,846,premium,MA,20000,0
10729,67,171,452,premium,GB,10000,0
14031,35,130,811,standard,ES,5000,1
7787,18,32,420,pro,MA,20000,0
12141,32,120,344,standard,MA,5000,0
6386,27,10,338,premium,MA,5000,1
2973,63,198,546,premium,GB,5000,0
10772,72,93,522,premium,MA,10000,1
9815,74,114,470,pro,MA,10000,0
5506,60,80,497,premium,ES,10000,0
12671,23,9,626,standard,MA,10000,0
13695,71,6,724,premium,MA,10000,0
8202,58,48,633,standard,MA,5000,1
6775,36,118,463,pro,MA,20000,0
6832,40,9,755,standard,FR,5000,0
1635,45,193,609,standard,MA,10000,1
5091,46,239,753,premium,MA,5000,0
5156,74,145,690,premium,FR,10000,0
4062,21,74,378,premium,DE,50000,0
3631,42,171,690,standard,MA,50000,1
6834,72,81,685,premium,ES,5000,0
14925,41,60,424,standard,FR,20000,0
9870,27,235,546,standard,MA,10000,0
5503,60,176,343,standard,MA,5000,0
1853,29,238,793,premium,ES,20000,0
11137,42,60,710,premium,FR,10000,0
4622,65,175,781,standard,MA,20000,1
366,18,27,746,premium,MA,10000,0
2442,40,72,468,standard,ES,10000,0
109,42,9,307,standard,MA,5000,0
13522,33,211,371,standard,FR,10000,0
10205,31,222,302,standard,FR,5000,0
2163,56,94,483,premium,FR,10000,0
3380,70,127,846,standard,MA,5000,0
11081,57,38,349,premium,MA,5000,2
3598,51,52,650,pro,MA,10000,0
4588,39,9,848,premium,FR,5000,0
168,66,151,527,standard,MA,10000,0
5930,36,232,505,pro,DE,10000,0
2971,54,18,486,standard,MA,10000,0
14823,51,17,410,standard,MA,20000,0
14693,49,131,774,standard,MA,10000,0
7978,29,226,489,standard,MA,5000,0
322,36,29,611,premium,MA,5000,0
4873,45,105,352,standard,MA,10000,1
14048,61,73,736,premium,MA,5000,1
2002,66,115,504,premium,MA,10000,1
14759,69,25,841,pro,MA,20000,0
9323,62,46,683,standard,MA,10000,0
9003,73,165,753,pro,FR,5000,2
7204,57,47,357,standard,MA,10000,0
3619,36,111,511,premium,MA,5000,0
4594,60,110,419,standard,MA,20000,0
9185,64,178,491,standard,MA,5000,0
7594,44,185,823,standard,FR,50000,0
8762,73,100,583,premium,FR,5000,1
4063,43,17,413,premium,ES,10000,1
5403,48,116,772,standard,MA,10000,0
6858,72,223,622,standard,ES,20000,0
13118,35,89,790,premium,FR,5000,2
4017,18,208,480,pro,FR,20000,0
13547,41,152,439,standard,MA,10000,0
4902,64,130,440,standard,MA,20000,0
8646,66,191,787,standard,MA,10000,0
6266,56,31,600,standard,FR,10000,1
14517,64,184,434,premium,ES,50000,0
5998,37,79,567,standard,MA,5000,0
8276,36,188,821,standard,GB,10000,0
4354,35,81,568,premium,MA,5000,0
6961,69,81,360,standard,FR,5000,0
6410,47,167,756,premium,FR,10000,0
9982,71,78,327,premium,MA,5000,0
567,58,124,348,standard,ES,5000,0
2261,56,235,480,premium,FR,10000,1
7335,46,51,455,standard,DE,10000,0
14850,48,14,454,pro,ES,20000,0
12807,69,206,340,premium,MA,50000,0
7872,30,42,465,standard,ES,50000,0
2618,29,238,728,standard,MA,5000,1
5549,39,62,612,standard,DE,20000,1
4271,23,184,390,standard,MA,20000,0
6814,47,8,820,standard,FR,20000,0
8959,36,32,518,standard,FR,10000,0
8235,28,21,614,standard,MA,5000,0
6251,37,47,307,premium,ES,10000,0
10639,53,85,471,standard,MA,5000,0
14885,64,191,392,standard,MA,5000,0
5554,47,162,798,standard,MA,5000,0
12031,44,116,653,standard,FR,5000,1
6576,33,65,658,standard,FR,10000,0
9585,44,63,600,pro,MA,5000,0
5032,21,76,365,standard,MA,10000,0
1377,71,208,635,standard,MA,5000,0
11482,51,27,734,standard,FR,5000,0
6813,72,214,739,premium,MA,10000,0
7420,29,196,662,pro,MA,20000,0
14604,33,29,435,standard,FR,5000,0
1742,53,87,791,pro,ES,10000,0
2746,28,36,581,standard,FR,10000,0
856,56,145,816,standard,FR,5000,0
9108,27,23,480,pro,ES,5000,2
7200,60,45,542,premium,MA,10000,0
10233,66,68,645,standard,MA,5000,0
5688,27,109,416,pro,ES,5000,3
1656,39,95,446,pro,ES,10000,0
646,18,52,516,standard,MA,10000,0
180,30,115,501,pro,MA,50000,0
8419,19,216,553,standard,ES,5000,1
10894,22,113,331,standard,DE,5000,0
13036,28,150,355,premium,FR,5000,1
6284,44,138,659,standard,ES,5000,1
1481,62,28,647,standard,DE,5000,0
10118,44,24,704,standard,DE,5000,1
1483,32,40,741,standard,DE,5000,1
8587,67,218,400,standard,MA,5000,0
253,74,186,761,standard,MA,10000,0
2271,59,31,723,pro,MA,5000,0
10838,63,108,763,standard,MA,10000,0
2307,22,51,789,premium,MA,5000,1
4804,72,199,712,standard,MA,10000,2
3428,45,6,401,premium,MA,10000,0
13399,59,125,490,premium,MA,20000,0
14205,38,9,678,premium,MA,20000,0
10121,52,73,479,standard,MA,10000,0
4111,21,131,428,premium,MA,20000,0
2723,42,31,842,standard,MA,5000,2
7891,21,192,624,pro,MA,10000,1
12672,65,132,849,premium,FR,5000,0
809,53,216,806,standard,MA,20000,1
3820,74,51,335,standard,MA,10000,0
278,67,161,598,standard,MA,5000,0
8470,18,131,431,standard,MA,5000,0
3724,25,26,637,standard,DE,20000,0
11984,51,145,430,premium,DE,20000,1
8284,74,225,558,standard,MA,10000,0
14127,26,183,450,standard,FR,5000,0
14724,35,74,557,standard,MA,5000,1
9498,30,14,596,premium,DE,5000,0
12134,70,228,437,standard,MA,5000,2
2273,47,149,738,premium,MA,10000,2
6855,42,231,408,pro,MA,20000,0
7905,69,163,388,standard,MA,10000,0
10247,55,204,806,premium,FR,5000,0
7818,20,119,792,standard,DE,5000,0
8234,34,138,304,premium,DE,10000,0
14237,28,134,778,standard,FR,5000,2
10519,37,164,529,premium,MA,10000,0
3213,39,107,576,premium,MA,10000,0
6433,63,229,789,standard,FR,20000,0
9315,49,127,648,premium,MA,10000,0
6764,24,169,614,standard,FR,10000,1
14842,51,87,349,standard,FR,5000,0
4096,66,94,486,premium,MA,20000,0
8002,48,69,753,premium,GB,10000,0
5240,46,85,431,standard,FR,5000,0
4484,52,238,488,pro,FR,20000,0
5581,27,127,563,standard,FR,10000,0
11283,38,66,320,premium,ES,10000,0
13604,40,98,593,standard,MA,5000,0
2688,54,140,616,standard,FR,10000,2
12019,19,49,642,standard,MA,10000,1
9543,28,102,689,premium,GB,10000,0
4214,33,65,775,standard,MA,10000,0
5311,30,152,483,standard,DE,5000,0
4210,36,75,805,premium,MA,5000,0
9646,23,237,646,pro,FR,10000,0
2282,71,82,346,standard,ES,10000,0
3666,29,215,328,standard,MA,10000,0
7605,34,107,604,standard,ES,10000,1
10621,37,127,345,premium,FR,20000,1
9409,60,162,510,standard,ES,10000,0
7736,50,176,366,standard,FR,5000,0
1107,59,178,760,standard,MA,5000,0
8570,63,195,611,standard,MA,10000,0
4157,48,49,676,premium,MA,10000,1
1318,70,2,551,pro,DE,20000,0
4733,36,200,795,standard,FR,50000,1
2876,39,223,601,standard,FR,20000,0
12607,24,195,591,standard,DE,5000,0
3449,52,108,678,premium,DE,5000,0
9234,26,64,805,premium,FR,20000,0
10572,22,78,579,premium,MA,10000,0
5345,39,21,757,pro,MA,20000,1
13285,18,190,617,standard,FR,5000,1
4718,43,14,602,standard,ES,10000,0
9245,68,36,368,premium,MA,10000,0
13614,62,213,565,premium,MA,10000,0
293,28,77,790,premium,DE,5000,1
8542,48,26,653,standard,GB,5000,0
9423,74,95,777,standard,MA,5000,0
8714,63,147,309,standard,MA,20000,1
396,56,22,451,standard,MA,20000,0
11992,43,79,769,premium,MA,5000,0
10035,57,161,302,premium,MA,10000,0
5109,32,127,501,standard,MA,10000,1
13579,33,220,369,standard,ES,5000,0
6382,18,216,415,standard,FR,10000,0
13436,54,54,499,standard,MA,50000,1
3190,22,197,440,standard,FR,5000,0
2590,53,88,505,standard,MA,5000,0
1370,54,59,678,standard,GB,5000,0
6692,38,12,770,standard,MA,5000,0
4221,65,222,469,pro,DE,5000,0
4727,43,231,310,standard,MA,10000,0
9079,63,104,806,standard,ES,20000,0
6062,27,93,714,standard,FR,20000,0
9516,47,140,754,premium,MA,10000,0
12188,42,97,701,premium,ES,20000,0
4923,27,42,780,standard,MA,5000,0
9035,47,94,424,standard,DE,5000,0
1203,22,199,505,pro,MA,5000,0
57,22,118,722,pro,MA,20000,0
5602,18,214,305,standard,MA,20000,0
10893,31,132,838,standard,FR,20000,0
14737,51,80,744,standard,MA,5000,0
1831,27,206,507,standard,FR,10000,0
14377,30,202,648,pro,DE,50000,1
11929,38,81,660,standard,ES,10000,0
566,41,86,577,standard,MA,20000,0
9046,66,4,639,standard,ES,20000,0
7461,40,151,343,premium,FR,5000,1
9601,48,114,624,pro,FR,5000,0
3115,37,72,630,premium,MA,5000,0
7651,68,10,440,standard,MA,20000,0
9903,61,28,543,standard,MA,10000,0
469,27,180,720,standard,FR,20000,0
6574,46,236,454,standard,MA,5000,0
10127,69,170,661,standard,FR,10000,0
7363,56,14,647,pro,MA,20000,0
4353,68,67,583,standard,MA,20000,0
6930,41,149,303,standard,MA,5000,0
12583,37,136,697,standard,MA,5000,1
13800,54,175,814,standard,ES,20000,0
12346,43,61,821,pro,ES,20000,1
14371,58,219,556,pro,MA,10000,1
11876,49,92,615,standard,MA,20000,0
8097,52,8,591,standard,MA,10000,1
14143,44,157,809,standard,MA,20000,0
623,33,5,380,premium,MA,5000,0
14241,47,11,659,standard,MA,10000,0
13826,64,139,304,standard,MA,5000,1
8536,60,111,799,premium,MA,5000,0
12022,45,14,348,premium,FR,5000,0
5709,45,193,383,standard,MA,50000,0
1788,38,172,445,premium,MA,5000,0
3758,21,41,586,standard,GB,5000,0
8446,54,131,302,standard,GB,50000,1
3972,63,91,355,standard,MA,10000,1
12366,22,134,806,standard,FR,20000,0
7122,71,114,792,standard,FR,10000,0
5250,36,132,531,premium,FR,20000,1
12459,58,201,726,standard,MA,50000,1
13738,25,155,306,standard,MA,5000,0
13198,62,69,488,pro,FR,10000,0
9441,39,57,379,standard,FR,10000,0
12319,51,174,555,standard,FR,5000,0
14073,18,202,745,premium,MA,20000,1
4993,71,208,432,standard,MA,10000,0
9894,60,117,615,premium,MA,10000,0
1647,30,228,814,standard,MA,10000,0
3006,53,201,819,standard,ES,5000,1
3091,47,102,554,standard,MA,20000,1
12421,56,85,387,standard,FR,10000,1
3048,20,109,637,standard,MA,10000,1
2821,42,93,675,standard,MA,10000,1
8997,35,202,834,pro,ES,20000,0
10080,35,112,455,pro,MA,5000,0
5760,26,226,586,standard,FR,10000,0
14892,18,127,843,standard,ES,5000,0
3628,71,9,439,premium,ES,5000,0
3080,73,173,508,premium,FR,5000,0
2086,36,189,342,standard,MA,50000,0
454,19,89,329,premium,MA,5000,1
7336,63,204,814,premium,FR,10000,0
470,62,217,689,standard,FR,20000,0
2675,37,37,569,standard,MA,5000,2
9726,70,221,811,premium,GB,10000,0
2583,64,168,695,standard,MA,10000,1
8865,60,93,647,standard,ES,5000,0
6353,65,20,647,premium,MA,50000,0
11475,39,232,790,premium,FR,20000,1
14080,34,128,633,standard,ES,10000,0
2615,60,63,529,standard,MA,5000,0
7827,40,114,365,standard,MA,10000,0
5659,39,201,557,standard,ES,5000,0
14763,18,185,587,premium,MA,5000,0
11879,72,156,425,premium,DE,50000,1
4065,27,88,708,standard,MA,10000,0
815,22,132,443,standard,ES,5000,0
4728,58,232,591,standard,MA,10000,0
2580,70,238,791,premium,MA,10000,0
4637,62,43,412,standard,FR,5000,1
1729,27,77,819,standard,DE,20000,1
9730,74,60,549,standard,DE,10000,0
1575,70,156,764,standard,GB,5000,0
12234,25,209,669,standard,FR,5000,0
6644,35,49,365,premium,FR,10000,0
13435,40,209,395,standard,FR,20000,0
10504,31,97,590,premium,FR,5000,0
14140,21,26,842,standard,FR,5000,0
7329,74,163,519,standard,MA,5000,0
1947,39,98,716,standard,FR,5000,1
5151,44,25,428,premium,ES,10000,0
5265,52,198,728,pro,DE,10000,0
2687,74,155,808,standard,MA,20000,0
6746,28,18,807,standard,MA,5000,0
5542,38,60,802,standard,FR,10000,0
12933,41,205,782,standard,ES,5000,0
6049,59,105,621,standard,MA,5000,0
6165,32,197,635,pro,MA,10000,1
7938,56,126,371,premium,ES,5000,1
8300,51,22,796,standard,MA,10000,0
767,42,211,302,standard,ES,5000,0
7960,21,43,329,standard,MA,10000,0
6496,41,215,361,standard,FR,5000,1
13341,43,238,807,standard,MA,10000,0
14813,35,201,713,premium,GB,50000,0
12624,43,103,597,standard,FR,5000,0
7412,37,63,726,standard,MA,10000,0
1292,41,2,715,pro,FR,5000,0
7701,64,219,834,standard,DE,10000,0
12309,40,105,655,premium,MA,10000,1
5572,50,120,761,standard,MA,10000,0
6197,74,64,309,standard,MA,5000,0
4045,18,61,566,standard,FR,10000,1
4734,63,87,583,pro,MA,10000,0
6124,51,184,559,pro,GB,10000,0
11707,28,26,659,standard,MA,10000,1
13673,24,207,590,standard,MA,5000,1
2011,40,28,445,premium,MA,5000,1
12957,52,221,797,standard,MA,50000,0
8924,59,92,515,standard,FR,5000,1
10319,45,33,449,standard,FR,20000,1
14264,46,192,315,standard,FR,5000,0
2072,43,161,700,premium,MA,10000,0
9898,70,100,593,standard,MA,10000,0
1447,38,67,458,premium,FR,5000,0
3993,64,40,718,pro,MA,10000,0
5476,52,63,749,premium,DE,5000,0
13099,25,82,770,standard,ES,10000,0
9468,46,221,548,premium,ES,50000,0
1866,38,166,557,pro,MA,5000,0
14504,64,65,618,standard,MA,10000,2
6712,38,195,796,standard,FR,50000,0
10249,67,169,621,premium,MA,10000,0
12964,25,225,427,standard,FR,20000,0
2625,58,211,720,standard,MA,5000,0
9991,65,220,479,premium,MA,5000,0
6987,41,155,489,premium,DE,10000,0
12984,44,211,589,standard,MA,10000,1
10532,55,207,386,premium,MA,10000,2
8500,54,213,787,standard,MA,5000,1
817,63,211,409,premium,MA,10000,0
6147,66,61,669,pro,MA,5000,0
7511,69,37,582,standard,MA,20000,0
5518,48,230,794,standard,FR,10000,0
4436,50,223,302,standard,ES,5000,0
4011,25,18,761,standard,ES,5000,2
3519,61,160,650,premium,MA,5000,0
11921,43,228,382,standard,MA,5000,1
14292,58,17,602,standard,ES,20000,3
5152,36,86,362,standard,DE,5000,1
13606,45,237,785,standard,FR,5000,1
12416,72,126,524,pro,FR,5000,0
5547,62,118,387,standard,MA,50000,0
973,42,147,815,standard,FR,5000,2
11711,69,214,546,premium,MA,10000,1
63,60,56,567,standard,MA,10000,0
13410,72,90,695,standard,FR,10000,0
5012,58,239,698,standard,MA,20000,1
3210,23,193,470,premium,MA,10000,0
1501,45,103,824,premium,DE,20000,0
11995,57,24,511,pro,MA,10000,0
3399,19,132,698,standard,MA,5000,1
14355,57,73,490,standard,MA,20000,0
14426,20,195,842,standard,DE,5000,0
12886,32,136,441,pro,MA,10000,0
8920,42,49,342,premium,MA,5000,2
1754,21,157,376,premium,MA,20000,0
9281,48,73,469,premium,MA,5000,0
12383,29,31,731,standard,FR,20000,0
6744,39,239,602,standard,MA,10000,0
4652,44,103,566,standard,FR,50000,1
6458,47,4,326,premium,FR,20000,0
11945,52,109,309,standard,MA,5000,1
8433,53,22,382,standard,MA,5000,0
3961,61,114,419,premium,FR,5000,2
9581,27,228,557,standard,GB,5000,1
14446,63,153,349,premium,ES,5000,1
7822,46,66,836,premium,FR,20000,2
2141,28,47,802,standard,MA,5000,0
14319,47,76,535,standard,FR,5000,0
5918,23,165,353,standard,MA,20000,1
6892,37,146,792,standard,MA,5000,2
8783,50,12,541,standard,MA,10000,0
8933,32,51,524,premium,FR,10000,1
3099,61,150,849,premium,MA,50000,1
1076,46,106,693,standard,MA,20000,0
13201,27,216,802,standard,MA,10000,0
1551,60,36,758,premium,MA,10000,0
7927,69,160,407,premium,FR,10000,0
7354,39,225,482,pro,ES,10000,1
13990,61,195,774,premium,ES,10000,0
14011,62,90,745,standard,FR,50000,0
6612,45,161,783,premium,DE,50000,0
8311,59,124,741,premium,MA,5000,0
7749,49,62,683,standard,FR,10000,1
13645,46,42,477,standard,MA,5000,0
14420,37,234,568,standard,MA,5000,0
3703,67,3,812,standard,MA,10000,1
5715,71,86,591,premium,MA,5000,0
264,48,233,660,pro,MA,10000,0
13324,57,180,452,standard,MA,10000,0
7481,63,234,408,premium,MA,50000,0
5322,49,178,612,standard,MA,5000,0
4377,61,198,693,standard,MA,5000,0
8454,58,128,682,standard,ES,5000,1
11692,66,88,463,standard,MA,5000,0
13479,32,151,321,standard,MA,10000,0
4943,54,162,412,standard,MA,20000,1
7855,70,212,687,pro,MA,10000,0
10337,69,191,592,pro,ES,10000,0
1499,54,158,360,standard,GB,5000,0
7547,64,156,548,premium,MA,20000,0
61,66,71,437,premium,FR,20000,2
12915,49,114,469,premium,MA,5000,1
1801,30,76,350,premium,MA,20000,0
13398,58,49,423,premium,MA,5000,0
2239,18,141,455,standard,MA,10000,0
3441,48,117,431,standard,FR,5000,0
1086,70,175,749,standard,DE,10000,0
10317,31,26,626,standard,FR,5000,1
3436,60,179,457,standard,MA,20000,0
14778,35,161,750,premium,MA,10000,0
2414,39,35,795,standard,MA,5000,0
13498,68,192,504,premium,FR,20000,0
4373,54,204,816,premium,ES,10000,0
13939,18,96,424,pro,ES,50000,0
2356,62,26,641,premium,MA,10000,0
3246,30,168,519,standard,FR,5000,0
11262,39,134,769,standard,MA,5000,0
11601,64,146,580,premium,ES,50000,1
1498,63,114,377,premium,MA,5000,0
1015,74,197,847,premium,GB,5000,0
1235,21,110,581,standard,FR,5000,0
2506,72,32,710,standard,ES,5000,1
2250,63,70,435,standard,MA,20000,2
3937,21,172,453,premium,GB,5000,0
5643,45,95,715,premium,MA,5000,1
9795,71,113,381,standard,MA,20000,0
340,71,92,848,standard,MA,10000,0
8402,64,58,357,standard,MA,5000,1
3618,30,142,420,pro,MA,20000,1
6467,59,108,713,standard,MA,5000,1
4262,34,51,385,premium,MA,50000,0
9412,47,130,521,premium,MA,5000,0
14057,18,76,453,standard,MA,5000,0
2427,34,69,790,standard,MA,5000,0
560,43,89,358,pro,MA,5000,0
9054,32,156,544,standard,ES,5000,1
13752,73,237,450,premium,MA,20000,0
10404,58,222,399,standard,ES,5000,0
12955,24,49,494,standard,DE,10000,0
10135,31,31,666,standard,DE,10000,0
7965,34,114,610,standard,MA,20000,0
4620,48,107,549,premium,GB,5000,0
6102,47,171,642,premium,MA,5000,0
2959,18,118,458,standard,MA,5000,1
8797,50,163,663,standard,ES,10000,1
9081,52,100,758,premium,MA,5000,0
3966,28,155,328,premium,MA,10000,1
10380,36,130,507,standard,MA,5000,1
12510,55,156,587,standard,MA,20000,0
10784,42,82,717,standard,DE,50000,0
9789,43,43,381,standard,MA,5000,0
3683,68,153,565,premium,GB,10000,0
4034,32,145,446,pro,MA,5000,0
11020,33,130,793,premium,GB,10000,0
9457,48,190,326,standard,DE,10000,1
13856,48,186,353,standard,FR,5000,0
2185,42,208,524,standard,FR,5000,0
3497,31,174,664,standard,MA,5000,0
13400,49,54,586,standard,MA,5000,0
7037,20,226,616,premium,MA,20000,0
13759,74,133,412,premium,MA,10000,0
11807,34,93,382,standard,FR,5000,0
10547,35,36,542,standard,MA,5000,2
5370,67,193,647,standard,ES,5000,0
8478,74,232,649,pro,MA,10000,0
2678,49,108,614,standard,GB,5000,0
2842,48,61,624,standard,MA,5000,0
3228,48,239,519,standard,MA,10000,0
1684,29,153,565,standard,MA,5000,0
2467,23,205,452,premium,MA,5000,0
2120,41,168,768,standard,MA,10000,0
10746,36,86,558,pro,MA,20000,0
8888,39,134,664,standard,MA,5000,0
7486,38,143,308,standard,MA,20000,1
11931,43,22,556,standard,MA,10000,0
1376,48,104,748,standard,MA,10000,1
8013,63,29,388,premium,MA,10000,1
7007,43,126,808,standard,FR,10000,0
10111,54,237,709,premium,MA,10000,0
14867,68,226,301,standard,FR,5000,2
13503,48,183,609,premium,FR,10000,0
14335,52,147,435,pro,MA,5000,0
12951,25,114,557,standard,FR,5000,0
10472,61,114,525,standard,MA,10000,2
4342,53,149,618,standard,MA,10000,1
11938,53,127,650,standard,GB,10000,0
1354,19,5,608,standard,MA,5000,0
12847,46,142,490,standard,DE,20000,1
12876,46,189,443,premium,FR,10000,0
4297,63,80,560,standard,FR,5000,0
6200,67,59,715,pro,MA,10000,0
7180,30,46,557,premium,MA,10000,0
11454,64,43,353,premium,DE,10000,1
6992,19,168,679,premium,FR,5000,0
5928,65,36,394,premium,MA,20000,2
2029,67,67,370,premium,MA,10000,1
4313,32,58,684,standard,GB,10000,1
13823,34,32,830,standard,MA,5000,0
838,70,148,845,standard,MA,50000,1
2818,48,190,633,standard,DE,20000,1
14766,46,167,691,standard,MA,10000,1
13442,56,37,545,standard,MA,5000,1
2426,44,61,381,standard,MA,20000,2
7324,68,83,413,standard,MA,10000,1
11932,55,147,659,standard,FR,5000,0
6677,38,134,776,premium,FR,5000,0
3360,64,222,505,standard,MA,5000,0
12733,18,148,785,premium,MA,20000,0
12129,25,46,578,premium,MA,5000,0
2350,24,58,432,standard,MA,10000,0
13935,21,25,765,standard,ES,5000,0
5989,18,124,686,standard,ES,50000,1
9319,24,42,472,premium,ES,5000,0
11474,73,190,455,standard,MA,10000,1
3252,57,184,813,standard,MA,5000,0
11539,22,143,693,standard,MA,10000,0
13274,18,78,420,premium,MA,5000,0
11378,42,189,339,premium,FR,5000,0
5089,67,104,517,premium,ES,10000,0
11185,46,34,601,premium,FR,5000,0
1924,23,168,392,standard,MA,5000,0
7924,18,46,550,premium,FR,5000,1
6286,43,120,608,standard,MA,10000,0
9356,23,194,594,pro,MA,5000,0
8667,47,6,816,premium,GB,10000,0
3326,71,70,459,premium,MA,5000,1
135,28,85,478,standard,MA,5000,0
4018,57,63,466,standard,GB,10000,0
7256,39,141,561,premium,DE,5000,1
11301,46,85,692,pro,MA,5000,0
9844,47,62,766,pro,GB,5000,1
5117,53,59,662,premium,FR,10000,2
5516,53,223,552,premium,GB,5000,0
8934,40,82,345,standard,MA,5000,0
11201,41,208,654,pro,MA,5000,0
4314,38,99,838,standard,MA,5000,0
3406,30,208,629,premium,MA,5000,0
12862,74,60,698,standard,ES,5000,0
341,53,194,508,standard,DE,5000,0
9816,34,137,713,premium,MA,5000,0
1034,44,161,726,standard,GB,5000,1
3641,54,50,319,premium,MA,5000,1
14797,33,48,706,premium,MA,10000,3
4850,59,38,631,standard,MA,20000,0
6070,51,216,518,standard,MA,5000,0
10374,26,38,746,standard,MA,20000,1
5237,59,89,646,premium,MA,20000,0
1840,69,149,527,pro,MA,10000,1
8520,44,67,632,premium,GB,10000,1
5872,24,170,717,premium,ES,20000,0
4459,30,111,523,premium,ES,5000,0
6138,66,26,622,standard,ES,10000,1
6291,43,130,597,pro,MA,50000,0
4569,32,128,343,standard,MA,5000,0
13395,45,58,480,standard,FR,5000,0
9087,51,152,311,standard,MA,20000,0
12773,63,143,521,premium,MA,5000,0
8339,46,172,768,premium,ES,50000,0
11443,35,157,397,standard,MA,10000,0
848,28,186,663,premium,DE,5000,0
7813,71,44,503,standard,GB,5000,0
8909,37,105,816,premium,MA,20000,0
1509,29,210,463,premium,MA,5000,0
13527,59,118,392,premium,GB,5000,0
12983,58,116,340,standard,MA,10000,0
11823,68,81,545,standard,MA,5000,0
3610,23,40,511,standard,GB,10000,0
7121,43,43,622,pro,MA,5000,0
172,45,201,339,standard,FR,10000,0
13652,69,209,818,premium,MA,10000,0
1618,69,123,415,standard,FR,10000,0
761,44,219,629,premium,MA,20000,0
11147,71,147,345,premium,MA,5000,0
14329,68,27,339,standard,MA,5000,0
805,55,43,633,premium,FR,10000,1
10128,37,95,498,premium,MA,5000,0
4565,71,29,825,pro,FR,5000,0
13858,45,97,817,standard,MA,5000,1
12098,61,115,849,standard,MA,5000,1
834,50,219,318,premium,GB,5000,0
9592,36,71,393,standard,MA,20000,0
7895,31,59,614,premium,MA,5000,0
3418,71,100,579,standard,MA,10000,1
8422,43,133,436,standard,MA,20000,1
10627,18,22,743,standard,ES,50000,0
12380,27,181,628,premium,MA,5000,0
6188,61,229,509,premium,DE,10000,0
8095,24,17,606,standard,MA,10000,0
12214,39,54,568,standard,FR,10000,0
5303,22,176,629,standard,MA,5000,0
8738,45,42,835,standard,FR,5000,0
10818,34,122,785,premium,MA,5000,0
13038,24,172,684,premium,MA,5000,0
4821,47,90,502,standard,FR,10000,0
5230,18,188,718,premium,MA,10000,2
2004,57,180,402,premium,GB,5000,0
14191,35,26,781,standard,FR,5000,0
10307,53,217,816,pro,MA,10000,0
777,37,16,445,standard,MA,10000,0
13384,43,211,831,standard,ES,5000,0
7446,63,1,837,standard,FR,20000,1
3479,33,16,639,premium,GB,10000,0
13419,28,152,697,standard,MA,20000,0
13730,18,138,825,premium,MA,10000,0
13933,22,43,688,premium,DE,20000,0
13493,20,230,461,standard,MA,5000,0
9654,45,90,418,pro,MA,5000,0
2850,40,178,598,premium,MA,5000,2
14696,19,191,820,standard,MA,10000,0
1547,64,98,581,premium,MA,20000,0
1906,67,120,710,standard,MA,10000,1
8627,71,227,497,standard,FR,5000,0
10896,32,52,606,premium,FR,10000,1
7187,37,116,313,standard,MA,5000,0
1711,60,75,654,standard,MA,5000,1
9518,38,128,457,standard,MA,5000,1
13787,56,96,343,standard,MA,5000,0
14545,60,220,601,standard,FR,5000,0
4453,20,178,776,standard,MA,50000,0
3803,69,158,471,standard,MA,5000,0
7323,24,193,389,standard,MA,10000,0
892,29,155,422,standard,MA,50000,0
7065,72,12,764,standard,MA,10000,1
2465,21,42,684,premium,MA,5000,0
10906,74,61,681,standard,MA,5000,0
4218,33,83,336,standard,GB,10000,1
225,29,107,826,standard,GB,5000,0
8837,67,215,779,standard,GB,10000,0
8151,18,30,727,standard,MA,20000,0
2549,34,77,565,standard,FR,20000,0
12240,60,165,370,standard,FR,20000,0
13265,30,19,491,premium,MA,5000,0
4302,48,52,354,standard,MA,5000,0
12428,58,96,518,premium,MA,5000,0
3580,23,90,414,standard,MA,10000,0
8928,49,166,659,standard,DE,10000,0
3382,63,59,319,standard,MA,5000,0
6287,44,50,511,standard,FR,5000,1
6199,54,238,430,premium,GB,5000,0
13053,47,88,774,standard,MA,10000,2
9645,54,11,625,premium,MA,10000,0
8777,63,59,622,pro,FR,20000,0
3429,68,2,532,standard,MA,5000,0
10616,56,225,538,standard,MA,10000,0
2612,69,130,631,standard,ES,50000,2
10365,27,230,666,standard,FR,5000,0
7384,48,213,634,premium,MA,5000,1
7838,19,68,352,standard,MA,10000,0
5510,50,232,763,standard,MA,5000,1
2125,29,4,574,standard,ES,10000,0
13941,65,85,560,premium,GB,10000,0
13270,18,119,721,standard,FR,5000,1
6939,66,10,405,standard,FR,5000,3
371,34,83,643,standard,FR,5000,0
13162,38,24,775,premium,MA,10000,0
14670,19,146,709,pro,MA,50000,0
8842,46,88,397,standard,FR,5000,0
11226,22,190,511,standard,MA,5000,0
6054,64,2,542,pro,MA,10000,0
13687,24,238,596,standard,MA,20000,0
5086,20,36,771,pro,ES,20000,0
10792,48,79,838,standard,MA,10000,0
10845,18,50,680,premium,FR,5000,0
45,28,150,825,standard,DE,20000,1
6615,72,67,838,standard,MA,5000,0
557,38,116,470,standard,MA,10000,1
10217,53,110,789,standard,MA,10000,0
12543,70,196,335,premium,DE,50000,0
13893,27,48,845,premium,FR,20000,0
6580,58,93,388,standard,FR,20000,0
9712,74,94,705,standard,ES,10000,0
14219,56,143,406,standard,FR,5000,1
12033,27,2,778,pro,MA,50000,0
3743,23,183,833,standard,DE,5000,0
14642,18,154,810,standard,DE,5000,0
14276,65,125,746,premium,MA,5000,0
4612,34,218,743,standard,MA,5000,0
14721,42,224,653,standard,MA,5000,1
3041,61,162,440,standard,MA,10000,0
3214,52,140,773,standard,FR,5000,0
2950,36,168,339,standard,MA,10000,0
1898,25,200,616,standard,ES,5000,1
10333,60,187,749,standard,ES,5000,1
12758,62,27,709,standard,FR,20000,1
7743,44,106,579,standard,MA,5000,0
9864,68,156,336,standard,FR,20000,0
10673,26,43,425,standard,DE,10000,1
2845,60,59,322,standard,FR,10000,0
3251,23,59,488,standard,MA,10000,0
9760,71,38,475,premium,MA,5000,0
9547,53,138,643,standard,ES,5000,2
13615,21,150,323,pro,FR,10000,0
5430,71,3,516,standard,MA,5000,0
7236,34,41,406,standard,MA,10000,0
10306,30,129,735,standard,MA,50000,1
376,18,116,699,pro,DE,5000,3
1761,52,93,376,standard,MA,10000,0
14333,46,5,696,standard,GB,10000,0
13805,19,44,654,standard,MA,5000,0
13669,42,53,364,standard,MA,5000,0
14739,62,36,445,premium,FR,20000,1
10369,47,187,779,premium,FR,10000,1
1524,22,140,721,standard,MA,10000,0
1467,61,10,507,premium,ES,5000,1
10299,69,147,460,standard,MA,50000,1
8359,29,128,725,standard,MA,5000,0
10613,53,92,552,standard,MA,5000,2
5744,58,96,492,standard,MA,10000,1
3757,36,136,370,standard,FR,5000,0
9686,57,145,436,standard,MA,5000,0
9626,70,172,764,standard,ES,20000,1
14309,58,95,549,standard,ES,20000,1
4921,33,173,439,standard,FR,10000,0
14836,40,73,355,premium,ES,5000,1
10976,60,8,564,premium,ES,5000,1
1644,32,99,827,premium,DE,10000,0
9166,53,226,430,premium,MA,10000,1
2871,45,161,465,standard,MA,50000,0
6422,63,162,730,standard,MA,5000,0
9436,27,149,822,premium,MA,10000,0
13190,41,115,500,premium,MA,5000,0
2642,68,103,566,standard,MA,10000,1
5693,73,186,601,premium,MA,10000,0
1325,21,95,334,standard,DE,10000,0
2390,22,96,689,standard,FR,5000,0
8453,23,226,698,standard,MA,5000,0
14447,41,102,329,standard,FR,20000,0
3711,48,91,597,standard,ES,10000,0
11479,34,144,772,standard,ES,5000,0
10651,40,49,570,standard,MA,5000,0
10635,53,161,723,standard,FR,10000,0
12190,54,219,675,premium,FR,20000,0
9895,30,205,398,premium,ES,5000,0
14581,67,111,624,standard,MA,5000,0
5488,42,206,513,standard,MA,5000,1
13689,35,98,761,standard,ES,10000,0
756,41,125,371,premium,FR,20000,0
4609,36,91,710,premium,MA,20000,0
11040,74,104,683,standard,DE,50000,0
6974,54,169,749,standard,MA,5000,0
1030,21,169,849,standard,MA,50000,0
8562,74,144,811,premium,MA,5000,0
3880,25,238,475,standard,FR,5000,0
5287,58,23,490,standard,MA,10000,0
9071,32,229,301,standard,ES,20000,0
8279,26,221,319,standard,FR,5000,0
8030,54,64,531,standard,MA,20000,0
13178,63,48,425,premium,MA,20000,0
5049,24,13,626,premium,ES,10000,0
7401,32,134,520,standard,FR,20000,0
9011,45,184,667,standard,MA,5000,0
13094,63,135,630,premium,ES,10000,0
11318,70,205,552,standard,FR,5000,0
12178,61,24,452,standard,DE,10000,0
2463,54,52,699,standard,MA,10000,1
14428,45,4,566,standard,MA,5000,1
8233,37,2,438,standard,FR,5000,1
12794,35,12,396,standard,DE,20000,1
12116,74,225,566,standard,ES,5000,1
9249,68,163,538,premium,FR,5000,0
5646,70,117,656,standard,MA,10000,0
13428,46,204,324,standard,MA,20000,1
3826,26,66,473,standard,MA,5000,0
14112,33,2,781,standard,FR,50000,0
10360,20,114,364,premium,FR,5000,1
7170,38,198,803,pro,FR,5000,0
9106,34,148,710,premium,MA,20000,0
11041,33,79,511,standard,FR,20000,1
1491,23,220,528,standard,DE,20000,0
5940,36,5,847,standard,MA,5000,0
5044,41,158,426,standard,MA,10000,0
8696,71,188,446,premium,MA,5000,0
9893,35,232,620,standard,ES,10000,1
6981,21,124,366,pro,MA,10000,2
1496,33,215,751,premium,MA,10000,0
4602,50,156,839,standard,MA,50000,1
14425,37,73,462,standard,MA,5000,0
4324,74,222,811,standard,MA,20000,0
9194,35,19,544,standard,MA,5000,0
9406,56,197,485,standard,MA,5000,0
10229,40,57,777,standard,MA,10000,0
10860,18,180,357,premium,MA,20000,0
3707,18,220,492,standard,ES,10000,0
12932,23,76,739,standard,ES,5000,0
4816,63,102,590,standard,MA,10000,0
4421,53,24,314,standard,GB,5000,0
5987,41,181,809,premium,MA,10000,1
5435,22,236,470,standard,GB,5000,0
5309,69,2,689,premium,GB,5000,0
8223,20,96,687,standard,ES,5000,0
13011,31,99,447,standard,MA,20000,2
3739,59,235,735,standard,MA,5000,0
3899,45,127,751,premium,DE,5000,0
3453,55,187,799,premium,MA,10000,0
5662,35,237,467,premium,MA,5000,1
3824,44,21,541,standard,MA,10000,1
5900,46,34,645,standard,MA,5000,0
5505,70,142,692,standard,MA,50000,1
583,21,182,567,standard,MA,5000,0
12708,56,55,437,standard,FR,50000,0
9304,51,205,522,standard,FR,10000,0
10291,24,134,378,premium,DE,20000,1
8592,60,156,759,pro,FR,5000,1
14752,42,103,569,standard,MA,50000,1
4917,25,124,369,standard,ES,10000,0
7069,39,12,761,standard,FR,5000,0
12096,23,212,641,standard,MA,10000,0
7173,42,66,383,standard,MA,10000,0
681,26,64,706,pro,MA,10000,1
7544,42,39,845,premium,FR,10000,0
163,42,230,745,standard,MA,10000,0
13701,60,53,716,standard,MA,50000,0
9451,58,41,457,standard,MA,10000,0
13829,30,62,757,standard,FR,5000,0
12881,30,216,471,standard,MA,5000,0
2734,19,158,741,premium,DE,10000,1
14596,72,175,565,standard,MA,5000,0
2200,32,10,472,premium,MA,5000,0
5624,50,22,429,premium,MA,5000,0
10160,47,32,779,standard,ES,5000,0
8916,53,198,775,standard,MA,10000,0
8827,49,101,613,premium,ES,10000,1
14050,57,201,845,pro,MA,5000,0
6897,34,176,609,standard,MA,5000,0
899,39,111,463,standard,GB,5000,0
1731,42,70,589,standard,MA,5000,2
978,50,84,726,premium,MA,10000,0
6641,22,135,595,premium,MA,10000,0
11261,55,60,637,premium,FR,5000,0
8653,19,168,556,standard,ES,10000,0
13977,24,155,671,premium,MA,5000,0
10060,25,15,735,standard,MA,10000,1
3031,42,212,398,premium,DE,10000,0
13297,23,169,849,standard,FR,20000,0
8755,37,183,386,standard,MA,10000,0
6013,29,149,829,pro,MA,5000,1
6248,42,53,633,premium,MA,10000,0
9695,51,151,437,standard,FR,5000,0
10280,70,33,757,pro,MA,20000,0
9365,31,73,836,premium,FR,5000,0
9958,49,205,790,premium,MA,10000,0
7458,23,136,564,standard,MA,10000,0
4383,59,108,711,standard,MA,10000,1
11676,37,201,339,standard,MA,5000,0
3949,73,206,399,standard,MA,10000,0
10311,58,172,501,standard,ES,5000,1
6483,44,199,770,pro,ES,5000,0
1001,56,23,448,standard,DE,10000,0
9442,27,76,624,standard,MA,20000,0
12549,43,238,704,standard,MA,10000,0
6431,21,61,492,premium,ES,50000,1
6201,74,102,806,premium,MA,10000,0
2077,73,2,430,standard,MA,50000,0
10667,51,194,645,standard,MA,5000,0
14602,60,68,533,premium,DE,10000,0
9020,73,40,783,standard,MA,10000,0
181,24,16,765,premium,ES,5000,0
303,74,215,610,standard,MA,5000,0
2025,32,17,464,premium,ES,5000,0
13460,34,150,314,standard,MA,5000,0
5828,40,37,496,standard,DE,20000,2
3596,69,105,504,standard,MA,10000,0
10961,65,157,633,standard,FR,10000,1
3476,33,19,532,standard,ES,20000,0
8789,44,113,631,pro,FR,20000,0
12292,60,37,572,premium,MA,5000,1
2451,18,132,619,premium,GB,5000,2
6611,54,82,530,standard,MA,5000,0
2853,37,175,757,standard,MA,20000,0
9466,45,193,385,standard,FR,10000,0
14334,42,3,555,standard,DE,5000,1
727,51,73,565,premium,ES,5000,1
7732,64,119,660,pro,FR,10000,1
90,65,150,440,standard,DE,10000,0
8056,59,221,812,standard,MA,50000,2
3356,60,14,674,premium,FR,20000,0
3458,55,160,301,standard,MA,10000,0
11267,30,229,462,standard,MA,10000,1
13792,19,239,410,standard,MA,20000,0
14065,60,123,636,premium,MA,20000,1
6221,58,154,363,standard,FR,10000,0
8188,20,1,846,standard,ES,5000,0
7737,49,36,679,standard,MA,10000,0
14985,49,147,710,standard,MA,20000,0
9851,26,24,841,standard,MA,10000,0
4876,39,48,618,standard,FR,10000,1
12171,35,218,580,premium,MA,5000,0
9013,59,111,691,standard,FR,20000,0
2945,36,173,616,standard,MA,20000,1
11467,71,81,458,standard,MA,10000,1
11195,60,165,600,premium,MA,5000,0
10344,37,6,793,standard,ES,10000,1
8346,35,189,760,standard,MA,10000,0
12132,25,237,525,standard,MA,20000,1
12007,54,145,535,standard,MA,5000,0
9070,20,96,770,standard,FR,20000,0
200,45,229,533,standard,MA,10000,0
8877,62,67,443,standard,ES,20000,0
12266,26,64,830,premium,MA,5000,0
12472,62,4,570,premium,MA,50000,0
7305,56,194,514,standard,ES,20000,1
8128,50,3,531,premium,FR,5000,0
14454,50,12,526,standard,MA,10000,0
3640,54,53,745,premium,MA,5000,0
7565,50,6,300,standard,MA,5000,0
12377,19,199,387,standard,MA,10000,1
14235,64,123,541,standard,MA,5000,0
11895,61,54,597,standard,MA,5000,0
12470,38,91,598,premium,FR,10000,0
14434,40,89,421,standard,ES,20000,0
4148,21,131,455,standard,MA,5000,0
717,74,82,630,standard,FR,10000,0
9810,30,22,730,standard,GB,10000,0
6250,30,179,685,standard,GB,5000,0
8295,43,29,395,standard,GB,10000,0
11374,64,95,322,standard,MA,10000,0
5381,59,167,516,standard,FR,5000,0
8887,71,6,554,standard,MA,5000,0
9031,37,31,728,standard,MA,10000,0
4636,66,92,399,premium,MA,10000,0
10953,45,6,401,standard,MA,10000,0
1556,70,232,611,pro,FR,10000,1
2758,51,70,750,standard,FR,5000,2
5652,48,28,777,pro,FR,10000,1
14513,26,2,809,standard,MA,20000,2
11520,53,108,796,standard,MA,5000,0
5341,73,163,726,standard,ES,10000,0
11800,54,229,365,standard,FR,10000,0
4208,38,92,798,premium,MA,5000,0
9990,69,158,839,premium,MA,5000,0
7608,27,37,639,standard,MA,10000,0
8524,40,1,429,premium,MA,50000,0
7684,29,24,382,standard,MA,20000,1
3015,52,79,593,standard,ES,10000,0
7160,34,5,373,standard,MA,10000,1
8103,29,160,663,standard,FR,5000,0
5391,73,99,431,standard,DE,5000,1
2785,38,89,467,standard,FR,10000,0
9405,26,71,644,standard,MA,5000,1
13903,58,88,662,standard,DE,5000,0
4380,64,165,421,premium,MA,10000,0
9907,55,199,514,standard,MA,10000,0
2298,68,126,761,standard,MA,5000,0
3637,21,19,384,standard,ES,10000,0
9117,26,149,796,standard,MA,10000,1
12489,31,112,451,standard,MA,10000,1
13851,56,42,594,standard,FR,5000,0
12793,25,208,468,standard,MA,10000,1
11632,55,203,314,standard,MA,10000,0
1186,72,178,698,standard,MA,20000,0
3737,28,123,523,standard,ES,5000,0
6763,66,130,741,standard,MA,10000,1
8695,67,139,797,premium,MA,5000,0
8926,23,29,574,premium,MA,5000,0
659,43,135,634,premium,DE,10000,0
5895,41,27,521,premium,FR,10000,0
9798,54,172,830,standard,MA,5000,0
12874,72,191,447,premium,MA,50000,0
7076,57,224,832,standard,ES,10000,0
12245,27,207,552,premium,GB,5000,0
8032,31,34,327,standard,MA,5000,0
11572,25,185,510,standard,MA,10000,0
11005,50,186,534,premium,MA,10000,0
8790,70,110,692,premium,ES,5000,0
8557,40,49,415,standard,MA,5000,0
12159,56,169,318,pro,MA,10000,0
849,58,86,670,standard,FR,20000,0
13320,32,149,730,standard,DE,5000,0
3782,73,198,506,standard,FR,20000,0
8221,56,119,780,standard,FR,20000,0
4803,51,238,384,standard,ES,5000,0
12603,41,185,376,pro,MA,20000,0
12408,73,83,521,premium,DE,20000,0
8796,72,157,316,premium,MA,20000,1
5083,34,185,640,standard,FR,5000,0
6965,56,172,795,standard,FR,5000,0
12323,64,64,428,pro,MA,10000,0
11065,36,236,572,standard,DE,10000,0
10188,42,87,619,standard,MA,10000,0
9407,22,45,540,standard,DE,10000,1
13417,65,123,809,premium,ES,10000,0
4982,20,70,794,premium,MA,5000,0
2240,65,172,645,premium,MA,20000,2
575,68,187,538,standard,ES,5000,0
9378,37,49,362,standard,FR,20000,0
9572,21,184,620,standard,FR,10000,0
879,29,196,418,standard,FR,20000,0
2237,32,214,453,premium,MA,10000,1
2396,43,64,803,standard,MA,10000,0
12715,40,29,409,premium,MA,20000,0
14070,68,226,593,pro,MA,10000,1
12272,56,52,450,premium,ES,5000,0
14987,55,94,709,standard,GB,20000,0
8713,42,228,305,standard,MA,10000,0
117,60,101,802,standard,FR,5000,0
8823,49,223,664,standard,MA,5000,0
11982,50,53,505,premium,MA,5000,0
8942,74,18,610,premium,GB,10000,0
4629,26,150,324,standard,MA,5000,1
6357,64,165,708,standard,DE,50000,1
14710,35,210,326,standard,MA,20000,0
13321,35,111,609,pro,FR,10000,0
12396,57,76,450,premium,MA,5000,2
10554,47,60,572,standard,MA,10000,0
5084,48,94,437,standard,MA,5000,0
9938,37,157,712,standard,ES,20000,0
12419,69,46,754,standard,FR,10000,0
11757,43,101,655,premium,MA,5000,0
4898,18,125,348,standard,MA,10000,0
4906,42,226,446,premium,MA,50000,0
10085,34,128,458,premium,MA,5000,0
7175,39,93,760,premium,MA,50000,0
1368,73,146,733,standard,MA,5000,0
8076,57,35,633,standard,GB,10000,2
5781,52,1,405,standard,MA,5000,0
11150,43,199,310,standard,MA,20000,0
5366,35,149,527,premium,DE,5000,1
3139,42,54,672,standard,MA,5000,0
11487,54,46,688,standard,MA,5000,0
9614,49,158,821,premium,MA,20000,0
6375,74,185,728,standard,MA,5000,0
3439,34,214,363,standard,ES,5000,0
12491,20,99,759,standard,MA,20000,0
7815,56,114,498,standard,ES,10000,0
13308,64,209,633,pro,FR,5000,1
14743,35,153,752,standard,MA,20000,0
11497,26,95,301,standard,MA,5000,0
10341,38,28,655,standard,FR,5000,0
9488,74,156,487,standard,MA,20000,0
14674,32,120,683,standard,ES,5000,0
5001,70,89,818,standard,FR,20000,0
12896,34,175,709,premium,MA,10000,1
1078,36,18,478,premium,MA,20000,1
7089,32,35,817,pro,ES,5000,1
10033,57,90,500,standard,FR,10000,1
3872,37,162,708,premium,MA,10000,1
11847,24,10,844,premium,DE,20000,2
3339,42,54,546,standard,FR,10000,1
13045,31,82,593,standard,ES,10000,0
10108,31,39,825,pro,MA,10000,0
13182,62,53,826,standard,GB,10000,0
7355,45,49,357,standard,MA,5000,0
3092,53,162,486,premium,MA,20000,0
10339,47,176,767,standard,MA,10000,2
938,58,44,432,standard,ES,5000,0
6105,28,115,781,standard,ES,20000,1
5276,59,100,626,standard,GB,20000,0
3748,37,144,416,standard,MA,20000,0
10387,29,54,534,pro,MA,50000,1
2018,73,17,706,premium,MA,50000,0
6606,62,110,463,pro,MA,5000,0
6397,32,49,347,pro,ES,5000,0
384,25,2,668,standard,MA,5000,0
2867,65,233,665,standard,MA,5000,0
5617,74,184,754,premium,MA,10000,0
11000,42,58,425,standard,MA,20000,1
8748,51,18,616,premium,GB,5000,0
1818,46,146,401,standard,MA,10000,0
13065,59,183,733,premium,MA,5000,1
9213,28,119,462,premium,MA,10000,0
900,69,64,743,standard,MA,20000,0
7366,74,194,652,premium,FR,5000,0
12285,61,147,721,premium,MA,5000,1
10148,21,162,640,standard,MA,10000,1
5972,59,164,302,standard,MA,5000,0
6722,54,103,366,standard,ES,10000,1
5347,57,121,568,standard,MA,5000,0
11525,52,203,484,standard,MA,10000,0
5502,34,93,586,standard,DE,20000,0
12179,35,116,733,pro,FR,20000,0
1479,20,201,426,standard,MA,5000,0
7212,59,169,482,pro,MA,10000,0
3750,58,29,414,premium,DE,10000,0
14781,36,160,786,standard,MA,5000,0
8863,48,181,414,standard,ES,10000,0
13299,19,66,352,premium,FR,20000,0
14691,23,141,560,standard,ES,5000,0
11961,62,196,495,pro,MA,50000,0
8917,57,66,482,standard,MA,10000,0
9109,69,13,844,pro,MA,10000,0
2323,53,181,437,pro,DE,20000,0
4723,52,70,758,standard,MA,5000,0
1388,29,227,345,standard,MA,5000,0
8961,29,169,659,standard,FR,10000,1
12076,73,232,672,standard,FR,5000,0
2930,24,43,837,standard,MA,20000,1
8904,45,178,748,standard,GB,10000,0
10753,58,168,763,standard,GB,5000,0
345,42,86,423,standard,MA,10000,0
7679,42,213,726,premium,MA,10000,0
1267,18,176,595,premium,MA,10000,0
10981,39,196,353,premium,ES,10000,1
1302,18,74,637,standard,MA,20000,0
6211,18,107,404,pro,FR,5000,0
3291,57,238,388,premium,ES,5000,0
14415,54,126,584,premium,MA,10000,0
1065,41,7,641,standard,MA,10000,0
6662,70,63,434,premium,FR,20000,0
14030,71,70,792,pro,GB,10000,0
9147,38,83,803,premium,MA,10000,0
5113,39,188,555,standard,FR,5000,0
7726,69,77,818,standard,MA,20000,0
3893,19,2,751,standard,FR,5000,1
14265,49,112,571,premium,MA,5000,1
1696,63,164,721,standard,MA,5000,0
5440,55,62,809,standard,MA,20000,1
6701,25,62,377,pro,FR,20000,0
7853,37,61,570,standard,DE,5000,0
4463,38,151,453,standard,GB,50000,0
12829,47,135,456,standard,FR,5000,0
636,49,13,599,standard,MA,5000,0
13025,59,76,410,standard,DE,5000,0
8182,47,194,534,premium,DE,5000,0
2150,22,123,411,standard,ES,10000,0
7258,59,27,534,premium,MA,20000,0
101,28,219,822,premium,DE,5000,0
2006,44,77,685,standard,FR,20000,1
1738,38,165,752,premium,MA,5000,0
13650,42,46,395,premium,DE,20000,0
13404,57,134,617,standard,MA,10000,0
4256,50,10,473,pro,MA,5000,0
11977,55,113,834,pro,FR,20000,0
14627,65,218,449,standard,MA,10000,0
6302,24,126,365,premium,FR,20000,2
11017,33,214,619,premium,MA,10000,1
7509,52,83,772,standard,FR,5000,0
9132,70,118,634,premium,FR,10000,0
4239,34,79,731,pro,MA,20000,0
4526,41,18,814,standard,MA,10000,0
1132,63,181,430,standard,FR,5000,0
10351,44,116,763,premium,MA,10000,0
10285,42,63,627,standard,MA,20000,0
6434,70,32,379,standard,MA,5000,0
13762,37,169,677,pro,ES,5000,0
3651,62,88,628,premium,MA,20000,0
254,74,98,379,premium,FR,5000,0
6867,54,132,416,standard,DE,20000,0
10426,39,202,432,premium,MA,10000,0
5878,43,87,364,pro,FR,5000,0
249,70,202,486,standard,MA,20000,0
5281,44,116,602,pro,MA,20000,0
3294,63,63,766,standard,FR,5000,0
10165,56,134,553,premium,FR,20000,0
7202,29,30,377,standard,MA,5000,0
8247,74,214,701,standard,ES,5000,0
8438,66,75,807,standard,GB,20000,2
5377,32,83,435,premium,MA,50000,0
2063,59,122,451,pro,FR,10000,0
10656,69,178,556,pro,ES,5000,0
10756,19,38,520,standard,MA,5000,0
3544,39,16,543,premium,MA,5000,0
14749,74,100,447,pro,ES,10000,0
13078,66,76,662,standard,DE,10000,0
5655,25,214,627,standard,FR,10000,0
12655,24,232,542,standard,DE,10000,2
13700,64,112,611,standard,ES,10000,0
6839,74,101,699,standard,MA,10000,0
6152,25,180,644,standard,FR,10000,0
58,42,219,430,standard,MA,5000,0
4312,28,88,756,standard,MA,20000,0
11830,57,130,760,premium,MA,5000,0
10586,68,16,403,standard,MA,5000,1
14435,47,176,584,standard,MA,20000,0
9316,50,183,819,pro,FR,10000,0
14851,39,235,370,premium,FR,20000,1
7342,46,180,359,standard,MA,20000,1
4113,53,14,739,premium,MA,5000,0
9076,39,72,491,standard,MA,10000,0
198,35,192,503,premium,MA,10000,0
13820,70,157,590,standard,ES,5000,0
10328,29,197,697,standard,MA,20000,0
4587,67,75,304,premium,ES,5000,0
12259,35,20,501,premium,MA,10000,1
11295,22,91,781,standard,MA,20000,2
11206,54,208,499,standard,DE,10000,1
12063,56,207,620,standard,MA,10000,0
10156,30,219,398,premium,FR,5000,0
11183,24,67,722,premium,FR,20000,0
5277,42,51,487,pro,MA,5000,0
9879,34,48,609,standard,MA,5000,0
11397,42,59,795,standard,GB,5000,1
6639,32,148,813,standard,MA,20000,0
2627,28,194,353,standard,DE,10000,0
11144,37,239,842,premium,FR,5000,1
12146,28,210,357,pro,MA,20000,0
10256,55,65,665,pro,FR,10000,0
2756,52,194,698,standard,MA,10000,1
6079,34,36,573,standard,MA,20000,0
12962,69,68,681,pro,MA,5000,1
8925,51,136,368,standard,GB,10000,0
10356,34,215,736,standard,ES,10000,1
2176,61,124,465,premium,FR,5000,1
13863,48,229,819,standard,FR,5000,0
3846,39,186,554,standard,MA,20000,0
7908,60,105,452,standard,MA,5000,1
14196,41,29,828,standard,MA,10000,0
7024,20,56,317,premium,MA,5000,0
6879,40,64,754,premium,MA,5000,1
14320,68,234,626,standard,MA,50000,1
9792,18,17,396,standard,FR,5000,0
2809,35,109,359,standard,FR,5000,0
14410,64,10,430,standard,MA,5000,1
14365,40,75,564,premium,FR,5000,1
5858,67,42,447,standard,MA,20000,0
1923,20,60,470,pro,MA,5000,0
13880,40,196,559,standard,MA,10000,0
3918,24,173,792,pro,MA,5000,0
14516,23,159,484,standard,MA,10000,1
6334,60,149,819,premium,ES,5000,0
11577,48,159,597,standard,FR,5000,0
13457,21,202,828,standard,MA,20000,0
8535,53,210,353,standard,MA,10000,0
9489,39,9,832,standard,FR,5000,0
4865,45,160,558,standard,MA,10000,0
5131,53,21,341,standard,FR,10000,0
4489,47,97,623,premium,FR,20000,1
9932,72,151,429,standard,FR,10000,0
7566,20,25,504,standard,MA,5000,0
11648,64,200,844,standard,MA,5000,0
3225,74,183,377,standard,MA,5000,0
2098,31,164,355,standard,FR,5000,0
2897,40,33,385,premium,FR,20000,0
845,22,162,370,premium,MA,5000,0
12108,19,198,543,standard,MA,10000,0
1526,41,209,801,pro,MA,10000,0
5257,48,2,333,premium,ES,5000,0
10607,47,207,334,standard,FR,5000,0
1612,66,131,551,standard,MA,5000,0
5104,27,148,461,premium,MA,5000,0
1296,27,229,638,standard,MA,10000,0
573,29,157,666,standard,ES,5000,0
3315,25,152,511,standard,MA,5000,2
13713,37,122,479,premium,MA,5000,1
3286,70,179,593,standard,FR,5000,0
13593,41,133,501,standard,DE,10000,0
5587,67,10,362,standard,MA,5000,0
4551,49,78,734,pro,MA,10000,0
5189,34,1,381,standard,FR,10000,0
8793,34,190,639,standard,MA,5000,0
13965,49,51,780,pro,MA,5000,0
13791,69,61,741,premium,FR,10000,0
8819,67,47,343,standard,MA,5000,0
9549,24,236,544,premium,FR,10000,0
8371,62,8,333,standard,MA,20000,1
8121,25,200,549,pro,MA,10000,0
11653,32,128,619,premium,FR,20000,0
13690,70,86,678,standard,MA,5000,1
8949,31,164,486,standard,MA,50000,0
5618,59,7,696,premium,GB,10000,2
9875,33,188,554,premium,MA,20000,0
11666,60,80,421,standard,FR,5000,0
6190,33,211,633,standard,GB,5000,0
9786,73,226,496,standard,MA,10000,0
10485,32,49,655,premium,MA,5000,0
6163,39,31,722,pro,MA,5000,0
12168,72,169,580,standard,FR,50000,0
9531,68,126,339,premium,MA,10000,0
5953,18,161,515,premium,GB,10000,0
5859,59,184,493,premium,DE,10000,0
11642,50,64,806,standard,MA,20000,0
5537,21,212,491,pro,MA,5000,1
3138,40,165,589,standard,MA,10000,0
745,42,83,539,standard,MA,5000,0
12832,60,110,418,premium,MA,10000,0
1466,73,79,625,standard,ES,10000,1
14555,43,146,422,premium,FR,10000,4
11631,72,24,825,premium,FR,5000,0
9432,48,191,473,premium,MA,5000,0
8883,49,56,401,standard,GB,5000,0
5962,47,208,400,premium,MA,20000,0
11430,73,221,320,pro,FR,50000,0
7100,54,197,534,premium,ES,5000,0
12949,71,38,684,standard,MA,20000,0
9453,51,156,549,standard,MA,50000,0
8990,67,43,408,standard,MA,5000,0
1561,19,52,653,standard,ES,20000,0
8943,29,94,560,pro,MA,5000,1
8968,62,9,562,premium,MA,5000,0
3615,39,210,439,premium,MA,10000,0
3045,56,37,797,premium,FR,10000,1
5974,57,127,473,standard,MA,20000,0
10785,67,33,738,standard,ES,5000,1
4619,70,185,804,pro,FR,5000,0
14792,37,157,491,standard,DE,5000,0
10145,35,216,417,premium,MA,10000,0
1973,55,202,698,standard,ES,10000,0
10017,64,160,520,standard,MA,10000,1
11286,29,106,700,standard,ES,5000,0
8040,56,190,361,premium,MA,10000,0
12068,53,189,625,standard,MA,20000,0
6164,24,237,533,premium,ES,20000,0
10973,28,84,301,standard,MA,5000,0
7431,58,57,422,standard,MA,5000,1
9922,44,73,476,premium,ES,5000,0
7725,69,124,680,premium,MA,10000,0
13887,55,116,842,standard,MA,20000,1
13471,33,105,434,standard,MA,50000,0
10098,51,160,700,standard,MA,5000,0
3257,29,135,302,standard,MA,10000,0
10737,33,55,345,pro,MA,5000,1
11064,48,169,574,standard,GB,5000,0
7425,39,127,530,premium,FR,5000,0
1464,72,152,726,standard,GB,10000,0
14897,33,141,716,pro,FR,10000,0
13561,58,35,788,standard,MA,5000,0
6320,29,69,776,standard,MA,10000,2
1952,32,122,833,standard,DE,5000,0
9700,74,154,323,standard,FR,10000,0
12835,26,142,512,standard,MA,20000,0
1554,74,117,385,standard,MA,20000,0
4568,45,15,433,standard,MA,5000,0
13363,25,36,411,premium,MA,10000,0
5118,44,13,788,standard,MA,10000,0
9445,50,226,836,standard,MA,5000,0
7466,69,2,431,standard,MA,10000,0
869,26,12,434,standard,ES,10000,0
3818,19,176,504,premium,FR,20000,0
11130,40,89,745,premium,MA,5000,0
2748,29,105,765,premium,MA,5000,0
2058,56,166,667,pro,FR,5000,0
12454,21,208,541,premium,DE,20000,1
11215,40,193,520,premium,MA,5000,0
5876,49,151,315,premium,ES,5000,0
6486,35,191,481,pro,MA,5000,0
9807,60,122,491,premium,MA,5000,2
1352,50,202,390,standard,ES,10000,0
11285,44,159,365,premium,DE,10000,0
7647,31,218,340,standard,DE,20000,0
8954,40,232,836,standard,DE,10000,0
365,43,136,718,standard,MA,5000,0
1592,67,229,471,standard,MA,10000,0
7731,35,190,732,pro,MA,10000,0
9014,69,37,721,standard,DE,10000,1
139,66,62,475,standard,MA,20000,0
8712,52,234,630,premium,MA,5000,0
11821,26,105,498,standard,MA,50000,0
5762,47,105,722,standard,MA,50000,0
2416,55,126,719,standard,MA,50000,0
4232,45,84,310,standard,DE,20000,0
3786,41,36,578,premium,FR,5000,1
8830,44,170,509,standard,MA,5000,0
8037,23,180,343,standard,FR,10000,0
3113,43,1,819,standard,DE,5000,0
12094,45,119,537,standard,MA,10000,1
11540,66,138,439,standard,DE,5000,0
9985,59,179,788,standard,MA,10000,0
1118,51,11,567,premium,MA,10000,1
14469,40,178,349,standard,ES,10000,1
6613,58,133,766,standard,MA,10000,0
12838,40,226,309,standard,MA,50000,2
12426,32,28,573,premium,FR,20000,1
1460,60,192,483,standard,FR,10000,0
8654,20,4,567,standard,MA,5000,0
10116,74,97,774,pro,ES,5000,0
4038,25,23,319,standard,MA,5000,0
6901,70,45,543,pro,MA,5000,0
13598,40,142,753,pro,MA,20000,1
13076,30,215,363,standard,DE,10000,0
6009,61,8,843,standard,ES,20000,0
13636,24,163,464,premium,ES,5000,1
1855,19,70,659,standard,MA,20000,0
1834,66,130,642,pro,MA,10000,1
6108,67,188,817,premium,FR,10000,0
7287,27,51,838,standard,MA,20000,1
3936,72,60,445,standard,MA,20000,1
806,44,59,714,premium,MA,5000,0
7296,49,64,732,standard,MA,5000,0
11693,25,227,517,standard,MA,20000,1
1950,31,78,399,standard,GB,5000,0
1080,72,124,791,premium,MA,20000,0
13409,47,24,737,standard,MA,5000,0
1112,21,200,628,standard,ES,20000,0
14245,64,187,591,standard,MA,5000,1
13093,74,65,750,standard,FR,10000,1
14025,73,138,457,standard,FR,10000,0
1295,50,131,699,premium,MA,20000,0
13589,30,96,700,standard,GB,5000,2
9321,64,172,505,premium,MA,5000,0
9090,32,67,398,standard,MA,10000,1
7801,74,61,595,standard,MA,20000,0
3368,29,230,542,premium,FR,5000,0
5660,56,186,523,standard,MA,20000,0
13272,52,133,447,standard,MA,5000,0
9772,74,188,677,premium,FR,10000,0
4899,67,220,621,standard,MA,5000,0
4392,22,20,521,standard,MA,5000,0
11535,63,62,598,premium,DE,10000,0
4259,71,60,498,pro,MA,10000,0
8642,28,135,834,standard,MA,5000,1
9340,23,121,539,premium,FR,10000,0
4251,72,163,650,standard,MA,10000,0
359,47,205,321,standard,FR,10000,0
6909,42,107,723,pro,FR,10000,1
5232,72,130,663,standard,MA,5000,1
4761,58,64,621,standard,FR,20000,0
8905,18,164,834,premium,ES,50000,1
4502,35,105,476,standard,MA,10000,0
13595,60,78,333,standard,MA,5000,0
9246,38,16,479,pro,MA,10000,0
12617,36,88,812,premium,MA,10000,3
3364,65,126,359,standard,MA,5000,1
537,46,54,548,standard,FR,10000,0
8544,68,82,542,standard,MA,10000,1
11392,30,123,736,standard,MA,10000,0
6873,30,168,469,standard,FR,5000,0
5197,47,40,540,standard,FR,5000,3
940,44,35,383,standard,MA,50000,0
2990,44,182,598,standard,MA,5000,0
4102,57,193,578,premium,MA,10000,0
6371,44,183,601,standard,MA,20000,1
10295,45,213,402,premium,ES,20000,0
2634,56,68,487,premium,FR,50000,0
10364,66,96,685,premium,ES,10000,0
2872,72,45,585,premium,MA,20000,1
604,72,26,618,standard,FR,10000,2
2395,73,196,716,premium,MA,5000,1
11442,33,83,721,premium,MA,5000,1
14703,55,219,643,standard,ES,5000,0
2005,44,56,729,standard,FR,10000,0
8886,74,108,384,premium,MA,5000,0
10835,33,2,659,standard,MA,20000,0
2982,33,201,342,premium,GB,10000,1
4037,24,92,530,standard,MA,10000,1
8154,63,80,393,pro,GB,5000,0
6985,74,113,632,standard,FR,5000,1
7285,52,105,720,standard,FR,10000,1
3704,63,96,359,standard,DE,10000,0
4562,74,230,601,standard,MA,5000,0
3660,45,122,559,standard,MA,5000,0
8636,30,122,799,pro,DE,10000,0
5185,48,14,838,standard,MA,10000,1
1605,61,162,466,standard,MA,10000,0
2174,57,16,574,standard,MA,10000,0
8059,56,8,334,standard,DE,5000,0
10244,53,212,615,pro,FR,5000,0
6056,30,127,499,standard,MA,10000,1
2148,29,97,653,standard,MA,20000,1
1767,50,126,527,standard,FR,20000,0
6088,50,2,805,pro,MA,10000,0
10764,60,15,700,standard,MA,10000,0
7220,34,206,705,standard,MA,10000,0
4491,64,238,612,premium,FR,10000,0
4835,33,110,480,standard,MA,5000,0
3105,68,2,358,premium,ES,5000,0
4844,70,26,616,standard,FR,20000,0
7348,54,200,506,standard,DE,5000,0
2043,72,160,777,standard,ES,10000,0
13755,64,154,552,standard,MA,5000,0
1790,25,203,698,standard,MA,5000,1
5644,29,178,472,standard,MA,10000,0
8133,63,54,795,premium,FR,5000,0
2793,40,231,402,pro,FR,5000,0
8315,73,17,619,premium,MA,5000,0
14620,61,202,619,standard,MA,20000,0
4495,51,128,738,standard,GB,20000,1
9206,47,68,804,standard,MA,5000,0
2415,54,86,443,premium,MA,5000,0
5336,61,239,424,premium,MA,20000,0
9948,24,130,614,standard,MA,20000,0
7155,25,105,562,standard,MA,20000,0
2965,68,10,761,premium,ES,20000,0
209,46,159,372,pro,MA,5000,0
12247,55,73,306,standard,MA,10000,0
12392,56,112,517,premium,ES,5000,0
12809,27,25,738,premium,MA,5000,0
12122,68,42,380,standard,MA,5000,0
9912,55,163,740,premium,MA,10000,0
4473,46,101,839,standard,GB,20000,0
2736,55,30,481,standard,FR,5000,1
9499,52,170,453,premium,MA,10000,1
389,72,128,480,pro,MA,10000,1
7529,36,187,827,pro,FR,5000,0
9803,18,226,495,premium,MA,5000,0
14270,29,141,703,standard,DE,5000,0
10683,48,219,705,standard,MA,10000,1
678,42,168,750,standard,MA,5000,0
7940,47,137,382,standard,MA,10000,0
10101,31,170,478,standard,FR,5000,3
11393,56,20,672,premium,MA,10000,1
14822,63,214,323,standard,MA,20000,0
5657,20,97,491,premium,GB,10000,1
2204,71,15,581,standard,ES,20000,0
288,43,127,589,premium,MA,5000,1
14053,49,50,666,standard,DE,10000,0
4275,54,108,614,premium,FR,5000,0
3874,37,160,631,standard,MA,20000,1
3124,23,216,325,standard,DE,20000,0
3768,68,211,319,standard,MA,50000,0
67,60,21,790,pro,MA,10000,1
12508,72,151,556,standard,DE,10000,0
6603,40,55,586,standard,MA,20000,0
4024,38,211,499,standard,ES,10000,0
10385,64,76,441,pro,ES,5000,1
5180,67,15,728,pro,FR,20000,0
14155,70,166,718,pro,MA,5000,0
14750,65,167,807,standard,MA,10000,0
4100,57,124,687,standard,MA,10000,0
6014,29,192,582,premium,MA,20000,1
8963,48,226,327,standard,MA,20000,0
7522,21,172,561,standard,MA,10000,1
9639,46,4,477,premium,MA,5000,0
4956,37,147,522,premium,MA,20000,0
5604,42,231,388,standard,MA,10000,0
526,27,214,472,standard,MA,20000,2
7912,58,140,759,pro,GB,5000,0
10394,38,218,315,premium,MA,5000,0
12217,53,220,837,standard,MA,5000,1
9515,56,143,527,standard,ES,5000,0
2387,42,3,492,premium,FR,5000,0
5574,69,127,352,premium,FR,20000,0
8641,33,106,671,standard,FR,10000,0
11129,22,88,823,standard,MA,5000,1
9937,23,12,432,standard,FR,5000,0
14168,32,36,745,standard,GB,5000,1
11010,31,102,430,premium,MA,10000,0
658,72,92,375,premium,MA,5000,1
11862,52,236,481,pro,MA,10000,0
1224,41,145,670,standard,DE,10000,0
5710,57,96,305,premium,ES,20000,0
3340,64,150,425,standard,FR,20000,0
13070,72,54,401,premium,FR,10000,0
14845,73,110,442,standard,MA,10000,0
6714,36,44,629,standard,MA,20000,0
2485,36,238,669,standard,FR,10000,0
12029,18,173,484,standard,MA,10000,0
6709,43,103,822,premium,GB,5000,0
8608,43,156,525,pro,DE,10000,1
1829,25,209,562,pro,MA,10000,0
9796,49,168,387,premium,FR,50000,1
532,38,239,653,premium,MA,20000,1
3639,70,158,552,premium,DE,5000,0
2927,68,54,689,standard,MA,10000,1
8915,43,32,435,standard,ES,10000,0
9969,58,199,536,standard,ES,5000,0
2328,36,201,805,standard,MA,50000,0
710,47,154,396,standard,FR,5000,0
12317,57,1,814,standard,ES,20000,1
14682,21,166,812,standard,MA,20000,0
12523,22,12,463,premium,MA,5000,0
9722,51,11,565,standard,MA,5000,1
1011,20,220,351,pro,MA,5000,1
14357,47,173,411,standard,ES,10000,0
12203,29,3,459,pro,GB,20000,0
350,25,72,336,standard,MA,5000,0
10421,70,170,696,standard,MA,5000,0
1582,28,69,439,premium,MA,5000,0
363,71,109,754,premium,MA,10000,0
12493,20,227,564,standard,MA,50000,0
4222,69,135,832,standard,FR,20000,0
6329,56,20,824,premium,FR,10000,1
1,59,113,602,standard,MA,20000,1
2399,68,164,717,pro,MA,10000,0
8922,60,102,759,standard,ES,50000,0
4238,33,235,661,premium,MA,10000,1
12917,28,74,639,standard,FR,5000,0
10628,25,181,562,premium,DE,20000,1
14308,48,34,467,standard,MA,5000,0
11033,68,145,447,standard,MA,20000,0
7669,33,60,596,standard,MA,50000,1
11143,32,32,580,premium,FR,10000,0
776,60,205,319,standard,FR,20000,0
11721,44,171,822,standard,MA,20000,0
3481,21,17,656,pro,ES,5000,1
13843,59,24,381,standard,MA,5000,0
3991,36,200,558,standard,FR,10000,0
11630,29,182,600,standard,ES,10000,1
8424,65,119,723,standard,ES,20000,1
5864,37,130,708,premium,MA,5000,0
14779,69,80,452,pro,FR,5000,0
13489,52,163,309,premium,DE,5000,0
528,23,49,461,premium,MA,10000,0
6008,51,116,738,standard,MA,5000,0
11675,18,6,366,premium,MA,50000,0
8177,42,140,732,premium,ES,5000,0
6204,48,78,473,premium,FR,10000,0
14232,20,210,633,premium,MA,20000,0
1718,61,222,366,premium,ES,5000,0
12415,46,12,541,standard,MA,10000,0
10245,71,85,403,pro,MA,10000,1
11926,22,156,779,standard,FR,5000,0
11691,19,126,332,standard,DE,5000,0
6160,28,159,561,standard,MA,10000,1
7182,70,29,393,standard,FR,10000,0
6800,53,84,701,pro,FR,10000,1
11820,32,104,628,premium,MA,5000,1
8406,59,180,399,pro,FR,5000,0
5610,26,9,372,premium,FR,10000,0
8187,64,217,459,pro,DE,5000,1
7386,35,40,551,standard,GB,5000,0
1735,71,89,797,premium,MA,10000,0
778,22,211,849,standard,MA,10000,1
2429,61,29,331,standard,DE,10000,0
12580,23,37,633,premium,MA,10000,0
1686,44,27,454,standard,MA,5000,0
4881,50,75,544,premium,ES,20000,0
5471,23,190,551,premium,MA,20000,0
1157,68,190,373,premium,ES,20000,0
7478,44,50,657,standard,MA,5000,0
10095,49,63,625,standard,FR,50000,1
4645,35,5,589,pro,MA,5000,0
11058,43,163,337,standard,FR,10000,0
2020,19,212,585,standard,FR,5000,1
7550,52,101,508,premium,ES,10000,1
127,27,133,748,standard,ES,10000,0
12950,62,193,332,premium,ES,20000,2
14125,18,134,337,standard,FR,10000,0
7157,33,110,804,standard,MA,10000,0
1033,32,72,636,premium,ES,5000,0
2109,59,90,784,standard,MA,50000,0
3838,35,45,609,standard,FR,10000,0
3205,44,45,443,standard,FR,10000,0
6415,60,133,626,pro,FR,5000,0
8849,70,76,413,pro,ES,20000,2
4079,53,88,406,standard,ES,5000,1
7001,58,180,445,standard,MA,20000,0
6300,33,128,606,premium,ES,20000,0
3202,30,107,826,standard,MA,10000,0
11900,43,138,579,premium,FR,50000,1
13249,18,110,690,premium,FR,20000,0
9976,44,95,481,standard,DE,50000,0
6076,53,107,536,standard,FR,20000,0
11615,73,166,656,standard,GB,20000,0
7794,36,67,436,premium,MA,10000,0
2337,36,72,512,standard,MA,20000,0
8936,32,53,366,standard,FR,20000,1
12097,19,229,700,standard,FR,50000,0
6231,27,173,315,premium,FR,10000,0
10289,24,195,510,premium,MA,20000,1
12557,27,194,691,standard,FR,5000,0
755,56,48,619,standard,FR,5000,1
1051,36,147,720,premium,FR,5000,0
12806,49,68,838,standard,ES,10000,0
5835,18,185,452,standard,MA,10000,0
4738,38,172,548,premium,MA,10000,0
966,61,10,644,premium,MA,10000,0
10007,64,4,331,standard,GB,5000,1
4260,69,176,683,standard,GB,20000,0
13516,21,227,573,standard,DE,20000,0
2100,67,49,324,premium,MA,5000,0
4336,48,34,366,standard,FR,10000,0
5812,61,160,786,standard,FR,5000,0
7101,61,29,390,pro,ES,10000,0
14593,40,166,403,premium,MA,20000,0
7249,53,136,379,standard,MA,5000,0
9532,67,211,636,premium,MA,10000,0
3268,30,60,483,standard,MA,5000,0
8953,18,172,464,premium,MA,20000,0
11880,29,186,637,premium,MA,5000,0
14666,42,160,366,premium,MA,20000,0
8440,72,231,631,standard,MA,50000,0
6085,27,103,720,premium,GB,10000,0
10629,64,236,467,standard,GB,5000,0
9590,24,153,533,standard,MA,20000,0
3248,24,73,833,standard,GB,5000,1
5838,45,169,456,premium,MA,5000,0
13130,30,48,342,premium,DE,10000,1
10474,38,213,554,standard,MA,20000,0
7549,19,44,479,standard,GB,5000,0
8566,37,72,568,pro,MA,5000,1
13355,71,3,309,standard,FR,20000,1
2320,68,25,728,standard,GB,5000,0
6010,47,61,408,premium,MA,10000,0
6671,74,117,599,standard,ES,20000,0
12085,56,118,710,standard,MA,10000,0
9979,24,40,840,premium,MA,20000,0
7394,39,44,632,standard,DE,10000,0
7881,69,235,309,standard,MA,10000,0
833,34,134,502,standard,MA,20000,0
9060,41,158,354,standard,ES,5000,0
7238,19,101,454,premium,DE,5000,0
13394,39,141,678,premium,MA,10000,0
420,53,52,564,standard,MA,20000,1
13034,66,152,374,pro,MA,5000,0
9361,33,84,565,standard,FR,5000,0
10163,50,102,780,standard,MA,10000,0
14588,68,236,781,pro,ES,10000,0
3296,57,106,832,standard,MA,10000,1
7497,34,97,498,standard,MA,5000,0
3662,32,123,464,standard,MA,10000,1
13069,69,170,748,standard,MA,5000,0
11637,22,232,714,pro,MA,5000,0
9659,40,37,604,pro,FR,5000,0
6326,19,24,513,standard,MA,5000,0
5444,64,205,428,standard,MA,5000,1
12522,22,115,626,premium,MA,5000,0
10767,18,200,491,standard,ES,5000,1
13177,49,181,646,premium,MA,5000,1
12278,28,171,817,premium,MA,20000,0
13406,74,30,680,standard,FR,10000,1
13487,32,141,448,standard,FR,10000,0
4412,30,219,838,standard,MA,5000,0
12498,51,135,663,standard,FR,10000,0
9379,39,136,627,standard,ES,10000,0
10030,56,173,808,pro,DE,5000,0
13140,48,171,647,standard,ES,5000,0
11639,47,117,470,premium,ES,10000,0
11029,25,49,423,premium,DE,5000,2
12045,29,137,548,standard,GB,5000,0
10748,63,154,386,standard,MA,20000,2
4274,60,227,523,premium,MA,10000,0
6192,35,131,376,standard,MA,20000,0
10397,54,89,305,standard,MA,5000,0
6989,33,98,356,standard,GB,20000,0
10864,45,56,739,premium,MA,50000,0
12163,43,155,847,standard,MA,10000,0
12238,71,211,494,standard,FR,20000,0
5343,65,26,460,standard,ES,10000,0
3727,56,157,742,standard,MA,5000,0
6380,31,13,352,premium,MA,5000,1
14290,31,236,716,pro,ES,10000,0
4837,47,121,763,standard,MA,20000,0
7728,59,118,620,premium,MA,5000,0
13981,31,100,844,standard,MA,50000,1
10796,71,32,404,premium,MA,5000,0
13354,31,151,437,pro,MA,10000,0
11427,71,190,784,standard,FR,50000,0
9945,74,209,630,standard,MA,5000,0
4322,42,149,744,premium,MA,5000,0
10696,71,68,833,standard,MA,5000,0
26,41,42,774,standard,ES,20000,0
1687,23,28,714,standard,MA,20000,1
584,64,169,727,premium,MA,5000,0
357,30,194,510,standard,MA,5000,1
4847,21,226,513,standard,FR,20000,0
9133,70,80,719,standard,MA,10000,1
10202,26,101,364,standard,MA,5000,0
2494,43,58,329,premium,GB,20000,0
12410,21,139,356,premium,MA,5000,1
11023,28,97,819,premium,FR,5000,0
12753,43,204,453,premium,MA,10000,1
6340,24,197,758,premium,MA,5000,0
601,56,103,801,standard,MA,10000,0
13401,33,103,313,premium,MA,10000,2
13565,50,162,662,standard,MA,10000,1
786,44,83,656,standard,MA,5000,1
3868,54,5,700,premium,MA,5000,0
1168,23,198,362,standard,ES,10000,1
11988,72,220,436,premium,MA,50000,0
744,36,207,575,standard,MA,5000,0
11583,66,162,737,premium,MA,10000,0
11893,26,112,828,standard,MA,10000,1
1713,40,102,557,standard,MA,20000,1
3514,18,221,488,standard,MA,10000,0
5824,59,165,322,standard,ES,10000,0
13350,38,93,805,premium,MA,5000,0
10460,30,179,541,standard,DE,10000,0
14411,19,30,469,standard,MA,10000,0
1314,72,32,594,standard,MA,5000,1
1673,52,70,648,standard,FR,10000,0
4867,46,218,458,premium,FR,5000,0
11133,66,130,704,premium,MA,5000,0
5683,68,203,337,standard,GB,5000,0
13905,38,47,536,standard,MA,10000,0
7048,44,141,326,standard,ES,20000,0
12113,74,159,606,standard,ES,5000,1
14699,58,129,573,premium,ES,5000,1
5046,25,5,409,pro,FR,5000,0
8910,62,142,307,standard,FR,5000,0
4059,33,177,433,standard,ES,5000,3
14742,48,135,815,standard,MA,5000,0
12732,42,105,602,standard,MA,5000,0
10088,57,147,311,pro,DE,5000,1
10539,20,116,609,premium,DE,5000,0
5085,62,32,592,premium,MA,10000,1
2550,45,124,846,standard,GB,20000,0
10750,59,126,669,standard,GB,5000,1
11531,69,212,798,standard,MA,5000,1
1285,20,124,786,standard,MA,10000,0
10611,53,90,491,standard,ES,5000,0
3421,53,159,592,standard,MA,10000,0
4904,37,132,540,premium,FR,20000,0
449,66,224,664,standard,FR,5000,2
9207,49,50,789,premium,FR,5000,0
9130,55,132,648,premium,MA,5000,0
9821,49,15,821,premium,FR,5000,1
2931,64,66,669,standard,FR,20000,0
10978,55,37,507,standard,MA,20000,0
3600,59,222,746,standard,MA,20000,0
11524,66,56,810,premium,MA,10000,0
10907,54,30,390,premium,MA,5000,1
4205,36,170,364,premium,ES,10000,0
2614,36,218,766,pro,MA,5000,0
13760,30,228,339,premium,ES,10000,0
6090,22,57,729,standard,DE,5000,0
3095,36,230,827,standard,MA,5000,0
13529,39,127,822,standard,MA,10000,1
472,37,45,656,standard,MA,10000,0
12435,51,44,463,standard,MA,5000,0
12887,23,35,796,standard,FR,5000,0
14941,50,168,611,premium,ES,50000,0
5222,49,10,592,pro,MA,5000,1
7434,62,57,351,standard,FR,10000,1
742,43,232,701,premium,MA,20000,0
6244,51,208,728,standard,MA,5000,0
8303,58,81,774,standard,DE,50000,0
4426,64,137,740,standard,MA,20000,0
6542,42,157,843,standard,MA,5000,0
3654,18,69,569,standard,MA,10000,0
11447,44,62,511,premium,GB,5000,0
9084,27,68,518,standard,MA,10000,0
11762,72,122,516,standard,ES,20000,0
4628,37,93,711,premium,FR,10000,0
9091,51,150,537,standard,MA,20000,0
12284,57,69,404,standard,MA,10000,0
3414,50,4,318,premium,GB,10000,0
9151,71,18,622,standard,GB,5000,1
5273,19,156,788,standard,FR,5000,0
13207,49,154,500,standard,MA,20000,0
12488,32,102,646,standard,MA,10000,1
199,48,163,425,premium,MA,5000,1
7993,63,69,688,standard,MA,20000,0
8730,29,22,799,pro,FR,20000,0
5220,22,118,430,premium,MA,5000,0
14990,51,186,687,standard,DE,20000,0
12497,28,88,787,standard,FR,10000,0
179,45,70,810,standard,MA,20000,0
14083,41,207,765,standard,FR,5000,0
3989,51,182,803,standard,MA,10000,0
826,26,135,335,pro,MA,10000,0
13223,29,40,393,standard,MA,5000,0
14770,28,143,476,standard,FR,10000,0
12605,41,39,738,premium,MA,5000,0
8686,46,31,640,standard,ES,50000,1
13597,54,97,580,premium,FR,5000,1
7694,36,190,790,standard,ES,5000,0
10669,57,208,767,standard,FR,5000,0
2565,71,75,613,standard,FR,20000,1
4610,48,10,762,standard,MA,5000,0
12001,43,171,477,standard,DE,20000,1
12726,65,219,553,pro,MA,10000,1
4177,54,75,706,standard,MA,10000,0
12873,41,23,459,premium,MA,10000,2
10910,40,174,709,standard,ES,5000,1
232,57,193,448,pro,MA,10000,0
8144,32,235,672,standard,FR,5000,0
9029,38,166,785,standard,MA,10000,0
13666,43,87,642,premium,FR,20000,0
13940,63,91,407,premium,FR,10000,0
498,51,106,572,standard,MA,5000,0
10473,23,28,405,standard,MA,20000,0
12742,40,178,637,standard,MA,10000,0
3914,52,186,772,standard,GB,10000,0
5842,25,126,747,standard,ES,5000,1
14024,44,184,711,premium,GB,10000,0
12242,48,162,453,standard,FR,5000,0
3390,63,139,328,standard,ES,10000,1
6728,64,128,344,standard,MA,10000,0
14526,74,192,369,standard,MA,10000,0
5536,41,77,729,standard,GB,5000,0
3011,26,180,800,premium,MA,10000,0
3583,63,29,465,premium,MA,5000,1
4319,39,55,828,pro,MA,5000,0
5108,66,195,415,standard,MA,10000,0
5368,46,220,640,standard,MA,10000,0
3073,56,127,657,standard,FR,5000,0
6545,29,49,765,standard,DE,20000,0
1633,28,38,378,premium,MA,10000,0
7128,43,202,627,pro,MA,20000,1
8049,28,59,590,premium,MA,10000,0
7009,31,49,445,standard,MA,10000,0
1708,37,22,622,standard,MA,10000,0
7650,23,32,365,standard,MA,5000,2
14362,73,143,682,standard,FR,10000,1
8341,23,77,575,standard,MA,20000,1
14720,52,54,480,premium,FR,5000,0
4640,37,143,784,pro,GB,5000,0
8055,23,73,462,standard,MA,5000,0
11160,36,224,742,premium,FR,10000,0
8118,73,11,590,pro,MA,10000,0
12966,56,65,421,standard,MA,10000,0
3058,30,145,474,standard,DE,5000,0
14719,32,235,649,standard,MA,50000,0
737,30,46,572,standard,MA,20000,0
11396,52,161,681,standard,MA,20000,0
6149,51,103,849,standard,MA,10000,0
13279,43,65,727,standard,MA,10000,0
14177,37,51,738,standard,MA,20000,1
975,28,78,327,standard,MA,20000,0
14037,38,102,521,pro,MA,5000,0
1135,46,77,622,premium,MA,5000,0
9833,41,91,470,standard,MA,5000,0
5236,40,81,355,standard,MA,10000,0
43,51,224,633,premium,MA,10000,0
8807,42,122,442,standard,MA,5000,2
11352,60,175,671,pro,MA,5000,0
13302,61,189,583,premium,DE,10000,1
9900,37,64,453,standard,FR,10000,0
10615,72,235,415,premium,MA,20000,0
993,40,199,840,standard,MA,5000,0
11587,41,130,689,premium,MA,10000,0
10963,30,124,359,standard,MA,20000,0
2027,45,227,673,standard,MA,10000,0
13707,31,120,597,standard,GB,5000,0
5461,55,128,645,standard,MA,5000,0
3226,63,69,773,premium,MA,10000,0
925,46,131,599,standard,MA,5000,0
11438,35,11,818,standard,MA,20000,0
2623,68,131,640,standard,MA,20000,0
2944,58,56,655,standard,MA,20000,2
3021,64,137,628,standard,ES,5000,0
722,28,178,514,premium,FR,50000,0
11925,36,75,461,premium,ES,10000,1
1527,71,117,825,premium,MA,5000,0
9690,29,113,359,premium,GB,5000,0
14063,37,94,607,standard,FR,20000,0
3720,31,85,420,premium,ES,10000,0
14206,31,113,786,premium,ES,20000,0
14843,20,40,643,premium,MA,50000,0
9510,19,6,593,standard,GB,10000,1
1348,39,23,622,standard,DE,5000,2
9822,43,100,593,premium,DE,5000,0
11655,19,224,797,premium,MA,20000,1
6174,70,192,775,premium,MA,10000,0
12804,46,103,648,standard,MA,10000,1
10449,64,77,405,standard,FR,5000,1
14424,56,11,406,standard,ES,10000,0
12237,48,182,331,premium,MA,5000,0
5102,22,78,587,premium,MA,5000,0
1313,68,220,700,premium,MA,10000,0
13071,42,53,675,standard,MA,10000,0
1620,29,49,636,standard,DE,5000,0
3047,36,179,543,standard,ES,5000,1
14986,67,19,499,standard,ES,5000,0
6216,43,153,721,standard,FR,5000,1
788,48,126,313,standard,FR,10000,1
2588,43,237,372,standard,MA,10000,0
14970,40,216,558,standard,FR,10000,0
4756,21,189,377,standard,MA,10000,0
14543,69,227,550,standard,ES,20000,0
261,32,34,843,standard,GB,5000,0
14146,42,23,590,standard,MA,5000,1
3201,39,48,472,standard,MA,5000,1
2428,73,203,490,standard,DE,5000,0
2654,38,232,355,standard,ES,10000,0
5416,29,154,399,pro,MA,10000,1
14665,47,156,534,standard,MA,10000,0
2214,35,155,700,standard,MA,20000,0
402,50,82,433,standard,MA,5000,0
2770,37,38,795,standard,FR,20000,0
4357,22,160,341,standard,FR,20000,0
4828,68,175,685,standard,MA,20000,0
10941,20,133,535,standard,ES,5000,0
5299,52,155,646,premium,MA,50000,1
6100,42,159,662,premium,MA,5000,0
665,64,30,759,premium,MA,5000,0
8750,58,17,411,standard,MA,5000,0
3607,65,32,819,premium,FR,50000,0
9811,23,135,456,premium,MA,5000,0
4066,31,76,596,premium,GB,5000,1
4963,39,159,815,premium,MA,20000,0
3676,24,188,589,premium,MA,20000,2
1720,19,134,794,standard,MA,20000,0
8795,41,27,464,standard,ES,10000,0
6121,74,181,441,standard,MA,10000,0
4226,24,52,743,standard,MA,10000,0
7344,36,188,375,standard,FR,20000,1
7676,29,101,814,standard,MA,10000,0
4798,24,229,800,standard,ES,20000,0
2305,20,9,808,standard,FR,5000,0
9992,26,116,499,premium,GB,10000,0
5295,30,9,588,standard,MA,10000,1
775,58,7,322,standard,MA,5000,0
10019,45,25,679,standard,GB,20000,0
13292,40,148,435,standard,DE,10000,0
2664,52,27,788,standard,ES,50000,1
2065,20,197,600,premium,ES,5000,1
4504,36,235,454,pro,MA,5000,0
2211,66,47,849,premium,DE,10000,0
83,28,144,641,premium,GB,5000,0
11194,55,139,304,standard,MA,10000,0
11232,52,50,750,standard,FR,5000,0
6239,28,1,803,standard,FR,10000,2
6207,20,101,310,standard,FR,5000,0
14680,67,99,366,standard,MA,5000,0
13535,56,103,513,standard,GB,10000,0
12952,54,233,802,premium,MA,20000,0
2293,66,79,607,standard,MA,10000,1
280,49,159,397,premium,MA,10000,0
14971,71,46,497,standard,MA,5000,0
8074,60,204,527,standard,MA,5000,0
228,51,153,385,standard,MA,10000,0
9121,46,117,550,standard,MA,10000,1
1417,73,59,743,pro,ES,10000,0
12968,52,182,605,standard,MA,5000,1
11164,49,239,819,standard,ES,20000,1
8591,28,34,569,standard,MA,10000,0
11718,58,7,638,standard,ES,5000,3
404,58,95,462,premium,MA,20000,1
5507,23,68,447,standard,DE,10000,0
3577,32,79,726,standard,ES,50000,0
1260,28,212,341,standard,MA,5000,1
4496,52,9,614,premium,MA,10000,0
6627,65,169,547,pro,DE,10000,1
14348,44,43,440,premium,MA,10000,0
11947,62,64,377,premium,MA,5000,1
2854,65,117,678,standard,ES,10000,1
14307,50,121,835,premium,GB,20000,0
6880,64,167,504,standard,MA,20000,1
4366,47,54,455,premium,MA,10000,0
1786,33,197,838,standard,ES,5000,1
7331,38,147,374,standard,MA,20000,0
625,60,179,781,premium,GB,20000,0
8862,70,77,814,premium,FR,20000,0
12318,23,13,737,premium,MA,5000,1
9197,63,91,364,standard,MA,5000,0
6222,68,135,760,pro,MA,20000,0
11731,40,72,410,pro,MA,10000,0
9569,33,217,708,premium,FR,10000,0
7373,41,4,475,standard,FR,20000,0
5773,20,81,752,standard,MA,5000,0
2779,31,120,807,standard,ES,5000,1
9066,32,239,673,premium,ES,20000,1
874,57,98,787,standard,MA,5000,0
8629,39,87,611,standard,DE,5000,0
8051,53,194,327,standard,ES,50000,0
9971,27,1,733,standard,MA,20000,0
7715,30,230,309,standard,MA,5000,0
14226,18,43,315,standard,DE,20000,0
14323,71,78,565,standard,FR,10000,0
10605,48,88,711,standard,MA,10000,0
7563,37,233,303,standard,MA,5000,1
13446,44,179,785,standard,FR,5000,0
11449,35,166,761,pro,MA,10000,1
10210,70,213,841,standard,MA,10000,0
3867,22,221,611,standard,ES,5000,0
4174,52,190,735,standard,MA,10000,1
92,66,56,562,standard,MA,20000,1
5431,37,188,456,standard,DE,10000,0
12653,23,218,839,standard,FR,20000,0
13857,46,172,681,standard,FR,5000,1
13035,74,200,566,standard,FR,50000,0
7025,40,46,735,premium,MA,5000,1
14153,44,22,772,standard,ES,5000,0
1948,40,207,338,standard,MA,20000,0
789,59,220,664,pro,FR,5000,0
8896,20,80,659,standard,MA,10000,0
7863,34,129,847,premium,DE,5000,0
10115,57,80,540,standard,ES,50000,1
13157,30,126,738,standard,DE,10000,1
841,49,165,456,premium,MA,5000,2
919,69,183,717,standard,FR,10000,0
7149,54,196,618,standard,MA,5000,0
559,51,17,679,pro,MA,10000,1
5079,71,180,695,premium,MA,20000,0
11428,45,78,680,standard,ES,10000,0
5535,22,66,334,standard,GB,10000,1
10770,45,194,591,pro,MA,5000,0
647,37,147,819,pro,MA,5000,0
283,65,59,333,standard,FR,20000,0
10890,26,12,363,premium,ES,10000,0
7966,19,148,625,standard,MA,5000,0
6292,65,40,646,standard,MA,5000,0
7907,39,212,715,premium,FR,20000,0
9972,33,27,521,premium,MA,20000,1
7233,64,186,795,standard,MA,20000,1
2355,69,230,622,standard,MA,10000,0
9649,19,154,314,premium,GB,10000,0
3371,59,145,745,standard,MA,5000,1
3233,52,177,548,pro,DE,20000,0
12592,65,56,823,standard,FR,20000,2
3571,52,121,372,standard,MA,5000,0
4099,74,81,822,standard,MA,20000,0
11824,71,140,351,standard,ES,5000,0
5714,49,58,501,standard,MA,20000,1
13165,49,40,613,pro,GB,20000,0
7398,33,143,743,standard,FR,5000,0
7886,74,1,398,standard,MA,5000,1
2448,25,67,843,standard,MA,10000,1
14587,38,44,507,premium,MA,5000,0
4501,42,52,327,premium,MA,20000,0
11579,64,235,396,standard,MA,10000,0
1717,57,115,438,standard,MA,10000,0
12569,48,31,773,standard,MA,10000,0
4279,43,107,565,standard,MA,5000,0
13202,71,54,645,standard,MA,20000,0
7359,69,39,499,standard,MA,10000,0
7949,64,124,451,standard,FR,10000,0
10765,73,54,616,premium,MA,5000,0
107,22,64,360,premium,MA,10000,0
14707,38,198,636,premium,MA,5000,1
5882,53,227,399,premium,MA,20000,0
7753,48,20,652,premium,DE,5000,0
1746,66,9,558,standard,ES,5000,0
4189,39,100,781,standard,ES,5000,0
10915,24,234,640,standard,MA,5000,0
13699,30,13,473,pro,DE,20000,1
12768,71,180,736,pro,MA,5000,0
2129,38,65,653,standard,MA,20000,0
7624,57,203,746,standard,MA,20000,0
11157,31,186,446,standard,DE,50000,0
6158,30,61,805,standard,ES,20000,0
6409,29,179,579,premium,MA,5000,0
13336,47,83,700,standard,MA,10000,0
1102,63,79,539,standard,ES,20000,0
14988,72,100,743,pro,FR,5000,0
7411,21,85,680,standard,MA,20000,1
11400,70,101,702,standard,ES,10000,2
439,49,192,698,premium,MA,5000,0
13067,50,59,637,standard,FR,20000,0
11924,22,221,601,premium,MA,10000,0
4257,36,233,509,standard,FR,5000,0
10214,22,27,305,premium,MA,5000,0
5008,22,173,426,standard,MA,10000,0
2849,69,38,374,standard,ES,10000,0
5787,34,85,425,premium,ES,5000,0
13720,26,125,440,standard,GB,5000,1
8680,37,189,831,premium,FR,5000,0
10647,19,42,781,standard,MA,10000,0
6833,22,194,336,standard,FR,5000,0
894,45,8,658,premium,DE,5000,0
14,29,17,606,standard,MA,5000,0
7525,42,189,644,standard,MA,10000,0
11083,20,61,778,pro,MA,10000,1
6132,58,67,659,premium,GB,5000,0
25,51,213,689,premium,MA,5000,0
7075,68,126,552,standard,MA,5000,0
9876,58,233,665,standard,FR,5000,0
8704,41,146,334,pro,MA,10000,1
9642,26,238,715,standard,FR,10000,0
12848,74,161,657,standard,GB,5000,0
12249,18,95,456,standard,MA,5000,0
7919,68,86,777,pro,MA,5000,0
9530,47,125,799,standard,DE,5000,0
7823,65,206,708,pro,MA,5000,0
5716,36,83,711,premium,FR,5000,0
2049,32,78,345,premium,MA,5000,0
6400,20,53,482,standard,MA,10000,1
12570,20,122,561,premium,GB,20000,1
2166,36,35,636,standard,FR,10000,0
5958,29,2,713,premium,ES,5000,1
11363,53,150,593,premium,MA,5000,1
4333,31,180,592,standard,MA,20000,0
12697,39,175,710,pro,MA,10000,0
1134,72,149,451,premium,MA,20000,0
6528,74,172,586,premium,FR,5000,0
4471,60,218,496,standard,MA,10000,0
14537,61,206,584,premium,MA,5000,0
9021,43,223,629,premium,FR,10000,1
12774,28,216,551,standard,MA,5000,0
4019,40,230,772,premium,FR,5000,0
14298,57,163,690,standard,MA,5000,0
12769,61,115,431,premium,DE,5000,0
11549,31,232,308,standard,ES,10000,0
12560,23,109,583,standard,FR,10000,0
12194,46,12,762,premium,MA,5000,0
6924,55,144,394,premium,ES,5000,2
2264,50,125,529,standard,MA,50000,0
11248,19,220,437,premium,ES,10000,0
9077,24,219,848,standard,MA,5000,1
12246,68,28,561,premium,MA,20000,0
10882,63,238,648,pro,MA,10000,1
5893,49,102,372,standard,MA,5000,0
191,45,48,584,pro,FR,10000,0
12514,46,75,313,standard,MA,20000,0
1548,55,125,312,standard,MA,5000,1
9923,56,144,491,standard,MA,5000,0
5819,18,110,484,standard,MA,20000,0
9367,74,69,469,premium,ES,20000,1
7921,33,115,305,premium,FR,5000,0
5055,38,99,728,pro,MA,10000,0
5123,32,27,470,pro,MA,20000,0
1308,41,162,671,standard,MA,20000,0
5039,22,92,815,standard,FR,5000,1
11617,70,179,713,pro,MA,5000,0
1733,33,194,331,standard,DE,20000,0
3311,21,2,677,premium,FR,10000,0
6779,57,39,361,standard,ES,10000,2
7523,39,218,309,pro,MA,5000,0
8015,53,155,662,premium,MA,50000,0
14121,43,117,356,premium,FR,10000,0
2813,20,90,556,standard,MA,5000,0
1959,52,131,438,standard,MA,10000,0
10649,21,168,617,standard,FR,5000,0
137,58,105,583,standard,MA,5000,0
12086,66,98,504,standard,DE,5000,1
8190,59,167,548,standard,MA,10000,0
10950,43,172,634,standard,MA,10000,0
5648,57,66,462,standard,FR,10000,0
12082,19,121,779,pro,MA,10000,0
909,51,176,300,standard,FR,10000,0
14630,64,222,696,premium,MA,10000,0
1024,68,159,814,premium,GB,10000,1
14195,49,37,743,standard,FR,50000,0
10370,54,110,455,standard,ES,5000,0
9383,19,130,720,premium,ES,5000,0
1876,50,158,696,premium,MA,20000,0
2142,23,113,754,standard,MA,10000,0
13326,65,145,557,standard,ES,5000,1
5508,41,217,349,standard,MA,20000,0
1442,28,195,619,pro,MA,5000,0
13242,60,75,529,standard,MA,20000,1
2457,64,190,349,premium,MA,20000,0
11574,49,150,317,standard,MA,10000,0
4972,62,127,650,pro,ES,10000,0
13264,40,106,329,standard,FR,5000,0
13008,73,61,566,standard,FR,10000,1
2398,61,79,618,premium,ES,10000,0
11353,20,86,334,pro,FR,5000,0
7377,48,190,821,standard,MA,5000,0
7745,30,189,504,standard,FR,5000,0
1244,40,92,495,standard,MA,5000,0
13234,67,45,369,standard,MA,10000,0
1312,67,28,349,standard,MA,5000,0
6119,28,203,360,standard,MA,5000,2
12484,65,218,739,standard,MA,5000,0
4729,19,62,544,standard,GB,5000,0
3343,57,25,322,premium,GB,10000,0
13085,67,17,385,standard,MA,50000,0
14795,36,201,760,standard,MA,5000,0
5619,40,216,565,premium,MA,20000,1
3968,35,99,574,standard,GB,10000,0
1628,48,72,788,standard,FR,50000,0
155,40,179,459,premium,MA,10000,1
5796,48,170,678,standard,MA,10000,0
387,54,91,426,standard,MA,5000,0
11395,58,42,628,standard,MA,10000,0
3601,72,172,662,standard,FR,20000,0
2168,49,77,392,standard,FR,20000,0
14996,38,221,769,standard,FR,10000,0
13247,25,32,472,premium,FR,5000,0
14113,68,122,631,standard,MA,10000,0
6635,74,212,541,standard,MA,20000,0
1533,55,72,600,standard,FR,20000,0
7997,21,73,348,standard,DE,10000,0
7729,49,15,682,pro,MA,10000,0
6806,38,52,321,pro,GB,20000,0
13385,57,118,575,standard,MA,10000,0
14576,24,95,746,standard,MA,10000,1
12890,55,140,797,premium,FR,5000,0
4098,31,85,449,premium,ES,20000,0
7136,49,47,622,standard,MA,10000,0
14314,18,33,706,pro,FR,10000,1
867,27,32,763,standard,FR,10000,0
7063,65,24,749,premium,FR,5000,0
2052,57,187,676,pro,FR,5000,1
12361,54,131,471,standard,FR,5000,2
5557,34,181,760,pro,ES,5000,0
1255,24,220,513,standard,MA,10000,2
6916,73,234,371,premium,ES,50000,1
9464,67,63,330,standard,MA,20000,0
3204,43,78,730,standard,FR,10000,0
670,54,111,456,premium,ES,5000,0
9024,43,194,767,premium,MA,10000,1
14650,46,27,624,premium,MA,10000,0
12558,39,196,389,standard,FR,10000,0
2826,38,28,302,standard,MA,50000,0
6815,41,139,570,premium,DE,5000,0
14389,47,217,344,standard,MA,20000,0
3876,65,116,461,standard,MA,5000,1
9389,24,215,559,standard,MA,20000,0
11694,22,39,335,standard,MA,10000,0
12345,55,198,760,pro,FR,10000,1
13891,69,88,446,standard,MA,5000,1
11028,53,130,630,standard,FR,20000,0
11498,61,231,564,standard,MA,5000,0
10824,40,110,512,premium,MA,5000,0
8465,68,43,705,standard,ES,5000,0
13616,26,53,399,standard,MA,5000,1
12533,33,91,314,standard,MA,5000,0
12492,59,150,773,premium,GB,5000,0
6210,60,23,556,premium,ES,50000,1
4122,38,151,460,standard,DE,10000,1
13187,22,121,412,premium,ES,20000,1
2824,38,84,536,standard,MA,5000,1
5588,69,108,779,premium,MA,5000,0
11345,37,112,490,standard,FR,5000,1
14042,45,76,632,standard,DE,10000,0
4832,50,109,484,pro,FR,20000,0
2953,25,235,570,premium,MA,10000,0
7790,31,156,837,standard,MA,5000,1
11176,30,102,423,standard,MA,5000,0
330,59,48,796,standard,FR,20000,0
1492,40,10,582,standard,FR,20000,0
8880,52,119,640,standard,FR,10000,0
12401,47,45,684,standard,MA,5000,0
14291,74,157,308,standard,FR,10000,0
7954,48,98,652,premium,MA,10000,0
9112,56,201,769,premium,ES,10000,0
6384,36,110,825,pro,MA,5000,0
6074,61,80,675,standard,MA,5000,0
11077,34,119,385,standard,GB,10000,0
12048,53,196,344,standard,MA,5000,0
13813,35,174,797,premium,FR,10000,0
2281,53,55,770,standard,MA,50000,1
4527,40,8,627,premium,MA,5000,1
11119,18,113,481,premium,MA,20000,0
2359,40,214,516,premium,MA,10000,1
5474,18,128,647,pro,MA,5000,0
2804,38,214,457,standard,GB,5000,0
13095,22,15,418,premium,MA,10000,0
3007,30,115,396,premium,FR,5000,0
12008,70,119,369,premium,MA,10000,0
3925,37,184,465,standard,MA,20000,1
4544,29,148,344,standard,FR,5000,0
8415,41,203,517,standard,MA,10000,0
2249,30,218,615,pro,MA,10000,0
13305,24,50,402,premium,MA,50000,1
12699,36,223,609,standard,ES,10000,0
10809,26,228,321,pro,ES,10000,0
1402,40,125,309,premium,MA,10000,0
5010,70,208,428,premium,FR,10000,0
3606,21,130,380,standard,ES,5000,0
14197,52,18,415,pro,GB,10000,0
2222,73,203,594,premium,MA,20000,0
10206,53,9,585,standard,ES,20000,1
8469,52,185,478,pro,MA,10000,1
6215,25,214,336,standard,MA,20000,1
11139,62,127,650,standard,MA,20000,0
8094,44,135,494,standard,MA,10000,0
9962,68,204,708,premium,MA,50000,0
2532,22,202,593,standard,FR,5000,1
13310,68,211,499,standard,ES,10000,0
12283,70,197,428,standard,MA,5000,0
14645,22,10,433,standard,ES,10000,0
2529,22,72,607,standard,MA,5000,2
1240,51,162,833,premium,GB,5000,0
4964,22,37,628,standard,MA,10000,1
421,27,125,719,standard,ES,5000,0
7741,60,206,721,standard,MA,5000,0
8988,32,178,685,premium,MA,20000,2
4567,67,120,563,standard,MA,5000,0
1497,18,164,355,standard,FR,5000,0
4506,56,225,563,standard,MA,20000,0
12843,20,109,544,premium,FR,50000,0
7795,19,94,650,pro,ES,10000,0
4595,23,40,824,premium,MA,10000,0
13405,62,198,838,standard,FR,10000,0
8335,56,239,402,standard,DE,5000,1
9125,55,15,303,standard,FR,20000,0
7957,33,90,386,premium,DE,5000,0
7533,33,37,725,premium,ES,5000,1
8197,39,146,396,standard,ES,5000,0
9357,26,143,492,premium,MA,10000,0
9613,49,104,703,standard,MA,20000,0
6700,66,112,325,premium,FR,5000,0
7327,58,131,494,standard,MA,10000,0
2836,21,168,363,premium,FR,20000,0
9137,73,16,319,standard,GB,5000,0
11329,58,97,625,standard,MA,5000,0
13062,69,127,386,premium,MA,10000,2
9302,18,212,434,standard,FR,5000,1
9262,52,192,336,standard,ES,10000,0
8539,33,115,522,standard,FR,5000,1
8975,73,161,784,standard,FR,5000,0
6046,68,150,398,standard,MA,5000,0
2711,68,31,417,pro,FR,5000,2
14465,27,182,459,premium,ES,10000,0
1159,46,179,699,standard,MA,5000,1
11760,43,184,491,pro,ES,50000,0
12160,30,225,794,standard,MA,5000,0
14584,49,2,726,standard,ES,5000,0
13542,47,76,485,standard,GB,50000,0
8461,29,143,373,premium,MA,20000,0
3215,55,65,710,standard,FR,5000,0
3814,18,107,527,standard,ES,10000,0
8598,33,92,415,standard,FR,5000,0
1190,71,104,574,premium,MA,10000,0
12845,72,239,764,premium,ES,20000,1
6596,65,230,352,premium,FR,10000,1
5496,58,136,485,standard,MA,5000,0
14515,24,114,812,standard,FR,10000,1
13262,26,49,376,standard,FR,5000,0
2136,45,94,712,standard,ES,20000,1
1396,39,75,301,premium,MA,10000,0
7027,29,229,513,standard,MA,20000,1
1213,57,116,344,pro,MA,5000,0
11375,55,230,526,standard,FR,50000,1
10847,18,23,376,standard,DE,5000,1
3767,30,139,321,premium,FR,20000,0
4217,51,168,603,standard,MA,10000,0
3426,40,2,487,premium,MA,20000,0
8275,63,50,538,premium,ES,10000,1
1597,22,124,600,standard,MA,5000,0
5694,71,53,792,premium,MA,5000,0
3887,20,32,837,standard,MA,50000,0
66,24,55,779,standard,MA,5000,1
3416,50,82,401,pro,MA,10000,0
13549,67,120,483,standard,FR,10000,0
4220,20,32,435,standard,MA,5000,0
3624,72,220,523,standard,FR,20000,0
1865,67,176,609,standard,MA,10000,0
13775,47,33,661,standard,MA,5000,0
1985,41,168,792,premium,FR,10000,2
1562,73,93,528,standard,FR,5000,0
171,33,166,336,standard,FR,10000,1
12840,58,81,534,standard,MA,10000,0
11874,18,217,694,premium,FR,5000,2
12503,71,214,328,standard,MA,5000,0
2362,71,6,653,standard,ES,20000,0
2474,27,154,553,standard,MA,5000,0
4404,52,73,594,standard,GB,20000,0
7658,49,236,637,premium,FR,5000,1
1115,29,70,365,standard,FR,5000,0
5134,33,157,475,premium,MA,5000,0
2581,71,33,409,premium,FR,10000,1
10653,73,135,774,pro,MA,5000,0
2857,54,172,712,standard,MA,10000,0
14622,56,217,364,premium,MA,20000,0
2728,29,147,591,standard,ES,5000,0
9731,51,170,584,standard,DE,20000,1
2706,21,178,418,pro,MA,5000,0
4856,67,124,454,premium,MA,5000,1
2563,23,209,779,standard,DE,10000,0
3037,36,42,433,standard,FR,10000,0
3982,26,206,566,standard,MA,5000,0
6439,49,79,668,premium,ES,10000,1
6808,34,131,612,standard,MA,20000,0
6429,74,85,597,standard,MA,5000,0
14250,50,154,579,premium,FR,10000,0
10495,45,181,623,premium,ES,5000,0
3891,29,93,787,standard,GB,50000,1
14260,34,150,619,standard,MA,20000,0
11786,33,11,554,premium,DE,5000,1
9596,45,151,400,premium,FR,5000,0
2999,29,224,392,pro,FR,10000,1
574,61,140,455,standard,ES,5000,0
13950,47,27,615,premium,MA,10000,1
8104,69,238,341,standard,MA,20000,1
8011,46,209,591,standard,FR,10000,0
8216,34,188,508,premium,MA,10000,0
5432,18,219,454,standard,MA,5000,1
10577,72,24,364,premium,MA,10000,0
14605,47,35,373,pro,DE,10000,0
823,55,212,375,standard,MA,5000,0
9968,47,199,467,premium,MA,10000,0
11599,42,200,727,standard,MA,10000,0
2345,73,110,567,premium,MA,5000,1
9191,74,218,688,standard,DE,5000,0
2690,30,120,337,standard,MA,5000,0
413,44,37,495,standard,MA,5000,0
6349,40,1,421,premium,FR,20000,0
1700,70,85,671,standard,MA,5000,0
927,61,233,743,premium,ES,10000,0
11723,62,147,848,standard,FR,5000,0
3180,22,16,536,pro,MA,10000,1
11500,48,201,553,standard,FR,5000,1
1401,48,54,450,standard,MA,5000,2
1138,43,130,326,standard,MA,5000,0
9265,38,174,336,premium,FR,20000,1
4765,64,200,430,standard,MA,5000,0
12581,59,54,636,standard,MA,10000,0
12069,45,72,535,premium,FR,20000,0
7444,27,155,463,standard,MA,20000,0
12313,70,22,473,standard,MA,5000,0
6414,64,63,547,standard,DE,10000,1
5018,40,118,781,standard,MA,10000,0
11701,50,139,781,standard,MA,5000,0
7516,26,6,547,premium,DE,10000,0
282,34,55,542,premium,ES,10000,1
10386,44,70,619,pro,FR,20000,0
8459,54,164,828,standard,MA,5000,0
787,51,178,466,standard,GB,20000,0
8515,30,40,610,standard,MA,10000,0
11112,21,65,736,premium,MA,10000,2
12650,54,116,784,standard,FR,10000,0
8092,64,100,652,standard,DE,50000,0
10447,72,199,619,standard,FR,5000,0
279,24,30,701,standard,MA,5000,0
5463,20,113,749,standard,GB,10000,1
13682,25,8,501,standard,ES,5000,0
2257,70,54,696,standard,GB,5000,1
11643,22,1,300,standard,FR,10000,0
1117,59,232,674,standard,MA,5000,0
13473,65,68,483,premium,FR,20000,0
7531,67,109,749,pro,FR,5000,3
12226,43,39,815,premium,MA,10000,1
4151,50,228,353,pro,FR,10000,0
3313,24,108,756,premium,DE,10000,0
4055,23,89,617,standard,FR,20000,0
6943,46,9,744,premium,ES,10000,0
12706,62,24,663,standard,MA,10000,0
1017,20,239,802,standard,ES,10000,0
14900,34,75,661,premium,MA,10000,1
14254,62,103,804,premium,MA,5000,0
7077,31,124,391,premium,FR,5000,0
14038,71,74,571,standard,DE,20000,0
2749,66,195,712,standard,MA,20000,1
5186,62,213,623,premium,MA,10000,0
5324,47,222,847,standard,DE,10000,0
525,66,222,814,premium,MA,50000,0
10834,70,26,554,pro,ES,10000,0
4937,62,82,463,standard,ES,10000,0
11541,19,29,767,premium,FR,20000,0
3156,38,215,734,standard,MA,5000,0
328,63,235,800,standard,MA,5000,0
10655,53,99,302,premium,ES,20000,0
1373,54,117,496,standard,MA,20000,1
1007,40,200,531,standard,MA,20000,0
3135,74,42,412,standard,DE,20000,0
12157,52,19,566,premium,MA,50000,0
1322,58,214,563,standard,MA,5000,0
7292,33,127,764,standard,MA,10000,0
7971,64,189,382,standard,DE,20000,1
11090,52,58,630,pro,MA,20000,0
8062,33,101,341,premium,ES,10000,1
11309,65,7,384,premium,MA,50000,0
13462,59,25,427,premium,ES,5000,0
11754,62,234,656,standard,ES,20000,0
3833,58,27,757,premium,FR,5000,0
7920,46,39,596,pro,MA,5000,0
8958,26,22,782,standard,MA,10000,0
10711,73,124,473,standard,MA,10000,0
10505,39,141,738,premium,MA,20000,1
13492,33,119,355,standard,FR,10000,2
11310,37,157,489,standard,FR,10000,0
9220,74,20,697,standard,DE,10000,1
4777,31,73,720,premium,MA,5000,0
4056,23,210,542,pro,MA,5000,1
5410,71,91,378,standard,MA,5000,1
9199,56,95,705,standard,MA,10000,0
13835,68,164,697,premium,ES,10000,0
12328,59,122,461,premium,FR,50000,0
12688,65,239,367,premium,MA,10000,0
6259,41,14,471,standard,MA,20000,0
11962,22,105,742,premium,MA,10000,1
2887,69,136,573,premium,GB,10000,0
5867,58,146,355,premium,FR,5000,0
9462,37,216,428,standard,MA,5000,0
5349,28,92,714,pro,MA,5000,0
3719,46,137,395,standard,MA,5000,0
12167,35,35,477,standard,MA,5000,0
257,43,31,492,premium,MA,10000,0
11429,60,55,456,standard,DE,20000,0
2916,51,208,485,standard,MA,5000,0
1061,43,94,502,standard,DE,50000,0
13169,61,113,753,standard,ES,20000,0
7310,26,101,807,standard,MA,5000,0
14736,29,229,648,standard,MA,20000,0
3112,25,149,813,premium,GB,10000,0
7678,38,123,319,premium,MA,5000,0
8106,40,169,389,standard,MA,5000,0
4952,20,73,656,standard,MA,5000,0
14269,42,47,838,premium,MA,10000,0
1979,35,94,436,standard,MA,5000,0
1288,64,82,816,standard,MA,10000,0
12084,54,66,412,standard,FR,10000,0
5695,67,184,483,premium,FR,20000,1
589,20,134,528,standard,MA,5000,0
6770,68,238,467,standard,MA,10000,0
9476,33,69,519,premium,FR,10000,0
3762,40,24,429,standard,ES,5000,2
59,35,149,306,standard,FR,10000,1
11414,65,230,300,premium,MA,10000,0
300,18,167,705,standard,MA,10000,0
12304,33,88,559,standard,FR,20000,1
479,74,63,640,standard,MA,5000,0
2450,49,43,595,pro,MA,20000,0
13370,44,213,439,premium,FR,10000,0
2539,57,6,626,premium,DE,10000,0
10766,43,35,736,standard,MA,20000,0
3575,20,99,760,pro,MA,10000,0
2316,56,105,664,premium,ES,10000,1
895,66,2,736,standard,MA,5000,1
3077,57,226,436,standard,MA,5000,0
10477,45,64,517,standard,DE,10000,1
14767,41,102,494,premium,MA,10000,0
4074,27,183,396,standard,MA,5000,0
2468,22,54,511,pro,DE,10000,0
1689,46,58,643,standard,MA,5000,0
14684,65,65,643,standard,MA,5000,1
14263,37,111,370,standard,GB,10000,1
3035,24,46,566,standard,ES,5000,0
703,25,3,818,standard,MA,50000,0
2533,71,182,652,standard,MA,10000,1
5636,18,19,340,premium,ES,5000,0
7703,47,210,734,premium,MA,20000,0
14753,25,29,300,standard,MA,10000,0
14931,57,194,807,premium,MA,20000,0
4662,47,185,527,standard,ES,5000,0
9205,53,18,472,premium,DE,5000,0
7661,73,13,445,standard,MA,10000,0
13637,67,26,402,standard,MA,10000,0
1559,62,44,720,standard,MA,10000,0
2347,69,50,417,standard,ES,20000,0
4909,57,117,467,premium,GB,5000,0
2554,47,143,497,standard,MA,5000,0
7843,54,125,363,standard,DE,5000,0
5853,36,122,513,premium,MA,10000,0
11043,61,117,702,premium,MA,20000,0
12270,39,195,306,pro,MA,10000,0
4656,29,24,624,standard,MA,10000,0
274,57,204,489,standard,MA,10000,0
13364,29,167,485,premium,MA,10000,0
7734,40,197,772,premium,MA,5000,0
12710,31,86,568,premium,MA,5000,0
5448,44,186,818,premium,DE,10000,0
3958,44,38,681,standard,MA,5000,0
8394,22,86,536,premium,MA,5000,1
1693,39,221,312,standard,FR,10000,0
1113,66,15,663,standard,MA,5000,0
14934,50,59,816,standard,ES,10000,0
694,38,98,824,premium,MA,20000,0
8840,24,178,355,standard,MA,5000,0
7674,36,43,380,standard,DE,10000,0
5335,50,235,462,standard,DE,10000,0
10260,24,12,480,standard,ES,50000,1
13553,40,38,770,standard,ES,5000,0
6218,57,35,722,standard,MA,5000,1
6824,58,210,817,premium,MA,10000,0
3295,66,173,754,premium,GB,50000,0
1666,24,97,545,standard,MA,5000,0
12073,48,194,738,premium,FR,10000,0
1158,25,157,436,standard,MA,5000,1
11407,74,197,374,premium,MA,10000,0
8966,46,212,745,standard,MA,20000,0
9931,74,237,678,standard,MA,10000,0
5626,34,223,722,standard,DE,20000,0
10508,48,101,434,premium,FR,20000,1
5621,25,64,311,standard,MA,20000,0
10573,74,144,719,standard,ES,5000,2
8765,45,143,793,standard,DE,10000,0
6145,47,211,503,standard,FR,10000,0
9988,47,193,558,standard,FR,5000,0
4387,68,83,843,premium,GB,5000,0
13750,27,3,499,standard,ES,10000,0
12312,34,154,674,standard,MA,5000,0
8703,56,127,799,standard,MA,5000,1
8548,74,212,361,standard,FR,20000,0
4870,68,237,822,standard,MA,50000,0
7959,35,1,543,standard,MA,10000,0
11969,56,12,606,standard,MA,5000,1
797,47,158,595,standard,ES,5000,0
12905,51,23,461,premium,MA,10000,0
14895,51,24,435,standard,MA,10000,0
3908,57,88,337,standard,FR,10000,0
12781,36,187,549,premium,FR,50000,0
3659,57,88,573,standard,DE,10000,0
11459,55,86,375,standard,FR,20000,0
11742,36,140,834,standard,MA,10000,0
28,67,170,644,standard,MA,5000,0
8263,21,4,395,standard,GB,20000,0
9317,72,114,479,premium,FR,5000,0
14295,68,13,497,premium,MA,5000,0
3097,73,227,811,standard,DE,5000,0
8057,69,34,730,standard,FR,10000,0
7634,20,215,792,premium,FR,5000,1
10042,22,219,360,premium,MA,5000,0
2878,55,63,712,standard,MA,10000,0
8650,42,128,702,standard,MA,5000,0
10062,22,158,792,standard,MA,10000,1
5304,72,230,804,premium,MA,10000,1
13586,29,108,310,premium,MA,20000,0
13252,19,157,415,standard,DE,5000,1
1747,39,38,558,standard,MA,10000,1
5193,36,225,728,premium,MA,5000,0
6094,34,9,474,standard,MA,20000,0
5159,33,65,699,standard,MA,5000,0
42,29,31,736,standard,MA,10000,0
3245,45,117,673,standard,ES,10000,0
6416,67,119,416,premium,MA,10000,0
8574,63,196,385,standard,FR,20000,1
7456,55,164,830,standard,MA,10000,0
11212,35,10,344,standard,GB,20000,0
14212,26,4,440,pro,DE,5000,0
10808,25,87,458,pro,MA,5000,0
7290,22,24,639,premium,MA,10000,1
2994,72,18,615,standard,MA,20000,0
7462,26,198,491,standard,DE,5000,0
2112,39,185,744,standard,FR,10000,0
11444,39,117,627,standard,FR,10000,0
3175,18,28,738,standard,MA,5000,0
4854,23,167,425,pro,MA,50000,0
10919,18,163,479,pro,FR,5000,1
11671,48,231,588,standard,FR,10000,0
7400,67,175,752,premium,MA,5000,0
9088,46,225,741,standard,MA,20000,0
14572,64,123,407,premium,MA,5000,0
14899,23,237,431,standard,GB,10000,1
210,53,20,698,standard,FR,10000,1
1602,62,46,824,standard,MA,10000,0
5326,37,72,432,standard,FR,5000,0
2135,40,43,685,pro,FR,10000,0
11117,27,43,535,premium,FR,5000,0
11586,25,4,312,premium,FR,50000,0
8240,64,52,840,standard,ES,5000,0
9343,24,110,579,premium,MA,5000,0
14463,50,61,421,premium,MA,20000,0
8184,49,95,457,standard,MA,20000,1
3889,57,103,397,standard,FR,5000,0
10760,35,121,795,standard,MA,20000,0
6999,44,119,717,standard,MA,20000,0
3466,29,206,331,standard,MA,10000,0
10193,23,91,366,standard,FR,10000,0
7184,55,170,534,premium,FR,20000,1
10924,46,187,440,standard,MA,10000,1
7724,50,132,408,standard,FR,5000,0
41,74,223,790,standard,MA,5000,0
2060,20,215,649,standard,MA,10000,0
5873,20,151,725,standard,MA,50000,0
418,34,82,491,standard,ES,5000,0
5168,30,86,562,standard,MA,20000,1
9177,28,170,722,premium,MA,20000,0
3878,26,17,815,standard,FR,5000,0
12565,52,161,674,standard,FR,5000,0
5582,58,209,585,standard,MA,10000,0
10168,46,222,691,pro,MA,20000,1
10773,37,67,543,standard,MA,5000,0
13798,51,232,698,standard,MA,5000,0
11079,35,74,451,standard,MA,20000,0
4762,45,18,584,premium,FR,5000,3
3128,47,152,782,standard,MA,5000,2
7630,26,160,616,standard,MA,10000,0
3559,60,75,383,pro,MA,5000,0
7553,24,199,731,premium,MA,10000,0
11557,47,177,698,standard,DE,10000,0
13915,69,181,711,premium,MA,10000,0
2936,42,175,721,standard,FR,10000,0
1650,53,1,536,standard,ES,20000,0
7325,25,195,814,standard,MA,5000,0
13749,21,137,673,standard,MA,5000,0
13236,62,193,796,premium,ES,5000,0
10261,55,237,714,standard,MA,10000,1
4965,39,60,454,premium,MA,20000,0
14183,72,141,816,standard,DE,20000,0
4360,52,102,656,standard,MA,20000,0
1232,54,156,490,premium,MA,5000,0
10904,69,224,790,standard,ES,10000,1
9242,41,190,600,standard,DE,5000,0
3981,38,33,821,standard,FR,20000,0
7639,33,4,620,standard,MA,10000,0
6553,43,69,764,premium,MA,10000,0
2367,58,6,447,standard,MA,5000,0
9026,45,168,739,standard,DE,10000,1
8161,25,10,806,premium,DE,10000,0
14905,51,196,445,standard,MA,5000,1
13381,34,26,301,pro,MA,5000,2
4912,74,92,671,standard,MA,5000,0
9600,54,10,698,premium,MA,5000,0
5173,48,131,591,standard,FR,5000,0
6699,25,163,805,standard,MA,20000,0
7055,67,185,419,standard,GB,5000,0
7239,30,194,531,standard,FR,10000,0
12123,30,197,711,standard,MA,5000,0
8852,71,231,814,standard,MA,20000,0
8160,45,38,486,standard,ES,5000,0
7964,49,48,686,standard,FR,10000,0
14020,67,193,458,premium,MA,10000,1
8950,44,229,523,standard,MA,10000,1
9299,52,68,306,premium,MA,20000,0
94,37,217,387,pro,MA,10000,2
8000,24,39,822,pro,MA,5000,0
3567,20,163,330,pro,DE,20000,0
13147,64,171,478,standard,ES,20000,1
13502,43,3,662,standard,ES,10000,0
8724,21,49,565,standard,ES,10000,0
9004,74,184,778,standard,MA,10000,0
14732,66,90,462,premium,MA,10000,0
3072,54,108,311,standard,MA,10000,0
2047,73,205,364,premium,MA,5000,0
13930,68,226,690,standard,MA,10000,0
4405,21,227,679,standard,MA,5000,0
11791,22,17,724,premium,FR,5000,0
12978,46,193,623,standard,FR,10000,0
9243,42,98,783,standard,MA,10000,0
6490,25,6,432,standard,FR,10000,0
7792,50,225,745,standard,DE,5000,2
12521,29,22,441,standard,MA,5000,0
1165,51,61,518,premium,FR,10000,0
6180,30,128,563,standard,MA,10000,1
7436,48,52,332,standard,FR,5000,0
10079,55,97,565,standard,MA,5000,0
11793,42,52,619,premium,FR,5000,0
7447,64,228,544,standard,FR,20000,1
9617,21,29,568,standard,MA,5000,1
4053,53,33,837,standard,MA,5000,0
1780,46,196,354,premium,MA,5000,1
6906,22,219,576,standard,MA,20000,1
2858,56,209,313,standard,FR,10000,0
3722,26,214,389,standard,MA,10000,1
4304,73,115,846,premium,FR,10000,0
13822,49,216,670,standard,MA,5000,0
12815,68,108,835,premium,FR,20000,0
14382,47,136,616,standard,GB,10000,1
7032,35,91,637,premium,FR,5000,0
3505,48,203,397,standard,DE,5000,0
12659,60,232,757,premium,FR,10000,0
6161,60,8,732,standard,FR,5000,0
259,44,238,508,standard,MA,5000,2
14407,68,179,515,standard,FR,5000,0
10185,44,196,818,standard,FR,5000,0
12485,67,81,388,standard,MA,10000,0
3025,29,68,426,standard,MA,5000,0
3884,49,139,360,standard,MA,5000,1
9644,69,160,724,standard,ES,5000,0
7247,63,173,832,standard,FR,20000,1
12717,42,117,484,standard,MA,5000,0
1919,39,112,437,standard,FR,10000,0
1407,62,58,754,standard,MA,5000,0
2201,36,182,832,premium,MA,20000,0
3971,32,195,764,standard,MA,5000,0
11912,62,91,494,standard,MA,5000,0
12021,70,198,485,premium,GB,5000,0
11495,60,5,324,premium,ES,20000,1
9625,56,128,824,standard,FR,10000,0
4095,50,148,781,standard,MA,10000,3
8135,30,80,523,premium,ES,5000,0
5293,65,194,831,standard,FR,10000,0
14374,30,79,552,premium,FR,10000,0
1741,30,141,740,standard,MA,10000,3
10308,65,62,748,pro,FR,20000,0
3014,57,36,653,standard,DE,10000,1
6479,54,63,493,premium,FR,50000,0
6952,23,199,625,premium,FR,5000,0
12767,63,178,339,standard,FR,50000,1
13790,71,157,457,standard,MA,10000,0
8546,24,93,350,premium,MA,5000,2
11165,56,109,326,premium,DE,20000,0
2702,43,69,337,standard,FR,10000,0
7979,67,69,721,standard,MA,5000,0
3817,30,59,722,premium,GB,5000,1
13407,50,238,719,standard,FR,10000,0
3470,69,165,393,standard,MA,20000,0
7086,39,212,392,pro,FR,10000,1
2325,69,18,649,pro,FR,10000,0
11840,39,198,372,standard,MA,10000,0
13958,43,17,652,standard,MA,10000,0
10499,29,214,535,premium,MA,5000,0
14149,45,47,814,standard,FR,10000,0
4248,67,60,649,standard,FR,5000,0
4159,67,43,596,premium,FR,50000,0
11167,68,31,411,pro,MA,10000,0
9604,21,171,824,standard,MA,5000,0
9164,50,176,431,standard,FR,5000,1
6011,50,214,407,premium,MA,5000,0
9860,74,137,444,pro,MA,5000,0
7540,47,56,577,premium,FR,10000,0
2976,71,67,390,pro,MA,10000,0
123,66,129,551,standard,ES,5000,0
14769,69,23,410,premium,FR,10000,1
6526,66,59,362,standard,MA,5000,0
3059,40,5,603,premium,MA,20000,1
7038,67,90,804,standard,MA,10000,1
10419,30,172,638,standard,MA,10000,0
7449,57,80,351,standard,FR,5000,1
13371,37,91,687,standard,GB,5000,1
9676,69,76,625,premium,MA,50000,0
1301,71,119,562,pro,ES,5000,0
13916,43,157,584,premium,MA,10000,0
13029,72,86,553,standard,FR,10000,1
6610,72,56,598,premium,ES,5000,0
522,28,144,444,standard,ES,5000,0
6810,51,150,406,standard,MA,10000,0
3931,33,209,465,standard,FR,20000,0
5790,27,236,680,standard,DE,10000,0
9373,19,7,775,standard,MA,10000,0
8633,41,24,790,standard,DE,10000,0
8678,54,105,500,premium,FR,10000,0
8956,62,79,351,premium,FR,5000,0
170,49,128,731,standard,DE,10000,0
6279,68,91,784,premium,MA,5000,1
4977,68,64,455,premium,MA,5000,0
1081,48,110,574,standard,FR,50000,1
3732,55,46,363,standard,FR,5000,0
8689,72,171,645,premium,MA,5000,0
10558,56,228,635,premium,MA,20000,0
14643,20,40,551,standard,MA,50000,2
3259,59,168,616,premium,DE,50000,0
6941,24,142,790,pro,DE,5000,0
7068,60,135,401,standard,MA,10000,1
9956,65,31,594,standard,FR,20000,0
582,51,58,408,pro,DE,10000,0
7014,57,123,590,standard,MA,10000,0
1072,64,16,635,standard,FR,20000,1
1333,52,207,375,pro,MA,10000,1
9652,62,57,578,standard,FR,5000,0
3134,68,159,449,premium,DE,5000,1
5300,47,211,410,standard,MA,10000,0
14562,31,110,684,premium,MA,20000,0
939,56,184,399,premium,MA,5000,0
5305,48,213,489,pro,MA,10000,0
9661,22,147,465,standard,FR,10000,0
11326,26,147,578,premium,MA,20000,0
10797,28,7,832,pro,MA,50000,1
9774,19,174,321,premium,ES,5000,0
204,20,120,525,premium,MA,5000,1
7799,45,157,347,premium,DE,20000,0
7259,61,46,824,standard,MA,20000,1
3307,58,96,671,pro,FR,5000,0
12071,20,88,655,pro,FR,20000,0
3372,69,233,443,standard,FR,10000,0
1869,52,158,542,standard,MA,5000,0
6633,67,2,694,premium,MA,20000,0
13932,27,194,772,standard,MA,5000,0
11534,20,34,495,standard,MA,5000,2
9589,27,68,670,standard,ES,5000,0
1046,40,82,500,pro,MA,5000,1
10526,21,120,766,standard,MA,10000,0
7558,42,40,550,pro,MA,5000,0
8901,63,187,335,premium,MA,10000,0
842,19,204,408,standard,FR,5000,0
5308,44,178,789,pro,MA,5000,0
1929,43,174,693,standard,FR,5000,1
7333,26,205,812,standard,MA,5000,0
14384,27,216,821,premium,MA,5000,0
425,21,196,507,standard,MA,10000,0
1187,59,176,513,premium,ES,10000,1
13484,28,202,724,standard,MA,5000,0
5757,36,84,580,standard,MA,20000,0
5875,38,11,478,standard,ES,10000,0
12327,53,80,626,premium,GB,5000,0
5090,18,15,446,premium,GB,5000,1
2641,22,75,633,premium,ES,10000,0
13989,36,17,609,standard,MA,5000,1
10343,48,15,305,premium,ES,20000,0
8788,25,173,632,standard,MA,50000,0
10114,22,54,754,standard,MA,10000,0
1360,46,52,607,standard,MA,5000,0
4341,41,79,662,standard,MA,50000,0
524,61,142,569,standard,MA,5000,0
3506,60,24,672,standard,FR,5000,1
13906,27,181,841,premium,MA,10000,0
5072,66,34,409,pro,MA,20000,0
5292,30,153,795,standard,MA,10000,0
620,28,67,487,premium,DE,10000,1
4154,44,235,669,premium,DE,10000,0
13129,72,133,585,premium,ES,5000,0
8720,61,100,562,premium,MA,10000,0
12277,64,80,376,standard,MA,20000,1
6078,19,138,596,pro,MA,10000,0
2364,30,220,498,premium,FR,10000,1
1058,67,121,708,premium,FR,5000,0
13345,44,61,576,premium,FR,10000,1
7995,58,44,530,pro,MA,5000,0
10520,41,164,368,premium,MA,20000,0
6788,61,48,446,standard,MA,5000,0
6066,71,200,743,standard,FR,20000,0
4531,30,220,400,standard,FR,5000,0
12902,53,70,771,premium,ES,10000,0
3690,67,218,841,standard,MA,50000,0
5121,46,205,583,standard,MA,10000,0
7028,68,96,569,standard,MA,10000,1
1208,72,20,371,pro,MA,20000,0
9328,67,81,666,standard,MA,10000,0
1953,37,122,331,standard,ES,10000,0
8736,47,108,461,standard,MA,10000,0
9152,40,177,619,standard,MA,10000,0
1546,58,223,621,pro,MA,5000,0
5245,23,100,350,standard,ES,20000,0
1152,26,162,741,premium,FR,10000,1
7351,51,155,796,standard,MA,10000,0
12262,20,56,804,standard,MA,10000,0
7005,59,201,655,pro,FR,10000,0
7429,33,67,360,premium,MA,20000,0
7513,35,22,318,standard,MA,5000,1
9354,74,51,542,standard,MA,5000,0
13383,57,80,722,standard,ES,5000,1
12436,56,138,707,standard,ES,20000,1
9107,33,211,836,pro,FR,50000,0
14029,69,33,451,premium,DE,10000,0
8353,19,201,679,standard,DE,10000,0
9128,20,180,445,standard,FR,5000,1
8272,56,94,309,standard,FR,10000,0
7058,63,76,612,standard,MA,10000,0
1419,62,116,752,pro,ES,20000,1
697,60,238,556,pro,MA,5000,1
8770,39,230,612,pro,FR,10000,0
10025,32,64,417,premium,ES,5000,0
4030,59,153,516,premium,FR,10000,0
5191,61,152,481,pro,FR,20000,1
8776,23,9,409,pro,FR,5000,0
419,35,111,683,standard,MA,20000,0
7757,28,193,783,standard,MA,5000,0
12486,70,90,559,standard,MA,5000,0
12576,18,231,813,standard,DE,5000,0
13380,47,201,466,premium,FR,5000,0
1016,41,207,703,standard,MA,10000,0
6268,19,95,830,standard,FR,20000,0
10631,25,138,630,premium,GB,20000,0
9935,52,3,471,standard,MA,5000,0
4841,42,91,327,pro,FR,50000,0
14786,40,76,718,standard,MA,5000,0
81,42,7,334,premium,FR,10000,1
12135,49,76,734,premium,DE,10000,1
1400,37,127,621,premium,MA,10000,0
5418,49,27,423,standard,ES,5000,0
2486,34,116,331,pro,FR,10000,1
738,40,117,598,premium,MA,10000,1
5319,51,44,361,premium,MA,5000,0
8475,62,198,730,premium,MA,20000,0
14582,32,129,306,standard,MA,20000,0
873,74,91,658,premium,MA,10000,0
7312,27,190,664,standard,FR,5000,4
11609,18,67,662,standard,ES,10000,1
4655,55,198,376,standard,FR,10000,0
10509,74,102,346,pro,GB,5000,0
4071,29,154,313,standard,MA,5000,1
12010,57,161,799,standard,MA,10000,0
6653,21,82,560,premium,MA,10000,0
8287,46,60,611,premium,MA,20000,1
11317,52,186,563,premium,MA,5000,1
14531,51,146,469,standard,FR,20000,0
8753,29,152,734,standard,MA,20000,1
13154,38,108,558,premium,DE,10000,0
4782,25,223,467,standard,MA,10000,0
13119,46,238,558,standard,FR,10000,1
8673,32,226,520,premium,MA,20000,0
13754,60,63,389,standard,MA,10000,0
10405,39,231,517,premium,MA,10000,2
1943,28,73,737,standard,GB,10000,1
7672,70,32,538,premium,MA,10000,0
9952,38,137,455,standard,GB,10000,0
6313,48,107,727,premium,ES,10000,0
3255,50,216,652,standard,DE,5000,0
452,48,103,598,premium,MA,10000,0
12517,20,221,546,pro,FR,20000,0
13481,52,100,547,standard,MA,10000,0
9721,41,29,668,standard,MA,20000,1
9733,26,106,553,premium,FR,10000,0
5910,34,127,399,standard,MA,5000,0
3692,64,25,620,standard,MA,50000,2
14528,74,186,447,standard,MA,20000,0
11813,69,219,631,premium,DE,10000,0
6328,73,75,512,standard,MA,10000,0
1096,29,79,542,premium,MA,5000,0
12006,37,164,745,standard,MA,5000,1
148,56,217,693,standard,ES,5000,0
14926,60,46,649,standard,MA,10000,0
2108,22,39,339,premium,FR,5000,0
4325,37,85,552,pro,DE,10000,1
6364,59,147,794,premium,MA,5000,0
12739,68,169,471,standard,MA,5000,0
10318,22,217,642,pro,DE,10000,1
2759,60,43,432,premium,MA,10000,1
4631,66,223,456,standard,ES,5000,2
723,63,129,392,standard,MA,10000,0
8211,34,88,687,premium,FR,10000,0
3101,59,116,578,standard,MA,10000,0
8306,47,61,652,standard,FR,50000,1
3680,35,222,799,standard,MA,10000,0
9283,63,4,720,pro,FR,20000,0
10195,69,125,799,premium,FR,5000,0
5711,48,160,317,standard,MA,20000,0
5868,51,188,706,standard,GB,10000,0
14306,63,168,608,standard,FR,20000,2
266,43,71,449,standard,FR,10000,1
6688,65,188,565,standard,FR,10000,1
1981,23,189,529,pro,MA,10000,0
5615,52,133,372,standard,FR,20000,0
9111,49,178,595,standard,MA,5000,0
793,31,178,451,standard,MA,5000,0
12778,33,80,435,pro,FR,5000,0
11032,43,78,462,standard,MA,10000,1
346,51,10,611,standard,MA,50000,0
10679,22,178,679,standard,DE,5000,0
7519,69,90,513,pro,MA,10000,1
13629,31,156,691,standard,FR,5000,1
2946,23,43,398,pro,GB,5000,0
4338,21,202,412,pro,FR,20000,0
8491,41,158,643,standard,MA,5000,0
4807,61,228,707,premium,ES,5000,0
8559,26,214,425,premium,GB,10000,1
7816,57,130,747,premium,MA,5000,1
13728,53,220,691,standard,MA,20000,0
6301,72,16,622,premium,MA,10000,1
4136,31,225,419,standard,DE,5000,1
7427,68,152,375,premium,GB,10000,0
4951,26,90,309,premium,MA,20000,0
1945,60,19,314,standard,MA,10000,0
4684,50,27,523,standard,MA,5000,0
7820,66,1,779,standard,MA,10000,0
14056,61,236,765,premium,DE,10000,0
10670,24,198,830,premium,MA,5000,1
1648,60,188,821,premium,MA,5000,1
9105,25,222,832,standard,FR,5000,0
8497,18,128,703,standard,FR,10000,0
14884,47,210,691,standard,DE,50000,0
9392,51,120,413,premium,MA,10000,0
5424,71,10,656,pro,ES,5000,0
13534,18,95,777,standard,MA,20000,0
1226,43,69,594,standard,MA,50000,0
10777,68,48,432,standard,MA,5000,0
3664,33,195,545,premium,MA,20000,0
146,32,82,387,standard,MA,10000,1
5920,50,219,598,standard,ES,5000,0
5107,60,95,744,standard,MA,5000,0
3473,62,117,701,standard,MA,5000,0
6220,51,71,559,standard,MA,5000,0
3685,26,207,487,standard,GB,10000,1
6345,37,171,726,premium,MA,10000,0
7570,48,139,843,standard,FR,20000,0
6022,72,35,849,standard,MA,10000,0
10346,43,125,604,standard,DE,10000,2
1239,58,11,694,standard,ES,20000,0
572,46,207,755,standard,MA,5000,0
11943,67,89,591,standard,MA,20000,1
4009,57,29,549,premium,MA,20000,2
4524,72,167,563,premium,MA,20000,0
3350,19,28,469,standard,MA,5000,0
444,55,179,464,pro,FR,10000,0
4028,74,103,554,standard,DE,5000,0
758,73,99,617,standard,MA,5000,0
13921,70,10,507,premium,MA,20000,0
3545,45,109,354,premium,MA,20000,0
11920,38,27,838,standard,MA,10000,0
9209,66,48,444,standard,DE,10000,1
12215,69,69,730,standard,MA,10000,0
5640,46,170,482,pro,FR,5000,0
8073,74,140,344,standard,MA,5000,0
14018,26,37,347,premium,DE,5000,2
8510,70,83,459,standard,FR,5000,0
6919,19,165,446,premium,MA,10000,1
865,53,5,499,standard,MA,50000,0
1189,21,220,692,standard,MA,10000,0
568,47,91,819,standard,DE,5000,1
14879,51,144,678,standard,MA,5000,0
10047,33,73,690,standard,ES,5000,0
12196,39,216,359,standard,MA,10000,0
14686,42,110,567,standard,MA,5000,1
14946,51,138,521,standard,MA,5000,0
6477,61,75,501,standard,MA,5000,0
8691,65,191,521,standard,ES,20000,0
7934,62,82,476,standard,MA,20000,0
3328,39,232,706,premium,ES,20000,0
1774,65,180,572,standard,MA,5000,0
7642,64,236,840,standard,MA,20000,0
5666,72,217,757,premium,MA,5000,0
12928,58,198,653,standard,MA,10000,1
10102,40,123,492,premium,MA,10000,0
6256,58,142,451,standard,MA,5000,0
14047,70,130,486,premium,MA,5000,0
13698,39,86,419,premium,MA,20000,0
13946,47,72,824,standard,FR,20000,0
8567,19,150,586,standard,FR,5000,0
7890,43,206,381,pro,MA,5000,0
2346,28,176,482,standard,MA,20000,1
9497,35,27,300,premium,MA,10000,1
12992,40,48,611,standard,FR,10000,1
2697,33,100,822,premium,DE,5000,0
3082,33,192,304,standard,MA,10000,0
1020,21,98,700,standard,ES,5000,0
4839,25,143,770,standard,MA,10000,0
14452,47,67,710,standard,ES,5000,0
6846,19,87,397,standard,ES,10000,0
12844,62,111,602,standard,FR,20000,0
7321,60,12,743,standard,ES,20000,0
12585,66,33,510,premium,MA,5000,0
3297,28,171,439,premium,MA,5000,0
6564,69,43,575,standard,MA,10000,0
8737,42,21,511,pro,MA,5000,0
10952,40,32,679,standard,MA,10000,3
2573,31,58,589,premium,GB,10000,0
11736,23,45,791,standard,ES,10000,0
342,44,149,594,pro,MA,10000,0
14436,30,92,804,standard,MA,5000,0
1364,43,200,357,premium,MA,5000,0
5750,66,104,370,standard,MA,5000,0
14838,64,188,373,standard,FR,10000,1
1019,69,237,641,standard,FR,50000,0
4427,36,193,615,standard,ES,5000,1
3552,21,38,691,premium,MA,10000,0
6540,50,86,775,premium,DE,5000,1
6860,56,179,371,pro,FR,20000,0
5888,50,78,339,standard,MA,5000,0
11936,50,164,402,premium,FR,50000,0
10751,46,37,558,standard,DE,10000,0
9217,21,30,523,standard,FR,10000,0
12575,67,146,549,pro,MA,10000,0
5030,51,164,497,standard,ES,10000,0
5361,24,168,464,standard,MA,5000,0
13526,45,76,743,premium,FR,10000,0
10721,60,89,779,standard,FR,5000,1
9872,35,66,761,standard,MA,5000,0
6841,22,17,798,premium,ES,5000,0
11665,41,112,827,premium,MA,20000,0
13019,33,225,660,pro,GB,5000,0
10436,58,101,824,standard,MA,10000,2
5423,67,211,731,pro,MA,10000,1
12219,44,96,417,standard,FR,5000,0
929,38,203,758,premium,MA,10000,1
6736,72,173,513,standard,MA,5000,0
14764,56,132,329,standard,MA,5000,1
4885,21,115,407,standard,FR,5000,0
4478,19,89,558,standard,MA,5000,0
5353,42,132,794,standard,MA,20000,0
5221,54,94,603,pro,MA,5000,0
222,44,129,772,premium,FR,10000,0
14853,57,48,461,standard,GB,5000,0
11457,36,65,324,standard,FR,50000,1
5376,68,55,387,standard,MA,5000,2
13396,32,131,592,standard,DE,5000,0
11595,42,13,655,standard,FR,20000,0
12595,44,207,335,premium,FR,20000,1
14128,68,57,720,standard,MA,20000,0
1262,66,141,478,premium,MA,50000,1
18,52,192,671,pro,FR,10000,0
9749,42,236,368,standard,FR,5000,0
11089,58,134,633,pro,MA,10000,0
2815,63,20,354,standard,MA,5000,1
11240,58,125,652,standard,MA,20000,0
2053,57,222,645,standard,MA,5000,0
3777,22,174,323,standard,FR,10000,1
12447,45,222,434,pro,GB,5000,0
4041,19,116,317,premium,MA,50000,0
13721,40,228,716,premium,MA,10000,0
7501,29,171,553,standard,ES,10000,0
12299,35,114,438,premium,ES,10000,0
5208,30,196,695,standard,MA,10000,0
6228,71,210,418,premium,MA,5000,1
6096,20,118,609,standard,DE,10000,1
13322,30,197,634,standard,DE,10000,0
7494,56,41,751,standard,MA,5000,1
7760,19,163,377,premium,MA,10000,1
3761,69,44,458,pro,ES,5000,0
7487,52,119,516,standard,FR,5000,1
10087,27,144,559,premium,MA,10000,1
10000,61,170,380,standard,MA,10000,0
3700,45,184,369,premium,MA,5000,0
825,42,222,401,premium,ES,20000,0
893,70,72,593,premium,MA,5000,1
14740,23,183,423,standard,ES,20000,0
8031,65,216,790,standard,MA,10000,0
605,65,30,541,standard,MA,5000,0
6135,18,180,372,standard,ES,10000,0
2487,49,145,364,standard,MA,5000,0
11836,28,220,721,standard,MA,5000,1
1681,22,117,842,standard,FR,5000,0
6801,51,107,579,standard,MA,5000,1
8084,42,95,475,pro,FR,10000,0
12722,67,43,406,premium,GB,5000,1
8285,59,110,779,standard,FR,5000,0
5887,25,87,373,standard,MA,5000,0
2828,20,203,719,standard,MA,10000,0
12151,58,101,653,premium,GB,50000,0
1490,41,61,434,standard,MA,5000,0
8643,48,132,426,standard,MA,10000,0
5941,22,32,779,standard,FR,50000,1
13426,57,83,707,premium,MA,5000,0
13767,25,135,506,standard,FR,5000,0
983,28,128,429,standard,MA,5000,0
14023,31,145,437,standard,ES,5000,2
12986,40,206,612,pro,ES,5000,0
12566,40,117,620,standard,ES,5000,0
12612,31,172,468,premium,DE,20000,0
7019,61,86,724,standard,ES,20000,0
14944,41,167,381,standard,MA,5000,1
4334,54,113,346,standard,MA,20000,1
9871,73,26,707,standard,MA,5000,0
764,51,215,758,pro,MA,10000,1
14556,62,85,704,standard,ES,10000,0
1038,28,33,324,standard,FR,5000,0
8210,23,10,656,premium,FR,10000,1
13142,74,93,341,premium,MA,20000,1
13577,58,64,812,premium,MA,5000,0
10435,68,46,516,standard,FR,5000,1
11056,33,237,500,standard,GB,5000,0
13702,48,24,549,standard,MA,20000,0
11787,64,44,418,premium,MA,20000,0
1335,23,196,405,standard,MA,5000,1
2632,35,214,740,premium,ES,5000,0
14499,35,185,316,standard,MA,10000,0
1493,69,220,578,premium,MA,5000,0
8758,44,163,344,pro,MA,10000,0
175,45,7,799,premium,MA,10000,0
1290,37,222,364,standard,FR,5000,0
8379,38,108,307,premium,GB,5000,0
2270,28,199,341,standard,MA,20000,0
1336,66,175,638,standard,GB,50000,1
8033,64,6,776,premium,MA,10000,0
12153,62,25,323,premium,MA,20000,1
2216,47,71,380,standard,MA,5000,0
10644,69,179,380,premium,FR,10000,0
14826,53,63,799,standard,DE,5000,0
996,43,159,648,pro,MA,5000,0
5272,38,156,598,pro,FR,5000,0
7718,69,29,816,premium,MA,5000,0
5162,65,28,368,premium,FR,10000,0
8172,18,170,465,standard,MA,20000,0
3437,50,60,326,standard,GB,10000,0
8979,44,212,336,standard,MA,10000,0
3898,39,30,847,pro,MA,5000,0
1049,23,233,452,standard,ES,5000,0
394,37,175,532,standard,GB,5000,0
10452,36,4,354,standard,MA,5000,0
1416,40,64,608,standard,MA,10000,0
2592,54,105,651,premium,ES,5000,0
1970,44,126,451,premium,MA,5000,1
2556,37,55,310,premium,FR,10000,0
1287,71,13,824,premium,MA,5000,0
9869,54,79,779,premium,MA,5000,0
34,21,195,665,premium,FR,5000,0
1166,35,59,626,standard,FR,10000,0
7883,34,170,473,standard,MA,10000,0
1367,66,151,647,premium,FR,5000,0
5973,49,4,387,premium,MA,5000,0
13723,21,155,447,standard,DE,5000,0
9198,24,236,639,standard,MA,20000,0
577,62,117,810,pro,MA,5000,1
10034,50,239,700,standard,DE,5000,0
3554,43,95,493,standard,MA,10000,0
3341,48,219,507,premium,DE,5000,0
6749,71,208,546,standard,FR,20000,0
7761,51,32,582,standard,GB,5000,1
7727,21,3,716,premium,DE,20000,1
12903,44,114,524,standard,MA,10000,0
10810,33,212,629,standard,MA,10000,0
9664,50,236,435,standard,FR,5000,3
8098,48,108,622,premium,ES,5000,0
10498,52,5,316,premium,MA,10000,0
10556,71,123,833,standard,MA,10000,0
13287,50,26,806,pro,MA,5000,1
10184,49,36,404,standard,MA,20000,0
891,63,168,490,pro,DE,10000,0
11241,72,49,305,standard,MA,5000,0
10598,57,199,359,pro,MA,20000,1
11034,45,93,378,premium,MA,20000,1
12372,47,26,736,premium,DE,5000,1
8507,59,168,680,pro,ES,5000,1
3674,31,38,316,standard,DE,10000,3
9474,72,118,788,standard,MA,50000,1
6262,25,100,477,premium,MA,5000,0
11952,64,31,634,standard,MA,20000,0
3336,62,170,459,standard,MA,10000,1
612,21,149,417,standard,MA,5000,0
5869,64,221,648,premium,FR,5000,0
3454,51,213,792,standard,FR,10000,0
1779,62,200,621,standard,MA,5000,1
1357,40,53,408,pro,GB,20000,1
1796,32,171,384,standard,FR,10000,0
14828,37,191,306,standard,MA,10000,0
12201,25,77,709,standard,MA,5000,0
7916,69,187,431,premium,MA,10000,0
5678,62,25,510,standard,ES,5000,1
5492,38,125,375,standard,DE,5000,0
7465,55,13,438,premium,ES,5000,0
13163,50,140,813,standard,DE,5000,0
5275,19,218,677,standard,MA,5000,0
2624,25,160,540,premium,MA,10000,0
1153,39,175,428,standard,FR,5000,0
5601,30,166,785,standard,DE,5000,1
12814,69,168,698,standard,MA,5000,0
9218,26,18,625,standard,MA,10000,1
1621,47,106,630,standard,MA,10000,0
2530,55,103,572,premium,MA,10000,0
5834,42,136,716,pro,MA,10000,0
1451,29,103,672,standard,MA,10000,0
791,52,11,754,premium,FR,10000,1
5411,23,105,527,standard,DE,20000,1
6280,26,70,839,premium,FR,10000,0
830,27,139,436,standard,FR,10000,0
8260,43,189,715,standard,MA,50000,0
104,30,11,422,premium,DE,5000,0
10027,22,62,507,standard,GB,5000,0
8413,68,132,355,pro,FR,10000,1
7295,49,129,395,premium,MA,10000,2
392,42,207,593,premium,MA,5000,0
10266,69,169,526,premium,DE,5000,1
14956,74,183,387,pro,MA,5000,0
9946,49,85,547,standard,FR,5000,1
4559,40,164,734,premium,MA,10000,1
11154,56,17,682,premium,FR,20000,1
5280,46,109,493,pro,MA,20000,0
8450,28,21,582,standard,MA,5000,0
6555,33,167,733,standard,MA,20000,1
1791,46,113,564,standard,MA,5000,1
12916,57,161,504,standard,FR,5000,0
3830,20,34,390,standard,MA,5000,1
4572,74,203,763,pro,FR,5000,1
11450,34,168,425,standard,MA,5000,0
230,34,225,670,premium,MA,20000,0
4236,29,70,744,premium,FR,20000,0
13191,21,130,429,standard,MA,10000,0
1799,74,89,332,standard,MA,10000,0
9169,56,6,594,standard,DE,20000,0
5966,55,5,640,standard,MA,50000,0
4258,46,175,480,premium,MA,5000,0
14945,44,90,304,premium,MA,10000,0
13005,64,120,789,standard,MA,10000,0
6508,31,105,827,premium,MA,10000,0
1589,57,221,752,pro,MA,20000,0
13811,53,16,847,premium,MA,20000,0
13670,41,30,486,pro,MA,20000,0
5385,34,116,707,pro,FR,20000,0
903,72,238,468,premium,MA,5000,0
12193,42,178,519,standard,FR,5000,0
1184,71,112,775,premium,FR,5000,1
9599,71,41,469,standard,GB,5000,0
1795,51,185,473,pro,FR,10000,0
2890,73,221,663,standard,MA,5000,2
14592,25,85,437,standard,MA,20000,0
9018,34,104,712,standard,MA,50000,0
6068,56,189,835,standard,ES,5000,0
13643,67,206,618,standard,MA,5000,1
7410,48,22,410,standard,MA,5000,1
9144,21,32,636,standard,MA,5000,1
11750,32,95,746,standard,FR,5000,0
2131,57,222,670,standard,DE,10000,0
12563,70,16,645,standard,ES,10000,1
8586,68,132,830,premium,ES,5000,0
1331,36,63,726,standard,FR,5000,0
6589,59,103,372,standard,MA,10000,0
10133,19,74,702,pro,MA,10000,0
8164,49,57,356,standard,ES,10000,0
8411,30,235,425,standard,MA,5000,0
8728,71,46,386,standard,MA,20000,0
130,53,217,762,premium,DE,5000,0
9171,65,128,709,premium,MA,5000,0
1236,29,17,523,standard,MA,10000,0
1891,19,108,761,standard,ES,10000,0
4447,53,28,634,standard,MA,20000,0
12054,73,160,529,standard,MA,5000,0
1372,18,149,319,standard,FR,5000,1
3325,41,179,822,standard,MA,10000,1
4792,70,33,836,premium,ES,20000,0
7554,52,61,473,premium,ES,10000,1
5803,62,46,648,premium,MA,10000,0
2147,29,135,593,standard,DE,10000,0
1581,65,104,582,standard,MA,5000,0
4663,28,151,664,premium,ES,10000,0
2599,28,104,334,pro,ES,10000,0
3985,71,21,533,standard,MA,50000,0
5732,22,20,828,pro,MA,20000,0
2730,24,174,325,standard,ES,5000,0
12360,55,93,476,standard,DE,10000,0
3106,41,127,696,premium,FR,10000,0
9057,54,51,692,standard,FR,5000,0
6516,39,213,397,premium,MA,5000,0
14126,29,135,337,standard,ES,5000,0
8814,73,180,439,premium,MA,5000,2
6886,64,154,438,standard,FR,5000,0
10886,61,177,480,standard,FR,5000,0
11727,34,148,318,premium,MA,50000,0
4396,38,158,572,premium,MA,5000,0
7272,62,207,510,premium,MA,20000,0
14776,20,22,690,standard,FR,10000,1
3098,23,183,828,standard,MA,5000,0
3424,68,40,436,premium,FR,5000,2
3725,60,44,836,standard,MA,5000,1
10043,27,210,612,premium,FR,20000,1
543,59,183,617,standard,MA,10000,0
11956,39,189,756,premium,ES,20000,0
12812,26,57,666,premium,MA,10000,0
6993,18,41,815,standard,FR,10000,1
8815,24,29,593,standard,MA,20000,0
6092,71,173,843,standard,MA,20000,0
6172,34,51,767,premium,MA,20000,0
11109,24,231,379,standard,MA,50000,0
2161,41,170,430,standard,DE,5000,0
12609,35,25,385,premium,MA,50000,0
4553,37,226,572,premium,FR,5000,0
4087,32,212,332,premium,FR,10000,0
5980,74,78,726,standard,MA,10000,0
2302,74,192,406,standard,MA,20000,0
2567,55,143,440,standard,MA,10000,1
3586,23,12,611,premium,GB,5000,0
14251,19,227,772,standard,MA,5000,1
8283,22,64,624,pro,FR,10000,0
2208,24,152,489,premium,MA,5000,0
4035,23,150,835,standard,MA,10000,1
8499,28,13,840,standard,MA,10000,0
13608,37,90,392,standard,MA,20000,0
6874,64,160,817,standard,ES,10000,0
6743,45,59,773,standard,MA,20000,1
5026,42,157,484,premium,MA,5000,1
9665,33,13,504,standard,MA,20000,1
5937,34,165,379,standard,MA,20000,0
1109,30,194,321,standard,MA,5000,0
6411,33,196,748,standard,MA,5000,0
14380,70,193,443,premium,MA,20000,0
8825,73,53,624,premium,GB,5000,0
2525,26,124,619,premium,MA,10000,1
2418,66,19,786,standard,MA,20000,0
10603,30,130,606,premium,DE,5000,1
1725,70,229,667,standard,MA,5000,0
7750,26,74,611,premium,MA,5000,1
1025,59,120,372,premium,MA,10000,1
5494,58,233,421,standard,MA,10000,0
13709,66,62,317,premium,MA,10000,0
7534,50,138,316,standard,MA,5000,1
3355,20,177,747,premium,MA,50000,0
4468,74,6,448,pro,MA,5000,1
10164,41,11,613,premium,MA,5000,0
7833,23,87,807,premium,FR,10000,0
9078,54,225,445,standard,MA,5000,0
12028,60,210,496,pro,ES,10000,0
4779,44,149,505,standard,MA,20000,0
13998,23,125,770,premium,DE,50000,3
13230,53,169,604,premium,MA,5000,0
6616,23,193,397,standard,MA,5000,0
621,58,181,641,pro,ES,20000,0
4108,70,62,623,premium,ES,10000,0
10968,28,125,326,pro,FR,10000,1
1566,27,61,566,premium,MA,10000,1
11220,37,143,406,pro,ES,5000,0
6377,51,199,373,premium,ES,50000,1
12544,27,94,683,premium,FR,5000,0
12379,20,237,798,premium,MA,20000,0
2471,44,66,452,standard,MA,5000,0
6358,20,72,602,standard,MA,10000,0
1478,53,65,727,premium,MA,10000,1
6002,43,192,463,standard,MA,20000,0
7551,45,21,470,premium,MA,20000,1
14574,42,39,784,premium,DE,5000,0
12748,65,143,460,standard,MA,5000,1
3957,22,125,433,standard,MA,10000,0
3353,27,115,768,standard,FR,10000,0
6948,31,216,752,standard,MA,10000,0
1358,63,91,775,premium,MA,20000,0
5804,57,176,700,premium,ES,5000,0
13726,58,219,787,standard,ES,5000,0
12969,48,175,344,pro,ES,10000,0
4458,31,122,650,standard,MA,5000,0
10883,20,87,595,standard,FR,5000,1
8219,57,54,682,standard,MA,10000,0
6651,25,141,676,pro,FR,20000,1
509,25,190,688,standard,MA,20000,0
13853,56,152,681,standard,MA,5000,0
12536,54,83,618,standard,MA,20000,0
3288,40,232,805,standard,ES,10000,0
7148,44,4,832,standard,ES,5000,0
9165,68,66,466,standard,FR,5000,2
12734,32,127,681,pro,ES,20000,1
7814,44,1,549,premium,MA,10000,1
12205,23,43,736,premium,MA,50000,0
5967,74,5,432,standard,GB,5000,0
6674,38,195,575,standard,FR,20000,1
13898,20,62,800,premium,MA,10000,0
9874,53,88,437,premium,ES,10000,0
6493,44,49,323,standard,MA,20000,1
6084,66,90,775,standard,MA,10000,0
3665,18,17,447,premium,ES,10000,0
3263,66,83,598,standard,GB,5000,0
1938,44,31,664,standard,MA,5000,0
12816,46,185,355,standard,ES,20000,1
13772,24,179,799,standard,MA,20000,1
4940,24,30,634,standard,MA,5000,0
2221,61,156,717,premium,MA,50000,0
3798,40,102,465,standard,FR,5000,0
12826,60,148,476,premium,MA,5000,0
12013,52,170,417,standard,MA,10000,0
13651,46,41,751,standard,MA,10000,0
624,27,115,787,premium,MA,5000,0
9080,46,234,546,standard,ES,20000,0
5849,57,55,495,standard,FR,10000,0
10608,35,28,652,standard,MA,10000,1
13217,32,4,822,standard,FR,5000,1
3357,30,43,386,standard,MA,10000,0
3365,55,3,420,pro,ES,5000,0
8399,25,134,471,premium,MA,10000,0
6673,72,55,837,pro,FR,5000,0
1668,25,12,523,standard,MA,5000,1
6595,53,184,842,standard,FR,5000,1
11047,38,43,649,premium,MA,20000,0
6112,54,174,841,standard,MA,5000,0
12907,68,72,645,pro,FR,10000,0
6293,34,142,343,standard,MA,20000,1
2232,19,226,426,pro,ES,5000,0
4979,22,63,309,standard,MA,10000,0
13717,63,37,604,premium,ES,10000,1
5892,33,221,509,standard,ES,5000,1
6878,29,153,692,standard,MA,10000,0
6223,21,99,586,pro,MA,5000,0
7164,74,114,729,standard,MA,50000,0
13073,19,20,836,premium,MA,5000,0
9820,48,193,586,standard,FR,20000,1
12172,18,68,726,premium,DE,5000,0
12702,68,27,321,standard,MA,10000,0
5499,25,31,438,standard,MA,5000,0
4827,18,84,546,standard,GB,10000,0
7270,35,182,744,standard,MA,10000,0
5248,64,71,696,pro,FR,5000,0
2081,52,69,765,standard,ES,10000,0
770,28,34,669,premium,MA,5000,1
11715,51,26,836,standard,FR,20000,0
2952,62,105,466,pro,FR,10000,1
10972,65,140,634,premium,MA,10000,1
13012,70,191,395,standard,DE,10000,0
7773,69,75,796,premium,FR,5000,1
9041,38,126,634,standard,MA,20000,0
11110,69,144,522,standard,MA,5000,0
11072,28,226,595,standard,MA,10000,0
1571,71,238,734,premium,MA,20000,1
5066,51,93,713,premium,MA,5000,0
11141,53,40,657,standard,MA,5000,0
4778,23,212,657,standard,FR,50000,1
9222,67,199,533,standard,FR,10000,1
10898,62,216,712,pro,ES,10000,0
3169,46,18,655,pro,MA,5000,0
9270,62,4,627,standard,FR,50000,1
6805,61,34,440,standard,MA,20000,0
475,37,217,741,standard,MA,5000,3
13261,19,25,683,premium,ES,5000,0
4399,56,166,398,premium,MA,20000,0
12431,21,49,302,standard,MA,5000,0
11113,43,19,785,standard,FR,5000,1
10287,55,138,340,pro,MA,10000,0
6521,46,103,663,pro,DE,10000,0
10403,62,210,406,standard,MA,20000,0
3861,35,162,417,premium,GB,10000,1
12685,46,13,369,standard,MA,5000,0
2701,21,15,809,standard,FR,5000,0
4518,39,192,577,pro,MA,20000,0
3881,64,129,627,premium,DE,5000,0
4143,67,191,745,standard,MA,10000,0
7765,58,119,388,premium,FR,5000,0
8549,70,222,434,standard,MA,5000,0
11191,58,104,779,premium,FR,5000,0
997,38,164,359,standard,ES,5000,1
1155,72,139,595,premium,DE,5000,0
3888,28,112,781,standard,MA,10000,0
1114,34,87,557,standard,ES,10000,1
9539,60,9,540,premium,GB,10000,0
7115,32,176,394,premium,FR,5000,0
12030,71,45,697,standard,FR,10000,0
13852,34,164,833,premium,MA,10000,0
7124,34,175,362,standard,FR,5000,0
7499,47,170,400,standard,GB,5000,1
2720,65,179,527,standard,MA,20000,0
4680,26,84,417,standard,MA,10000,0
5521,22,22,503,standard,MA,5000,0
11306,30,163,599,standard,FR,10000,0
4858,26,79,496,premium,FR,10000,1
740,48,94,413,standard,MA,5000,0
9043,21,107,788,premium,MA,5000,1
13246,50,74,684,standard,FR,5000,1
11806,18,4,596,standard,MA,5000,0
5314,73,138,440,pro,MA,5000,0
6964,65,199,537,standard,MA,5000,0
3689,32,146,785,standard,MA,5000,0
11677,45,79,303,standard,DE,20000,0
6753,23,160,640,standard,GB,10000,0
5770,55,178,497,standard,FR,5000,0
9929,39,23,524,standard,ES,10000,0
6934,44,139,428,premium,MA,10000,0
10599,63,158,304,standard,MA,50000,0
9452,53,44,385,pro,FR,10000,1
5209,69,174,679,standard,MA,10000,1
6141,46,70,371,standard,MA,10000,0
6430,48,174,485,standard,MA,5000,0
1598,57,169,317,standard,ES,10000,0
11315,25,169,670,pro,ES,10000,1
13127,21,235,317,standard,MA,10000,0
6423,59,22,301,standard,GB,10000,0
7035,60,146,703,pro,DE,10000,0
1884,58,99,637,pro,GB,20000,0
11134,42,151,301,premium,ES,20000,0
5004,19,184,332,standard,GB,5000,0
13052,61,42,335,premium,FR,5000,0
10456,61,188,686,premium,MA,5000,1
9691,48,89,579,standard,ES,20000,1
3493,20,69,489,standard,MA,5000,0
2034,44,178,358,standard,ES,10000,0
12858,27,135,826,standard,MA,10000,3
12621,72,11,690,pro,MA,5000,0
3477,18,78,325,standard,DE,10000,0
1846,38,125,585,premium,MA,10000,1
13653,74,80,494,standard,FR,5000,0
14293,30,203,848,standard,FR,20000,0
14304,35,123,845,standard,GB,5000,0
4787,63,117,771,standard,MA,10000,0
590,56,144,704,standard,FR,5000,0
14175,57,231,350,premium,FR,10000,1
1366,45,166,598,standard,MA,5000,0
2403,55,216,662,standard,MA,10000,1
7991,61,36,498,standard,MA,10000,1
2633,25,90,454,premium,MA,5000,0
9943,58,84,779,premium,ES,5000,0
12430,28,3,324,standard,FR,5000,1
6583,40,92,687,premium,MA,5000,0
7585,35,69,524,premium,MA,10000,1
5229,66,135,593,premium,FR,5000,0
7339,30,190,797,pro,MA,5000,0
11298,19,106,343,standard,GB,5000,0
8278,25,74,469,premium,GB,5000,0
269,50,44,823,standard,MA,5000,0
615,21,24,553,standard,MA,5000,0
4364,26,179,711,standard,ES,20000,1
7517,65,150,791,standard,MA,5000,0
8215,73,125,632,standard,MA,10000,0
87,65,200,494,pro,MA,10000,0
2750,34,206,748,standard,DE,10000,0
13304,56,35,823,standard,ES,10000,1
13323,31,121,729,standard,MA,20000,1
7771,18,219,698,standard,FR,5000,0
9838,47,183,793,standard,MA,20000,0
10463,37,114,720,standard,ES,5000,0
364,69,197,745,premium,MA,10000,0
12620,20,170,842,standard,MA,10000,0
6657,26,152,381,premium,ES,10000,0
3186,73,134,597,standard,ES,5000,0
4253,69,103,811,standard,DE,5000,0
12628,61,207,365,standard,ES,5000,0
1075,72,184,618,pro,MA,5000,0
13203,51,96,444,standard,FR,20000,0
14393,35,59,611,premium,FR,20000,0
12460,65,21,467,premium,MA,5000,0
10829,42,65,743,standard,MA,5000,1
6754,26,178,370,standard,MA,10000,0
11966,40,211,500,premium,MA,20000,0
4975,21,78,808,standard,MA,5000,0
4967,57,99,848,premium,MA,5000,0
11513,66,12,814,premium,FR,5000,0
14257,57,117,540,standard,MA,5000,0
206,45,30,624,premium,MA,5000,0
4694,28,129,480,pro,FR,20000,1
10555,72,24,448,standard,DE,20000,1
11179,24,28,728,standard,MA,10000,0
11928,49,155,735,standard,FR,5000,0
8982,28,152,488,pro,MA,10000,0
3267,67,228,733,standard,MA,10000,0
6647,31,172,729,premium,MA,5000,0
11127,63,28,612,standard,MA,10000,1
2291,50,2,548,standard,MA,20000,0
6902,58,22,776,premium,FR,10000,2
14524,23,37,764,pro,DE,5000,0
3678,20,236,425,standard,MA,10000,0
1426,29,58,785,pro,MA,5000,0
11649,47,26,795,standard,FR,10000,1
7894,45,208,578,pro,MA,5000,0
14672,28,101,758,standard,MA,10000,0
818,22,104,800,standard,FR,20000,1
6972,63,212,515,standard,MA,5000,0
5607,21,106,639,standard,MA,5000,0
235,71,147,661,standard,MA,5000,1
12003,59,156,510,premium,DE,20000,0
10923,43,198,344,standard,MA,5000,0
8661,32,94,803,standard,MA,10000,0
11877,71,209,468,standard,DE,5000,2
11554,42,221,464,premium,FR,20000,0
3574,37,151,331,standard,FR,10000,0
8898,46,115,418,premium,FR,20000,0
2555,40,218,588,standard,MA,5000,0
2038,34,140,674,standard,MA,5000,0
875,46,14,410,standard,MA,5000,0
13510,34,38,462,pro,ES,20000,0
2376,71,7,641,standard,MA,5000,0
3844,62,52,478,standard,FR,10000,0
1452,40,107,739,premium,MA,10000,1
11493,56,196,648,standard,GB,10000,0
14189,43,76,653,standard,MA,5000,0
6072,28,226,842,standard,FR,20000,1
9473,53,161,484,standard,FR,5000,2
14594,21,16,832,premium,MA,10000,0
3314,49,223,815,standard,MA,5000,0
2514,48,36,651,pro,MA,5000,0
11425,52,182,487,premium,ES,10000,0
9533,70,85,807,standard,MA,10000,0
2788,19,117,387,standard,GB,10000,0
369,53,37,637,standard,MA,5000,1
8029,27,37,777,premium,MA,10000,0
9694,38,57,380,standard,MA,5000,0
12354,71,57,330,pro,GB,20000,1
8871,51,191,459,standard,MA,5000,0
13328,65,72,511,standard,MA,5000,0
10068,60,89,528,premium,MA,5000,0
10313,54,89,556,standard,MA,10000,0
6047,19,73,370,premium,DE,20000,0
9119,48,70,360,standard,MA,5000,0
11799,39,43,497,standard,FR,5000,0
4194,37,79,574,standard,GB,5000,0
13839,23,190,543,premium,MA,10000,0
673,29,33,545,standard,FR,10000,0
2044,49,87,635,pro,MA,10000,0
901,62,20,627,standard,MA,10000,2
5458,29,238,436,standard,ES,5000,0
4132,25,52,516,standard,MA,5000,1
13576,57,86,625,standard,MA,10000,0
4712,55,195,304,standard,MA,10000,1
11751,33,10,439,standard,MA,20000,0
4918,70,121,849,standard,MA,10000,0
11328,28,147,751,pro,FR,20000,0
14875,62,15,376,premium,ES,10000,0
7334,22,130,498,pro,MA,5000,0
13170,61,114,453,standard,FR,10000,2
362,64,186,439,pro,MA,20000,0
5473,69,84,599,standard,ES,50000,0
2477,52,79,343,standard,MA,10000,0
1583,41,24,384,standard,MA,20000,1
11382,45,9,522,pro,MA,5000,1
6342,38,214,690,standard,MA,20000,1
12577,56,144,459,standard,MA,5000,0
447,65,28,516,standard,FR,10000,1
2607,41,85,464,premium,ES,20000,0
13167,21,111,777,standard,DE,20000,3
7990,63,4,409,standard,FR,10000,1
6946,26,146,545,premium,MA,5000,0
10315,27,169,781,standard,MA,10000,0
14705,49,32,728,standard,MA,5000,1
14817,54,91,307,standard,ES,20000,0
7506,42,208,623,standard,MA,10000,0
1127,70,161,810,standard,MA,5000,2
8338,69,50,489,standard,MA,10000,1
627,41,205,657,standard,FR,5000,0
12567,58,237,433,premium,ES,20000,0
14808,28,21,338,premium,MA,50000,0
10279,58,204,487,standard,FR,5000,1
5727,24,46,676,premium,MA,10000,0
4178,40,25,834,standard,ES,5000,0
13098,56,35,775,pro,MA,5000,0
14640,73,37,741,standard,MA,20000,0
3236,61,135,671,premium,MA,10000,2
13705,18,75,542,standard,DE,20000,0
5021,67,174,411,standard,FR,10000,0
733,66,18,608,premium,ES,5000,0
9034,20,128,762,standard,MA,5000,1
13788,32,36,516,premium,DE,5000,0
4487,40,128,633,standard,MA,5000,0
10826,46,33,696,standard,DE,20000,0
2712,57,149,713,premium,MA,10000,0
4814,55,212,605,standard,MA,10000,0
9812,55,65,350,premium,FR,10000,1
4301,70,147,522,standard,MA,10000,0
14976,24,145,831,premium,MA,50000,1
8752,74,146,604,standard,MA,10000,0
7422,45,114,480,premium,MA,20000,1
80,69,32,464,premium,MA,20000,1
3363,58,53,568,premium,GB,5000,0
4682,62,223,382,standard,FR,20000,1
5515,30,62,454,standard,MA,5000,0
4139,33,114,408,premium,ES,5000,0
10513,27,123,503,standard,MA,5000,0
355,64,71,627,standard,MA,5000,1
1678,73,202,584,premium,MA,10000,0
11313,28,216,536,premium,FR,20000,0
3440,28,62,358,standard,MA,5000,0
5158,51,105,730,premium,MA,10000,0
9055,49,26,431,premium,ES,5000,0
1530,61,191,680,premium,GB,5000,0
4215,56,88,774,standard,MA,10000,1
2784,42,88,482,premium,MA,10000,0
4920,72,224,366,standard,MA,20000,0
13955,34,3,697,standard,FR,5000,0
442,23,119,416,pro,DE,5000,0
10507,27,234,488,standard,MA,10000,0
13936,22,7,838,premium,FR,5000,0
13617,49,46,389,standard,DE,20000,2
9260,65,21,666,standard,MA,5000,0
12381,27,84,476,standard,MA,5000,0
7930,52,43,640,standard,FR,10000,1
7829,50,65,526,standard,MA,10000,0
4477,35,50,574,pro,ES,50000,0
3813,47,143,515,premium,DE,5000,1
10284,57,193,571,premium,DE,5000,0
8820,71,102,451,standard,ES,10000,0
11336,24,19,659,premium,MA,20000,0
12619,34,186,731,standard,ES,10000,0
5896,46,218,565,standard,ES,5000,0
77,18,6,536,premium,FR,10000,0
12009,51,72,670,premium,ES,10000,0
14709,51,17,513,standard,MA,20000,0
3348,24,215,729,standard,ES,5000,0
9012,56,23,633,standard,MA,20000,1
4730,30,233,678,premium,MA,5000,0
10724,31,79,720,standard,FR,5000,0
9828,63,63,405,standard,MA,5000,0
671,51,140,599,standard,FR,5000,0
2420,42,163,787,premium,DE,20000,0
5330,41,50,620,pro,MA,50000,1
3945,30,172,321,standard,FR,50000,0
8464,70,74,348,premium,MA,50000,0
10105,44,172,313,standard,DE,10000,0
5286,38,173,474,standard,MA,20000,0
10702,45,24,310,premium,DE,20000,0
9558,39,167,798,standard,MA,10000,0
14273,37,37,377,standard,MA,20000,1
2545,65,72,360,premium,MA,5000,0
10021,49,208,359,premium,MA,5000,0
5739,74,31,443,pro,MA,5000,0
12945,73,41,786,standard,MA,10000,0
1764,21,220,421,standard,FR,5000,0
3625,65,28,522,premium,GB,5000,1
13334,46,133,842,premium,MA,20000,0
3185,42,8,443,standard,MA,5000,0
9724,68,172,707,premium,MA,5000,0
7617,56,111,461,premium,MA,20000,1
5145,69,175,740,standard,MA,5000,1
10821,61,45,619,pro,GB,10000,1
8444,49,23,505,standard,MA,10000,1
10488,56,183,483,premium,MA,20000,0
12616,40,181,685,premium,MA,5000,2
9377,47,53,695,standard,FR,20000,0
8253,53,40,849,premium,MA,5000,2
5414,28,218,338,standard,MA,5000,0
3792,61,216,367,standard,FR,5000,0
7097,57,17,710,standard,DE,10000,0
10176,56,50,606,standard,MA,10000,0
7110,54,47,833,standard,MA,10000,1
8404,31,183,326,standard,GB,5000,1
6903,29,11,714,premium,MA,20000,0
8701,44,111,773,standard,MA,20000,0
13185,70,129,394,standard,GB,5000,0
3979,35,22,775,premium,FR,5000,0
8826,41,3,512,premium,MA,10000,0
14072,26,53,454,premium,MA,5000,0
1827,20,2,418,standard,FR,5000,0
2722,46,127,341,standard,ES,5000,0
6929,33,145,820,premium,ES,5000,0
1180,47,72,728,standard,ES,10000,0
8414,60,62,758,premium,ES,10000,0
14921,32,201,430,standard,MA,50000,0
6337,30,37,526,standard,FR,10000,1
7631,66,144,798,standard,FR,20000,1
14663,33,179,830,standard,MA,5000,1
9843,22,169,305,premium,FR,10000,0
10207,58,35,600,standard,MA,5000,0
6471,73,69,442,standard,MA,50000,0
3840,58,188,403,standard,ES,50000,0
9890,32,204,804,standard,MA,20000,1
7174,43,142,608,standard,MA,50000,1
13817,23,181,618,premium,DE,10000,0
9268,20,20,684,standard,MA,50000,1
12032,27,189,366,premium,MA,5000,0
14514,51,196,682,standard,MA,50000,1
11596,27,167,435,standard,MA,20000,1
9425,67,176,754,standard,MA,5000,1
11523,58,140,543,standard,MA,5000,0
7489,44,38,507,standard,MA,10000,0
7575,40,236,686,standard,MA,10000,1
10453,18,91,616,premium,FR,50000,0
11121,26,126,831,premium,MA,10000,0
3110,63,34,385,standard,MA,10000,1
7261,43,19,456,premium,FR,5000,1
8169,55,206,593,premium,MA,5000,0
3688,28,138,792,standard,MA,5000,1
3330,21,80,710,premium,MA,20000,0
10497,25,236,517,premium,ES,5000,1
1469,72,15,624,premium,FR,5000,0
6950,26,230,675,standard,MA,10000,0
2182,53,18,563,premium,MA,10000,0
11710,71,57,503,standard,MA,10000,0
3701,33,234,561,standard,DE,10000,1
4465,65,236,398,standard,ES,10000,1
9366,32,45,739,standard,MA,5000,0
2369,27,20,495,premium,MA,10000,0
194,56,66,685,pro,MA,5000,0
9427,53,32,395,standard,ES,5000,0
5673,60,227,664,standard,MA,5000,0
9692,54,152,812,standard,DE,10000,0
12531,20,202,742,premium,FR,10000,1
10086,42,222,562,standard,MA,10000,1
1901,49,238,635,premium,FR,10000,0
1972,21,231,306,premium,MA,5000,1
4187,63,66,757,standard,GB,5000,0
1064,56,92,612,standard,FR,5000,0
7083,42,42,720,standard,MA,10000,0
4378,36,132,529,standard,FR,10000,0
5545,47,154,528,pro,FR,20000,0
766,43,214,632,premium,DE,50000,0
3411,67,60,333,standard,MA,5000,1
4674,73,38,589,pro,FR,10000,1
3983,20,230,849,standard,ES,5000,0
1726,62,42,532,premium,MA,5000,0
183,59,228,401,standard,FR,10000,0
11552,49,11,542,standard,MA,10000,0
8200,68,12,733,premium,FR,10000,0
2540,23,3,541,premium,MA,5000,0
2797,18,41,683,standard,GB,20000,0
8442,45,131,594,standard,FR,5000,1
14075,25,192,636,standard,DE,10000,0
14280,33,127,490,pro,MA,20000,0
3883,27,180,475,standard,FR,5000,1
9919,63,7,411,premium,FR,20000,0
13448,67,197,396,standard,MA,10000,0
9583,47,32,389,standard,MA,10000,0
6347,74,94,578,premium,MA,5000,0
4486,65,166,489,standard,MA,10000,0
2636,73,218,598,standard,MA,20000,0
7276,43,193,665,standard,ES,10000,0
6323,46,77,334,standard,DE,5000,0
13909,43,174,723,standard,FR,10000,0
12056,21,2,374,premium,MA,5000,0
4282,35,58,627,premium,MA,20000,0
656,57,119,734,standard,MA,20000,2
8851,74,93,818,standard,MA,10000,0
2050,36,235,425,standard,ES,5000,0
13438,71,224,816,standard,FR,5000,1
13424,68,167,570,premium,MA,5000,0
12559,65,57,712,standard,DE,10000,1
10801,39,22,803,standard,MA,5000,1
14358,40,94,424,standard,MA,5000,0
14341,20,201,720,premium,FR,5000,0
8158,47,134,351,premium,FR,5000,0
2128,61,213,586,premium,MA,10000,0
13184,19,234,568,standard,MA,20000,0
11409,56,117,615,standard,DE,10000,1
7448,35,39,319,standard,MA,20000,0
14062,65,229,383,premium,DE,5000,0
10566,29,239,342,premium,MA,5000,0
5142,22,195,654,standard,MA,5000,0
14807,67,138,325,premium,MA,5000,0
1427,26,160,645,standard,MA,5000,0
9905,23,223,466,pro,MA,10000,0
9527,46,66,571,pro,MA,20000,0
1148,74,230,472,standard,DE,10000,0
2,59,55,751,standard,MA,5000,0
13771,56,25,386,premium,FR,5000,0
12462,30,1,804,standard,MA,10000,2
12042,41,214,843,premium,GB,5000,0
3013,43,160,491,premium,GB,50000,1
14989,38,90,545,standard,MA,20000,1
4186,20,188,759,standard,FR,20000,0
7619,54,125,765,standard,FR,50000,0
8109,58,211,503,standard,GB,5000,0
14910,53,159,802,premium,FR,20000,0
11009,25,103,671,premium,FR,10000,1
8948,18,231,740,standard,DE,5000,0
7477,65,129,676,standard,MA,5000,0
2167,67,221,667,pro,MA,10000,0
399,47,173,838,premium,FR,20000,0
8697,63,110,644,pro,ES,10000,0
3354,38,168,801,standard,MA,5000,0
8387,41,180,552,premium,MA,5000,0
9471,20,191,326,standard,GB,5000,0
1595,28,167,610,premium,DE,10000,1
971,19,142,703,premium,MA,5000,0
4646,24,113,845,premium,MA,10000,0
14459,26,2,669,standard,ES,10000,0
7289,31,181,635,standard,ES,5000,0
6398,63,20,523,standard,FR,20000,0
1676,52,118,837,standard,FR,10000,0
13569,70,226,795,premium,MA,5000,0
3920,56,41,684,standard,FR,10000,2
14912,62,160,454,standard,MA,10000,0
5597,72,3,341,standard,MA,10000,0
6030,45,9,570,premium,MA,20000,0
7868,31,19,334,premium,DE,50000,0
12016,59,79,605,standard,FR,10000,1
11369,60,42,509,premium,MA,20000,1
6536,52,199,394,premium,FR,20000,0
8685,27,198,604,standard,MA,5000,1
12658,23,95,416,standard,MA,10000,0
11654,60,133,780,premium,MA,10000,0
10837,62,13,688,standard,MA,10000,0
14805,31,105,693,premium,FR,5000,0
5586,50,27,445,pro,MA,10000,0
2956,45,68,362,standard,DE,10000,1
4709,29,167,775,premium,ES,10000,1
13348,68,40,725,premium,MA,50000,0
10747,73,8,351,pro,FR,10000,0
9082,68,4,530,premium,MA,5000,1
5417,61,2,658,standard,MA,5000,0
6652,73,81,393,premium,ES,5000,1
8597,62,14,580,standard,FR,10000,0
5459,48,170,646,pro,FR,20000,0
2621,64,116,317,premium,GB,5000,0
11914,42,17,632,pro,FR,5000,0
12291,21,206,613,premium,MA,5000,0
6793,69,1,585,pro,MA,5000,2
4291,68,57,551,standard,MA,5000,0
10070,66,176,836,standard,DE,5000,0
11111,53,11,364,standard,FR,10000,0
14660,41,118,452,premium,DE,5000,0
14381,19,33,518,standard,FR,10000,0
14775,73,211,717,standard,FR,10000,1
10236,24,27,609,standard,FR,10000,0
3019,33,72,356,standard,MA,5000,0
610,66,141,531,standard,MA,10000,0
5881,42,104,814,pro,GB,5000,1
9636,36,4,460,pro,ES,5000,0
1890,62,108,497,standard,MA,5000,1
9429,45,72,348,premium,MA,50000,0
11468,47,146,313,standard,MA,10000,1
3265,37,23,619,premium,MA,10000,0
6468,50,49,425,premium,MA,20000,0
1814,40,196,558,standard,MA,5000,0
8042,65,90,530,standard,GB,10000,0
10283,61,187,367,premium,DE,20000,0
499,66,203,338,premium,FR,5000,0
11410,18,49,430,pro,MA,10000,1
14187,59,221,572,premium,DE,5000,1
11783,62,129,638,standard,MA,20000,0
7666,32,193,656,standard,MA,10000,0
5357,37,215,305,standard,MA,10000,0
4789,65,112,655,pro,GB,20000,0
9997,37,52,622,standard,MA,5000,0
12224,74,222,636,premium,FR,5000,1
13815,40,135,686,standard,MA,10000,0
12967,28,8,468,premium,FR,20000,2
1975,27,154,745,standard,MA,20000,0
1380,45,33,804,standard,ES,20000,0
2679,49,89,840,premium,ES,5000,0
3448,28,134,398,standard,FR,20000,0
12066,48,15,739,standard,MA,10000,1
10465,63,17,567,standard,MA,5000,0
14013,43,29,769,standard,MA,20000,0
7888,48,16,352,standard,MA,10000,1
14972,70,132,348,standard,FR,10000,1
3419,72,172,698,standard,FR,5000,1
9702,70,212,713,premium,DE,5000,0
1337,36,61,456,standard,MA,10000,0
10565,29,210,790,standard,MA,5000,1
13731,68,200,530,standard,DE,10000,0
3917,46,186,783,premium,FR,20000,0
10841,70,134,449,premium,MA,20000,1
5883,38,78,424,standard,FR,10000,0
4442,68,102,583,standard,MA,5000,0
14768,69,179,412,standard,MA,10000,0
8553,43,34,374,standard,FR,10000,0
10710,63,43,593,standard,MA,5000,0
7508,22,196,653,premium,MA,50000,0
1978,52,128,689,pro,MA,10000,2
7228,48,80,545,standard,MA,20000,1
7118,30,28,594,standard,MA,5000,0
8022,24,194,489,standard,FR,5000,1
8985,56,152,590,standard,FR,5000,0
5147,64,110,774,standard,MA,5000,0
13983,51,35,519,standard,MA,5000,0
1655,49,93,672,premium,DE,10000,0
10417,72,227,606,standard,FR,50000,0
2275,52,186,486,standard,MA,10000,0
6087,27,58,708,standard,MA,5000,0
2097,48,73,779,premium,ES,5000,1
10243,31,7,686,premium,MA,5000,0
3950,21,227,658,standard,MA,20000,0
3337,19,17,690,premium,FR,10000,0
13057,34,46,726,premium,MA,5000,1
10431,51,203,318,premium,MA,10000,0
1737,28,157,603,standard,MA,5000,3
14728,19,121,686,standard,MA,5000,0
11724,19,230,314,standard,MA,5000,0
1895,21,220,578,standard,FR,20000,0
12819,61,87,803,pro,DE,5000,0
7103,18,202,492,standard,DE,50000,1
11753,28,93,452,standard,MA,5000,0
5450,46,193,645,standard,DE,10000,0
10228,60,73,523,premium,MA,10000,0
205,50,216,807,standard,MA,5000,2
12644,21,51,453,standard,FR,5000,0
12105,28,9,750,standard,MA,10000,0
9741,40,229,490,standard,MA,5000,0
4815,45,143,755,standard,MA,10000,2
2934,35,42,414,standard,FR,5000,2
7062,22,99,663,standard,MA,5000,0
13278,31,136,403,standard,FR,50000,0
14791,32,30,505,standard,MA,5000,0
11496,32,92,655,pro,ES,10000,0
4751,37,4,307,standard,MA,5000,0
1956,33,90,472,standard,ES,20000,0
10310,63,78,773,standard,MA,10000,0
14834,49,104,499,standard,MA,5000,0
10848,32,75,631,premium,ES,10000,0
13500,53,50,347,standard,MA,5000,0
9766,46,172,656,premium,FR,10000,0
91,64,175,799,premium,MA,5000,1
11634,20,229,540,pro,ES,20000,1
11343,25,182,596,standard,MA,5000,0
9122,32,121,504,standard,FR,5000,0
3681,70,115,323,standard,MA,5000,1
1443,57,159,752,standard,MA,20000,0
9703,33,85,453,standard,ES,10000,1
12046,58,182,713,standard,ES,5000,0
10965,66,15,404,standard,MA,10000,0
5826,31,87,565,standard,ES,10000,2
871,49,218,502,standard,MA,10000,1
1170,28,231,501,premium,ES,50000,0
11858,53,221,786,standard,MA,5000,0
14471,58,187,534,premium,ES,5000,0
801,22,118,771,standard,MA,5000,0
7338,21,216,697,standard,MA,20000,0
12295,55,136,762,standard,MA,10000,0
6882,70,214,630,premium,MA,5000,1
14868,47,155,650,standard,DE,10000,0
10277,72,180,331,standard,FR,20000,0
12480,25,75,498,standard,ES,5000,0
13212,63,166,506,premium,MA,5000,0
6107,61,103,590,standard,MA,20000,1
977,18,231,620,premium,MA,10000,0
14233,48,57,800,standard,ES,10000,1
4004,30,222,776,standard,ES,10000,1
3499,50,58,474,premium,ES,20000,0
10994,39,154,707,premium,ES,5000,0
14809,22,233,618,standard,ES,10000,0
8620,20,115,683,standard,MA,5000,1
11465,24,77,556,standard,ES,20000,1
14951,20,15,803,standard,ES,50000,0
13219,69,73,621,premium,MA,20000,0
9344,30,13,628,premium,FR,10000,1
12937,60,49,616,pro,FR,10000,0
8681,46,128,470,standard,MA,50000,0
12051,51,105,496,standard,ES,5000,0
10480,63,163,396,premium,MA,20000,0
10321,72,177,826,premium,DE,5000,0
10332,22,49,456,pro,FR,5000,0
12889,35,46,771,premium,DE,20000,0
6324,42,148,570,standard,MA,20000,0
2909,61,170,492,premium,MA,10000,0
13113,33,132,809,standard,GB,10000,0
12756,68,68,554,standard,MA,10000,0
2132,45,173,350,standard,MA,50000,0
10581,52,218,616,standard,ES,10000,0
11288,49,160,431,premium,MA,5000,0
638,18,79,495,standard,MA,5000,0
8166,18,29,652,premium,MA,20000,0
5668,70,24,558,standard,MA,10000,0
12308,53,195,568,pro,ES,5000,0
102,72,220,700,standard,MA,5000,1
11728,20,185,693,premium,MA,5000,0
5154,69,88,481,standard,MA,50000,1
5575,44,37,832,premium,MA,5000,0
4345,64,68,469,standard,MA,5000,0
6735,32,225,524,standard,ES,5000,1
4515,33,85,549,pro,MA,5000,0
5726,60,82,736,pro,MA,20000,1
11558,41,131,482,standard,MA,5000,0
8995,37,61,320,standard,MA,5000,0
14894,24,63,683,standard,MA,10000,0
3323,69,82,444,standard,MA,10000,0
10857,63,156,730,standard,MA,5000,1
3152,55,130,672,standard,FR,10000,0
5679,53,134,773,standard,DE,10000,3
13618,74,10,353,standard,ES,5000,0
11971,36,25,760,pro,MA,10000,0
1759,53,220,386,premium,MA,10000,1
1873,27,79,553,standard,ES,20000,0
14687,73,113,846,standard,MA,5000,0
2016,34,59,381,standard,FR,10000,0
6278,68,159,666,standard,MA,10000,0
7655,70,3,473,premium,MA,5000,0
1043,70,20,389,standard,FR,5000,1
13821,20,54,401,premium,MA,10000,0
6782,71,98,746,standard,ES,5000,0
7600,50,122,609,standard,MA,5000,1
3992,59,99,633,premium,MA,10000,0
10795,52,163,332,standard,MA,10000,0
6956,67,180,412,standard,MA,5000,0
12359,63,174,629,standard,MA,5000,0
12026,40,201,333,standard,FR,5000,0
2669,74,182,808,premium,MA,10000,1
6750,60,60,653,pro,ES,10000,2
5837,50,3,461,premium,FR,10000,0
12268,63,223,685,premium,FR,10000,0
13776,73,139,321,premium,FR,5000,0
8655,50,109,482,standard,MA,50000,0
12914,52,179,534,standard,MA,50000,0
1772,54,119,321,standard,MA,5000,0
7654,35,151,645,premium,MA,10000,0
2505,72,232,339,standard,MA,20000,0
11299,21,183,314,standard,FR,20000,0
3997,43,117,320,standard,MA,5000,0
8735,47,200,314,standard,MA,5000,0
8117,42,174,633,standard,ES,10000,1
2547,26,121,766,standard,FR,10000,0
7942,47,220,682,standard,MA,10000,1
10002,68,104,627,standard,MA,5000,0
497,41,134,572,standard,MA,10000,0
10146,48,202,524,pro,MA,10000,0
14676,32,137,452,standard,GB,5000,0
11530,52,69,433,standard,MA,5000,0
6126,36,192,668,standard,MA,5000,0
3196,35,67,702,standard,MA,5000,1
11217,58,173,300,standard,MA,20000,0
10582,65,183,427,standard,FR,10000,0
13181,41,32,595,standard,GB,5000,0
5822,52,183,795,pro,DE,10000,2
2424,29,114,833,premium,FR,10000,0
542,38,12,359,standard,MA,20000,0
6829,34,140,361,standard,MA,5000,0
13102,50,70,732,pro,MA,5000,1
3408,32,72,338,pro,MA,5000,0
1744,33,210,365,standard,ES,10000,0
3375,19,61,323,premium,MA,5000,0
13712,26,49,726,standard,MA,5000,0
9285,41,134,397,premium,MA,10000,0
11044,27,103,599,pro,MA,10000,0
9886,34,30,426,standard,DE,50000,0
8286,45,35,474,standard,MA,10000,2
3953,47,84,645,standard,MA,20000,0
5058,63,30,766,standard,FR,5000,0
3349,64,208,838,premium,MA,5000,1
529,63,232,794,premium,ES,10000,1
13681,74,132,839,pro,FR,10000,0
10888,51,126,801,standard,FR,10000,0
630,57,44,572,pro,ES,5000,0
7395,74,29,674,premium,ES,20000,0
1149,27,107,450,standard,MA,20000,0
474,37,190,736,standard,MA,10000,1
10523,54,29,765,standard,MA,10000,0
1619,67,43,522,standard,MA,5000,0
10305,38,133,604,standard,FR,10000,0
2595,32,106,574,standard,FR,5000,0
10636,36,232,694,premium,MA,5000,1
13111,42,113,388,standard,GB,5000,0
2805,31,32,309,premium,MA,20000,0
9215,22,61,402,premium,MA,50000,0
5730,59,155,845,standard,MA,5000,0
11602,19,91,736,standard,MA,5000,0
14993,50,169,830,pro,FR,5000,0
11331,70,133,571,premium,MA,20000,1
2975,71,24,404,standard,GB,10000,0
13842,67,52,699,standard,FR,5000,1
3162,19,150,803,pro,DE,5000,1
11280,29,38,741,premium,MA,10000,0
8577,22,69,320,standard,ES,10000,0
885,70,17,441,standard,MA,20000,1
4147,34,6,752,standard,FR,10000,0
12597,63,130,368,standard,MA,20000,0
10804,48,224,467,premium,FR,5000,1
8091,21,217,622,standard,GB,20000,1
12541,50,42,733,standard,DE,10000,0
1156,33,109,370,standard,FR,5000,2
14848,43,222,515,pro,FR,10000,0
10273,34,180,727,standard,MA,20000,0
10803,21,120,739,pro,ES,10000,0
13378,46,199,542,standard,MA,10000,0
3976,53,216,416,standard,ES,5000,0
7526,56,172,654,standard,GB,5000,1
4125,65,133,413,premium,FR,20000,0
3860,28,231,829,premium,FR,5000,0
13694,63,151,809,standard,MA,5000,0
6309,70,5,305,standard,MA,5000,0
12338,44,109,450,pro,MA,50000,1
12047,26,205,621,standard,MA,10000,1
1304,32,188,795,standard,MA,20000,1
478,38,129,639,standard,DE,50000,1
1205,63,214,385,premium,MA,10000,2
11311,53,150,377,standard,GB,20000,1
921,61,144,522,standard,MA,5000,1
229,36,54,347,standard,ES,10000,1
7129,41,15,667,standard,MA,10000,0
4859,74,123,323,pro,MA,5000,0
4542,28,202,444,standard,MA,5000,1
6392,37,34,459,standard,MA,5000,0
10094,35,204,330,premium,MA,5000,1
10178,40,76,575,standard,MA,5000,0
749,60,238,708,premium,ES,20000,0
8050,31,182,579,premium,GB,10000,0
8505,50,21,538,standard,FR,5000,0
3320,37,20,378,standard,MA,5000,0
1349,69,71,550,standard,MA,10000,0
6446,59,148,533,standard,ES,10000,1
3906,38,180,826,standard,MA,20000,0
10574,34,54,360,pro,MA,5000,0
68,64,41,768,standard,DE,5000,0
2995,59,91,458,premium,ES,20000,0
14512,58,44,522,premium,FR,5000,0
11882,42,104,454,standard,MA,5000,0
2088,70,57,771,pro,MA,5000,1
9033,50,155,587,pro,MA,20000,0
6760,69,217,533,standard,FR,5000,0
13779,31,127,431,standard,ES,5000,1
5400,65,217,598,standard,DE,20000,0
2789,19,80,325,standard,DE,10000,0
5578,54,59,491,standard,FR,5000,0
14403,59,69,519,standard,MA,5000,0
5802,62,194,384,premium,DE,5000,0
11865,26,121,745,standard,ES,20000,0
12101,41,27,825,premium,MA,5000,0
12805,36,178,524,standard,MA,20000,0
11610,58,157,774,standard,MA,10000,0
11132,43,114,333,standard,MA,10000,0
13837,25,59,326,standard,ES,5000,1
5884,58,122,570,standard,MA,20000,0
12723,26,213,340,premium,MA,20000,0
12140,37,19,439,standard,FR,10000,0
5498,71,22,733,premium,MA,20000,0
8649,45,159,357,standard,FR,5000,0
4090,39,174,785,standard,MA,10000,0
13464,55,205,794,standard,FR,20000,0
7846,40,186,766,premium,MA,5000,0
4582,61,158,357,premium,MA,10000,0
13000,30,12,668,standard,FR,5000,1
8138,41,233,490,premium,FR,5000,0
14222,42,82,457,premium,FR,5000,0
9767,60,9,384,premium,DE,5000,0
4958,72,89,731,premium,FR,10000,0
7192,45,29,777,standard,MA,5000,0
14821,48,13,661,standard,MA,5000,0
11917,22,222,555,premium,GB,10000,0
1215,35,47,467,standard,ES,5000,0
11771,31,67,812,premium,MA,10000,0
6497,35,112,703,standard,DE,20000,0
13693,66,2,661,standard,MA,20000,1
11279,37,224,301,premium,MA,10000,0
8035,44,32,678,standard,FR,5000,2
6417,62,42,631,standard,FR,10000,1
13079,47,113,542,standard,FR,50000,1
11422,74,112,478,pro,FR,5000,1
1520,51,173,637,premium,MA,5000,0
6169,50,175,410,premium,MA,10000,0
3535,22,166,549,standard,DE,10000,1
7936,32,222,349,premium,ES,50000,0
5184,44,202,836,standard,FR,5000,0
6181,62,6,821,standard,MA,10000,1
6587,54,205,421,standard,MA,5000,0
12990,40,101,693,standard,FR,5000,1
13748,60,174,404,standard,FR,10000,0
13351,55,166,421,standard,MA,5000,1
706,28,128,683,standard,GB,5000,0
7383,43,84,606,pro,MA,5000,1
2223,36,36,732,standard,ES,5000,1
13027,74,53,830,standard,FR,10000,1
5346,39,190,473,standard,FR,10000,1
12745,25,46,316,premium,MA,5000,0
8775,20,154,796,standard,DE,10000,0
5612,47,141,401,standard,FR,5000,0
643,38,179,422,standard,FR,10000,0
6359,41,141,379,standard,FR,20000,1
8844,66,133,621,standard,MA,10000,0
302,56,232,325,standard,FR,5000,0
9472,50,25,604,standard,MA,5000,1
11551,56,175,582,standard,MA,5000,0
4441,40,115,357,premium,MA,5000,0
13729,68,4,820,standard,MA,10000,0
784,51,129,380,standard,FR,5000,1
9396,67,62,328,standard,MA,20000,0
13208,22,16,809,premium,DE,5000,0
13566,72,122,504,premium,MA,10000,0
14474,34,36,663,standard,MA,10000,2
8308,44,230,641,standard,MA,20000,0
11640,63,34,491,standard,MA,20000,0
8873,43,159,551,premium,MA,5000,0
9656,26,46,452,standard,FR,10000,1
241,35,12,678,standard,GB,5000,0
10234,41,14,660,standard,MA,5000,0
14871,52,13,826,standard,FR,5000,0
3427,67,112,586,standard,ES,10000,0
4863,67,161,505,premium,DE,10000,1
6331,44,212,306,standard,DE,10000,0
9959,72,136,511,standard,MA,20000,0
1863,60,115,631,pro,MA,5000,0
11019,26,74,473,standard,FR,5000,0
9699,69,131,326,premium,MA,10000,0
3576,67,192,768,premium,MA,5000,0
3696,74,106,664,standard,DE,20000,0
10061,64,81,415,standard,MA,10000,0
12352,67,78,466,premium,FR,5000,0
9067,65,26,657,premium,GB,5000,1
14427,41,7,302,standard,DE,5000,1
7419,44,85,605,standard,FR,10000,1
1908,50,39,782,standard,ES,10000,1
9855,73,194,803,pro,MA,20000,1
7766,59,27,511,standard,ES,10000,0
412,47,211,533,standard,DE,20000,1
12316,20,20,483,premium,DE,20000,0
9829,51,198,373,premium,FR,5000,0
4323,44,192,633,standard,MA,10000,0
10570,20,79,330,standard,GB,10000,0
6681,42,93,536,pro,FR,5000,0
4616,31,184,563,premium,MA,10000,1
2741,40,78,735,standard,ES,5000,0
6351,37,27,336,standard,MA,50000,2
6355,54,77,412,pro,FR,5000,0
3276,54,154,528,pro,MA,10000,0
3650,49,195,373,standard,MA,10000,0
9660,52,9,524,standard,FR,20000,2
13975,25,104,817,standard,MA,10000,0
4864,24,141,507,standard,ES,10000,0
7899,69,42,709,standard,MA,10000,0
2292,31,205,671,standard,FR,10000,1
2441,72,112,453,premium,MA,10000,0
10525,30,207,720,standard,MA,20000,0
11590,67,22,376,standard,DE,5000,1
743,53,159,424,standard,MA,5000,0
10438,27,191,312,premium,MA,20000,0
12736,39,153,489,premium,MA,50000,0
10802,54,185,498,premium,FR,5000,0
11435,59,48,761,standard,MA,5000,2
12535,23,73,693,standard,ES,10000,1
2765,68,6,790,standard,ES,5000,0
9337,25,228,426,premium,MA,20000,1
11146,61,16,438,standard,MA,5000,0
13054,52,219,407,standard,FR,5000,0
7459,63,180,730,standard,GB,20000,0
6205,40,15,564,standard,ES,5000,1
10232,47,168,397,premium,MA,5000,0
14022,67,92,376,premium,ES,10000,0
3281,28,15,537,standard,DE,10000,0
1996,25,183,705,standard,FR,20000,0
8503,63,111,320,standard,GB,5000,0
6562,64,196,791,standard,FR,5000,0
7636,44,195,489,standard,MA,5000,0
7343,61,220,622,standard,ES,5000,0
9424,29,165,338,standard,FR,10000,0
2021,19,167,717,premium,DE,5000,1
7849,35,82,445,pro,MA,20000,0
1237,47,124,729,premium,FR,5000,2
2484,24,47,365,standard,FR,20000,0
10187,64,175,764,standard,GB,20000,0
13521,42,176,343,standard,MA,5000,2
11168,22,106,409,premium,MA,20000,0
11934,64,131,360,standard,DE,20000,0
880,41,18,499,pro,FR,5000,0
10016,46,36,828,pro,MA,5000,1
5408,41,81,781,standard,MA,20000,1
6425,67,157,309,premium,MA,20000,0
12885,42,193,409,standard,DE,5000,1
13306,66,125,530,standard,ES,10000,1
13555,44,190,616,premium,FR,50000,0
5059,24,118,771,pro,ES,20000,0
6816,29,206,421,premium,MA,20000,0
1804,33,112,463,standard,MA,20000,1
2235,45,107,338,standard,MA,20000,0
1579,47,171,509,standard,ES,10000,0
5637,46,7,347,premium,MA,10000,1
1307,21,77,414,standard,ES,5000,0
7613,71,3,695,standard,FR,10000,0
10379,51,14,677,standard,MA,5000,0
2835,45,143,497,standard,GB,20000,1
6473,59,145,508,standard,MA,10000,0
6327,38,37,691,premium,MA,10000,0
14259,23,208,303,pro,MA,20000,0
9386,27,238,663,pro,MA,10000,0
6383,59,65,457,premium,ES,5000,1
14094,40,195,680,premium,GB,5000,0
4292,40,223,741,premium,ES,10000,1
11325,31,147,694,standard,MA,50000,0
8317,53,59,387,premium,DE,10000,0
6609,19,70,371,standard,FR,10000,0
858,67,33,359,pro,FR,5000,0
3806,56,206,385,premium,MA,20000,0
11916,62,78,753,pro,MA,50000,0
7512,46,140,708,standard,FR,10000,0
12727,48,132,643,standard,MA,5000,0
608,66,223,713,premium,FR,10000,1
2501,40,221,419,premium,ES,5000,1
13692,36,231,416,standard,MA,5000,0
10698,61,86,362,standard,FR,5000,0
13783,34,103,411,premium,MA,50000,1
5064,24,222,601,pro,ES,10000,0
7840,43,171,305,standard,MA,5000,0
3770,54,126,792,standard,MA,5000,0
10489,37,122,332,standard,MA,50000,0
4049,37,157,811,standard,MA,20000,0
10248,39,35,730,standard,MA,20000,0
5645,23,157,687,pro,MA,5000,0
14789,68,174,516,standard,MA,10000,0
11646,39,83,653,standard,MA,5000,0
3855,42,238,663,standard,MA,5000,0
4558,72,28,698,premium,MA,20000,1
10411,64,111,747,pro,MA,5000,0
13253,64,197,482,standard,MA,50000,0
12987,53,210,307,premium,DE,20000,0
8096,38,81,318,standard,FR,5000,0
8131,51,89,330,standard,DE,10000,1
7984,60,176,505,standard,MA,5000,0
271,27,167,328,premium,MA,5000,0
3122,29,39,410,standard,MA,5000,2
510,66,162,712,premium,MA,10000,0
10713,19,181,411,premium,MA,50000,0
10564,21,83,838,standard,FR,20000,0
10389,21,45,437,premium,FR,5000,0
3751,74,93,784,premium,MA,10000,0
4270,57,55,843,standard,MA,10000,0
7151,67,155,821,standard,ES,5000,0
5296,38,178,332,standard,MA,10000,0
1577,54,85,320,standard,ES,20000,0
501,20,151,691,standard,MA,10000,0
10312,69,98,607,standard,DE,10000,0
12409,69,84,448,standard,MA,20000,0
156,23,104,820,premium,MA,10000,0
4794,74,31,823,standard,ES,5000,0
12754,41,66,583,standard,GB,10000,0
3573,65,128,806,standard,FR,5000,0
3882,32,96,497,standard,MA,20000,0
7839,49,214,496,standard,GB,10000,0
13867,62,113,757,standard,FR,10000,0
7080,54,193,406,standard,FR,20000,0
4600,35,75,345,premium,MA,10000,0
10075,33,65,679,pro,ES,5000,0
561,55,44,654,pro,FR,5000,0
7524,41,116,633,standard,DE,20000,0
8962,49,160,434,standard,MA,5000,0
14003,51,64,413,pro,MA,20000,0
4060,37,236,581,standard,MA,20000,0
10373,61,143,408,standard,MA,10000,0
12828,67,156,625,premium,FR,10000,0
9289,43,63,320,standard,MA,10000,0
1070,62,88,333,pro,MA,5000,1
7917,20,150,526,premium,MA,20000,0
11244,39,214,356,standard,DE,5000,0
11860,31,214,564,standard,MA,5000,0
14681,38,51,507,premium,FR,50000,0
12766,33,15,522,pro,MA,5000,1
13017,63,156,774,pro,MA,20000,0
11584,40,102,424,standard,MA,5000,0
13312,42,174,792,pro,FR,10000,0
6560,51,107,548,pro,DE,5000,0
14494,56,106,770,standard,MA,10000,0
62,50,91,358,standard,FR,10000,0
5753,34,133,459,premium,MA,10000,0
13744,40,237,367,premium,MA,5000,0
2339,41,149,648,standard,DE,5000,1
8045,22,1,376,standard,DE,10000,1
7648,58,149,547,premium,GB,10000,1
14258,43,174,760,premium,MA,10000,0
7698,62,165,487,standard,DE,5000,0
13122,71,135,332,pro,GB,5000,0
7717,29,160,759,standard,FR,5000,1
14784,65,121,393,premium,MA,5000,1
6698,71,112,761,premium,MA,10000,0
2658,73,81,528,standard,MA,10000,0
14119,55,121,307,standard,MA,10000,1
2648,32,25,663,standard,MA,10000,1
286,24,127,768,standard,MA,10000,2
1346,57,107,732,standard,MA,20000,0
6045,19,184,617,standard,FR,50000,0
296,51,151,627,premium,MA,10000,0
1608,48,66,430,standard,MA,5000,0
10409,57,103,450,standard,FR,5000,1
13764,19,135,478,premium,ES,5000,0
5390,70,120,671,standard,MA,5000,0
2904,60,148,370,pro,ES,5000,0
4446,22,76,356,pro,MA,20000,0
14239,49,70,609,pro,MA,5000,0
3775,60,222,512,pro,ES,20000,0
11888,71,133,689,pro,FR,5000,0
1056,44,222,662,standard,ES,10000,1
5583,68,5,517,standard,DE,5000,0
3324,54,54,416,premium,MA,5000,0
3784,43,74,595,standard,MA,10000,1
5480,32,30,546,standard,MA,20000,2
5020,65,192,364,standard,MA,10000,0
13626,27,25,529,premium,FR,5000,0
4797,35,118,620,premium,FR,10000,0
7168,30,82,514,standard,DE,5000,1
13227,35,15,837,premium,MA,5000,0
6569,26,157,414,standard,MA,20000,0
4607,52,133,434,premium,MA,20000,0
2306,56,81,325,standard,MA,10000,0
6778,22,78,671,standard,MA,5000,1
11390,23,145,564,standard,FR,5000,0
7463,64,54,730,premium,GB,10000,0
11259,54,123,659,standard,MA,5000,1
5027,46,17,710,standard,FR,5000,2
12509,19,14,816,premium,FR,50000,0
5263,34,4,548,premium,FR,5000,0
1374,50,126,521,premium,FR,50000,0
10779,58,76,682,premium,ES,10000,0
4146,71,93,585,premium,DE,20000,0
10739,64,62,530,standard,MA,5000,0
7803,61,36,450,premium,MA,5000,0
6443,68,144,683,premium,ES,20000,0
5264,25,121,315,standard,MA,10000,0
14648,33,171,426,standard,FR,10000,0
7702,62,172,440,pro,ES,5000,0
10275,30,86,790,standard,MA,5000,0
14180,25,64,354,standard,ES,10000,0
2635,67,180,321,standard,MA,10000,0
7740,26,52,579,standard,MA,5000,0
4138,59,79,814,pro,MA,10000,0
11281,46,22,451,premium,DE,20000,0
8309,60,177,810,premium,MA,10000,1
8093,71,111,598,standard,ES,10000,0
12241,47,23,448,standard,MA,10000,0
9384,63,91,424,standard,FR,5000,0
9720,44,81,445,standard,MA,20000,0
1181,50,51,779,standard,MA,5000,1
3679,31,103,436,premium,MA,50000,0
9567,32,34,315,premium,MA,10000,0
5728,24,36,634,standard,MA,5000,1
6769,18,217,726,pro,FR,20000,0
12904,29,100,752,standard,MA,10000,1
9040,40,151,407,pro,DE,5000,0
4507,70,193,844,pro,DE,5000,2
5817,64,216,445,pro,DE,20000,0
10390,60,235,383,premium,MA,5000,0
14007,38,105,686,standard,DE,5000,0
1379,39,170,746,standard,MA,10000,0
8123,25,174,311,standard,MA,5000,1
5015,34,124,559,standard,MA,50000,0
10850,52,15,314,standard,FR,10000,1
7996,20,54,437,standard,ES,5000,0
1736,25,230,772,standard,MA,5000,0
4910,44,20,646,standard,MA,10000,1
3168,36,30,746,standard,FR,10000,1
13603,41,35,586,standard,ES,20000,0
2092,18,73,743,standard,ES,10000,0
11841,61,64,809,standard,MA,5000,2
9914,31,172,696,standard,ES,10000,0
8609,28,10,718,standard,MA,5000,1
9511,23,123,432,standard,DE,10000,1
8716,42,108,585,standard,MA,5000,0
2432,48,119,677,standard,MA,20000,0
11218,41,4,347,premium,MA,5000,1
3272,22,163,492,premium,MA,20000,0
4772,46,211,395,standard,MA,20000,0
1429,70,77,380,standard,MA,10000,0
5443,24,214,836,standard,MA,20000,0
4438,51,155,550,standard,FR,5000,1
8003,69,106,476,standard,MA,20000,0
3264,26,205,761,premium,FR,10000,0
5975,46,147,304,premium,MA,50000,1
1359,71,172,414,standard,MA,20000,0
12721,41,113,395,standard,MA,10000,0
9183,55,211,362,standard,MA,10000,0
5204,40,134,764,standard,MA,10000,0
10774,45,159,774,premium,ES,5000,0
11471,72,174,813,standard,FR,10000,0
7569,69,176,568,pro,FR,10000,0
3166,50,59,843,standard,FR,50000,0
2243,33,76,700,standard,MA,10000,0
14538,23,236,573,standard,GB,5000,0
6757,71,79,540,standard,MA,10000,1
14349,47,114,800,standard,FR,5000,0
2616,37,108,565,premium,MA,20000,2
13293,58,25,533,standard,MA,5000,1
6642,20,77,758,standard,MA,10000,0
11039,59,228,480,standard,MA,5000,0
11094,69,135,531,standard,DE,5000,0
4536,18,7,481,pro,MA,5000,0
5538,65,168,378,premium,MA,20000,0
8944,74,28,433,premium,MA,10000,0
587,67,223,517,standard,GB,5000,1
383,21,118,503,standard,DE,5000,0
14102,28,125,371,standard,DE,5000,0
4955,50,19,404,standard,MA,10000,2
1915,53,84,645,premium,MA,20000,0
13992,69,72,549,standard,MA,10000,1
7314,68,189,772,standard,DE,5000,1
7810,24,139,765,standard,DE,10000,0
7246,33,38,410,premium,MA,10000,0
1508,19,65,460,standard,GB,20000,2
5797,58,211,597,standard,MA,5000,0
7652,38,214,847,standard,ES,5000,0
13251,58,178,468,premium,MA,10000,0
11889,32,107,849,premium,MA,5000,0
10745,57,183,663,premium,MA,10000,0
6041,18,104,699,standard,GB,10000,0
6185,67,114,685,premium,FR,10000,0
10190,37,168,405,standard,FR,5000,1
9052,43,35,615,premium,MA,10000,0
4107,40,55,506,standard,MA,5000,1
11411,28,194,778,standard,FR,5000,0
10037,35,28,592,standard,MA,20000,0
14133,25,33,541,standard,FR,20000,0
11052,30,165,511,standard,FR,5000,0
12038,74,206,833,pro,ES,20000,0
10448,32,159,308,standard,MA,10000,0
4068,44,189,551,standard,MA,10000,0
6997,21,234,396,standard,FR,5000,0
5454,30,158,356,premium,FR,5000,0
10517,25,105,610,pro,DE,5000,0
2602,24,193,343,standard,FR,5000,0
9916,50,220,344,pro,MA,50000,0
4666,49,97,682,standard,MA,50000,0
6148,47,197,494,standard,MA,5000,0
3132,44,219,405,standard,MA,5000,0
13068,71,104,642,premium,ES,10000,0
13850,40,214,566,premium,GB,5000,0
7714,37,229,622,premium,FR,10000,0
7322,46,63,540,premium,MA,10000,0
12161,32,112,550,standard,MA,5000,0
2134,25,165,349,premium,ES,5000,0
13186,59,223,398,standard,MA,5000,0
6086,31,127,388,premium,MA,5000,0
8900,31,162,738,standard,MA,5000,0
7303,24,134,602,standard,ES,5000,0
14598,29,223,402,premium,FR,20000,0
8124,20,47,849,standard,MA,5000,0
6625,72,134,529,pro,MA,10000,0
6390,69,14,631,standard,MA,10000,0
12657,39,167,522,premium,ES,20000,0
1163,36,190,780,premium,MA,5000,0
13232,65,129,443,standard,MA,10000,3
242,66,20,784,standard,MA,20000,2
7784,49,14,630,premium,MA,10000,0
2832,70,86,556,premium,MA,5000,0
1987,23,87,831,premium,MA,5000,0
9594,59,223,504,standard,DE,20000,0
4167,25,198,359,premium,MA,10000,0
8760,64,19,466,pro,DE,10000,1
9069,31,32,809,premium,FR,20000,1
5608,51,36,429,standard,ES,10000,0
13343,56,61,409,standard,FR,10000,0
14692,61,94,320,standard,DE,5000,0
9863,67,5,315,standard,FR,10000,0
2889,47,105,830,standard,MA,5000,0
7282,47,222,702,premium,DE,20000,1
13763,38,46,336,standard,MA,5000,0
13376,21,195,359,standard,MA,20000,0
223,34,143,495,standard,FR,5000,0
7568,44,29,442,standard,MA,5000,0
7680,38,89,428,pro,MA,10000,1
11663,44,148,406,premium,FR,5000,0
2744,55,157,517,standard,MA,5000,0
7029,19,73,487,standard,MA,20000,1
6229,44,128,807,standard,FR,10000,1
9048,55,140,371,standard,MA,10000,0
11069,53,98,407,premium,ES,5000,0
13074,36,7,687,standard,GB,10000,0
9359,32,174,701,premium,MA,5000,0
11042,23,54,587,pro,GB,5000,0
8112,36,43,594,premium,MA,5000,1
11027,19,93,707,pro,MA,10000,0
6738,26,58,473,premium,MA,10000,0
5217,58,161,390,standard,MA,20000,1
570,35,17,516,standard,MA,20000,0
9355,35,201,323,premium,MA,5000,0
14832,58,234,734,standard,MA,5000,0
3502,23,132,423,standard,MA,10000,0
8672,45,106,686,standard,ES,5000,0
9306,46,145,827,standard,FR,50000,0
4043,69,75,482,standard,MA,5000,0
14078,59,10,457,standard,MA,10000,0
5225,61,182,479,standard,FR,20000,0
4625,63,162,358,standard,FR,10000,0
10799,52,44,763,pro,MA,10000,0
14342,64,216,440,premium,DE,10000,0
7577,40,223,540,standard,MA,20000,1
11216,22,23,807,pro,MA,5000,0
11739,43,121,799,premium,MA,10000,1
6265,49,185,581,premium,FR,20000,1
6304,25,141,501,premium,ES,10000,0
13288,41,162,498,premium,FR,5000,0
11695,18,122,783,premium,GB,10000,0
1079,53,123,813,premium,MA,50000,0
6162,35,170,568,standard,GB,10000,0
6073,29,94,423,premium,MA,5000,1
10076,42,73,304,standard,DE,10000,0
10853,63,66,796,premium,DE,50000,0
6106,38,192,369,premium,MA,5000,0
9973,66,7,677,premium,MA,5000,0
14561,43,198,828,pro,MA,10000,0
5955,22,1,532,pro,FR,5000,0
7675,26,175,550,standard,MA,10000,0
4933,31,212,558,premium,MA,20000,0
10117,38,171,773,standard,MA,20000,0
8927,19,150,364,standard,ES,20000,0
9342,70,229,468,pro,ES,20000,0
2719,18,184,468,standard,MA,5000,0
7609,66,165,490,standard,ES,20000,0
6027,20,78,400,standard,GB,10000,0
2839,62,91,687,standard,MA,10000,0
14201,71,212,423,standard,FR,20000,1
10725,30,81,698,standard,FR,5000,1
8527,42,239,624,standard,ES,10000,0
3000,50,155,470,premium,MA,5000,2
13830,51,205,500,premium,ES,5000,0
1958,67,198,704,standard,MA,10000,0
10051,20,223,455,standard,MA,10000,0
716,39,20,570,premium,FR,10000,1
8484,49,118,451,standard,MA,20000,0
13445,36,44,393,premium,MA,10000,0
4288,68,21,496,standard,MA,10000,0
8523,29,212,819,standard,MA,20000,0
9657,44,6,800,premium,MA,5000,1
8853,30,141,778,pro,FR,5000,0
14054,37,107,477,premium,MA,50000,0
618,62,157,763,pro,FR,20000,1
5374,24,119,485,standard,FR,5000,0
14532,55,114,823,standard,GB,5000,0
3056,67,63,448,pro,MA,10000,0
5437,68,70,735,pro,ES,20000,0
2464,22,189,473,standard,MA,20000,0
1411,32,223,496,premium,GB,5000,0
14903,50,200,769,pro,MA,5000,0
1303,35,125,401,standard,GB,20000,0
2230,32,1,498,pro,MA,5000,1
72,22,182,606,premium,MA,20000,0
5939,72,99,749,pro,ES,20000,0
2912,71,146,322,standard,FR,20000,0
11638,66,157,337,premium,FR,20000,0
12854,40,231,777,premium,GB,10000,0
10391,65,132,470,standard,MA,20000,0
10376,20,190,469,standard,MA,10000,0
1477,38,136,769,standard,FR,5000,1
11294,29,185,492,premium,MA,5000,0
2917,25,118,596,premium,FR,20000,1
6958,61,168,393,standard,DE,10000,0
3149,26,227,415,standard,MA,5000,0
2650,59,41,798,standard,MA,20000,1
11063,72,102,710,standard,MA,10000,0
1095,28,141,531,premium,DE,10000,0
9842,24,58,515,pro,ES,5000,0
12709,20,94,724,standard,MA,10000,0
14502,34,197,442,premium,MA,10000,0
13740,20,43,410,standard,MA,50000,1
7096,47,33,492,premium,MA,5000,0
2478,20,177,368,standard,FR,10000,0
11660,25,172,355,premium,MA,5000,0
503,73,195,398,premium,DE,20000,0
11221,56,237,390,standard,FR,10000,1
10524,67,177,371,premium,FR,10000,0
12474,47,115,487,standard,DE,10000,0
1431,20,16,668,standard,MA,50000,0
5756,25,2,694,standard,MA,20000,1
1769,51,239,546,standard,MA,10000,0
11356,65,215,603,premium,ES,20000,0
13338,41,143,406,standard,GB,10000,0
6845,51,187,499,standard,FR,5000,0
218,43,34,523,standard,MA,10000,0
14618,53,234,329,standard,FR,10000,0
5429,58,234,598,standard,MA,10000,0
13960,48,147,845,standard,MA,5000,0
14937,54,81,639,premium,FR,20000,0
6667,66,172,410,standard,ES,10000,0
3034,56,66,412,standard,MA,5000,0
3551,31,206,363,standard,GB,20000,2
11985,26,214,343,standard,FR,5000,0
5820,62,236,661,standard,ES,5000,0
7686,69,122,474,standard,MA,10000,0
7627,64,170,444,standard,MA,5000,0
2055,70,138,460,standard,DE,5000,0
519,46,8,561,standard,MA,10000,0
14625,62,93,801,standard,MA,10000,0
11778,32,70,407,standard,MA,20000,0
8337,59,41,353,standard,FR,5000,0
7758,32,237,636,standard,MA,5000,0
13511,63,202,305,standard,DE,5000,0
4722,59,69,518,standard,MA,50000,0
9576,40,106,626,standard,FR,5000,0
10032,57,45,379,standard,MA,10000,1
11544,50,209,646,standard,FR,20000,0
11684,54,109,522,premium,FR,5000,0
6298,56,50,338,standard,MA,50000,0
1617,54,25,429,standard,MA,50000,0
9725,47,64,826,pro,DE,20000,0
8408,19,114,625,standard,DE,20000,0
12465,28,101,336,premium,FR,20000,0
3242,57,42,647,standard,FR,10000,1
5266,60,85,422,standard,ES,5000,0
7640,18,189,603,standard,MA,20000,0
1471,32,224,692,standard,MA,5000,0
9255,30,222,551,premium,ES,5000,0
9514,64,106,456,premium,FR,10000,1
3587,35,120,578,premium,DE,50000,0
11770,41,75,475,standard,FR,5000,0
9669,63,192,571,standard,MA,5000,0
13346,29,20,581,standard,FR,20000,0
6680,63,39,834,premium,MA,20000,0
9603,55,81,465,standard,MA,5000,0
3744,40,207,709,standard,MA,20000,0
4650,46,138,726,standard,GB,10000,0
5738,55,29,676,premium,FR,5000,1
3892,70,31,608,standard,MA,10000,2
6802,27,68,317,premium,MA,5000,0
12906,26,223,490,standard,MA,50000,1
5077,24,202,764,standard,MA,5000,1
1191,58,37,437,standard,MA,5000,0
10817,72,181,459,premium,MA,5000,2
7754,30,206,696,standard,MA,20000,0
9075,59,125,470,standard,MA,10000,0
1753,63,222,722,standard,GB,20000,0
7165,64,159,443,standard,DE,5000,0
4295,53,219,450,standard,ES,10000,1
9755,24,78,684,standard,MA,5000,0
1069,74,24,825,premium,MA,5000,1
2747,52,73,779,standard,GB,10000,0
12353,24,169,653,standard,MA,10000,0
4922,61,188,592,pro,DE,5000,1
14833,20,54,661,premium,MA,5000,0
13902,30,20,537,standard,MA,10000,0
13373,48,175,401,premium,MA,20000,1
9602,46,93,522,standard,MA,5000,0
8977,31,213,301,standard,MA,20000,1
822,19,115,781,standard,MA,20000,0
5274,41,204,437,premium,MA,50000,1
6969,69,148,434,standard,MA,5000,1
329,58,62,407,standard,FR,10000,0
4606,57,199,371,pro,GB,5000,0
3999,56,225,445,standard,MA,5000,0
8487,68,24,777,premium,MA,10000,0
455,34,7,505,standard,MA,20000,0
854,54,18,715,premium,DE,50000,0
1294,62,227,318,standard,FR,10000,0
7738,74,238,487,standard,DE,5000,1
13155,28,43,469,standard,ES,20000,0
9727,67,202,367,standard,MA,10000,0
9743,71,99,717,standard,MA,5000,1
3488,54,29,390,pro,MA,5000,0
881,74,138,415,standard,ES,10000,0
5509,29,153,501,standard,MA,5000,3
11697,64,23,715,standard,MA,50000,0
6504,51,239,396,standard,DE,5000,0
10648,22,66,637,standard,MA,10000,0
3456,71,25,449,standard,MA,50000,0
11566,45,213,436,premium,MA,20000,0
14058,19,209,325,standard,MA,10000,0
4968,32,120,424,standard,MA,5000,0
2003,50,40,628,standard,ES,20000,0
6450,56,42,313,standard,MA,20000,0
11919,38,90,741,standard,MA,5000,0
1997,57,108,644,premium,FR,10000,0
13551,25,167,700,standard,FR,10000,0
4126,18,57,414,standard,MA,5000,0
7834,70,231,489,premium,GB,5000,0
4934,64,60,476,premium,MA,10000,0
3090,35,180,706,standard,ES,5000,0
13753,51,169,396,standard,MA,10000,1
3649,21,42,530,standard,MA,5000,0
11866,68,49,390,standard,ES,5000,1
4044,71,178,710,premium,FR,20000,0
12965,28,222,844,standard,MA,20000,0
5596,43,42,783,standard,ES,5000,0
485,53,205,567,pro,MA,10000,0
2280,50,72,314,premium,MA,5000,0
4130,53,234,791,premium,FR,20000,1
7023,25,72,406,premium,GB,5000,0
2245,64,26,808,premium,FR,10000,0
3067,49,46,626,standard,ES,5000,0
888,44,103,591,pro,DE,20000,0
12614,72,182,644,standard,DE,10000,0
1697,58,235,464,standard,MA,5000,0
6796,18,59,829,standard,FR,20000,0
5855,60,100,444,standard,MA,5000,0
4403,37,127,679,standard,MA,20000,1
435,38,147,453,premium,DE,5000,0
11814,74,211,620,standard,DE,10000,0
13368,40,88,628,standard,DE,5000,0
12897,48,5,353,standard,DE,50000,0
1699,64,54,462,standard,DE,5000,1
500,54,46,735,standard,MA,5000,0
10358,22,163,792,standard,MA,20000,0
14953,73,230,623,pro,DE,5000,0
6020,59,120,787,standard,MA,5000,0
6133,44,18,691,standard,MA,20000,0
6549,54,16,638,premium,MA,10000,0
8711,29,70,578,standard,ES,10000,0
9399,33,121,820,pro,GB,20000,1
10468,45,11,485,standard,FR,10000,0
12207,26,43,387,standard,MA,5000,1
3387,43,26,818,standard,MA,20000,0
1841,29,125,528,standard,ES,20000,0
2831,71,71,762,standard,MA,5000,1
5627,33,23,308,standard,ES,10000,1
1320,54,122,464,standard,MA,20000,0
6290,60,49,573,standard,MA,10000,0
5890,45,50,769,standard,GB,20000,0
14718,18,148,332,premium,FR,10000,0
5478,37,72,686,standard,MA,5000,0
6312,65,75,834,premium,FR,10000,0
4245,68,157,340,standard,ES,10000,0
251,42,22,783,pro,FR,5000,1
13797,33,85,785,pro,MA,20000,1
7381,21,48,696,standard,GB,10000,0
942,45,86,775,standard,MA,5000,1
1495,73,57,644,standard,MA,5000,0
3938,74,99,326,standard,MA,10000,0
5321,24,53,351,standard,FR,20000,0
1607,34,202,365,standard,MA,5000,0
13415,51,101,368,standard,FR,20000,0
2568,69,94,553,standard,MA,10000,0
824,28,50,660,premium,MA,5000,1
1378,50,28,819,standard,DE,20000,1
5116,69,23,507,standard,MA,20000,1
5373,46,210,344,standard,FR,20000,1
12618,71,214,604,premium,MA,5000,0
13995,29,18,511,standard,DE,20000,0
3837,65,171,423,standard,MA,5000,0
10427,56,198,368,standard,MA,10000,0
143,49,44,551,pro,MA,10000,0
14829,61,232,512,standard,MA,10000,0
5081,49,99,512,standard,MA,10000,0
6530,72,154,380,premium,MA,10000,0
10900,64,7,598,standard,MA,50000,0
8060,31,85,817,standard,MA,10000,1
13945,42,106,820,standard,MA,5000,0
3895,34,145,673,standard,MA,5000,0
9193,46,26,799,standard,MA,5000,0
5825,46,79,841,premium,MA,5000,0
2899,45,166,800,standard,MA,10000,0
1552,38,26,397,standard,MA,5000,0
13948,37,155,364,premium,MA,10000,1
10158,35,104,464,standard,ES,5000,0
10988,41,69,847,premium,DE,20000,0
5843,36,81,697,premium,MA,5000,1
9038,27,229,342,premium,MA,10000,0
1539,44,182,597,premium,MA,10000,1
3807,36,123,399,standard,FR,5000,0
7416,27,160,758,standard,ES,10000,1
2276,22,187,701,standard,MA,5000,0
14092,47,46,821,standard,ES,10000,1
6462,30,157,587,pro,DE,20000,0
6387,62,157,385,standard,MA,5000,0
5433,53,166,461,standard,DE,5000,1
233,69,24,816,standard,MA,10000,1
9435,54,140,353,standard,MA,10000,0
6519,60,1,843,premium,GB,5000,0
641,22,133,332,premium,FR,20000,0
7371,40,54,331,premium,MA,10000,0
12385,33,62,816,standard,DE,20000,0
961,30,150,616,standard,ES,5000,0
1724,74,89,481,standard,MA,10000,0
1824,58,99,556,standard,ES,20000,0
10940,57,121,601,premium,MA,20000,0
6557,41,42,842,premium,FR,5000,0
12601,68,213,586,premium,MA,20000,1
10400,64,162,480,premium,ES,5000,0
13703,63,141,577,premium,MA,20000,0
3200,64,155,314,standard,MA,10000,0
6366,57,161,610,standard,MA,5000,0
12330,47,169,614,standard,MA,10000,0
4281,73,222,577,standard,DE,10000,1
313,31,36,488,standard,MA,10000,1
602,63,83,708,pro,MA,10000,0
10001,70,105,692,standard,MA,5000,0
411,32,128,464,pro,FR,50000,0
8986,50,205,790,standard,ES,10000,0
13199,65,237,560,standard,MA,20000,0
1275,34,164,735,standard,GB,20000,1
10630,60,131,762,standard,MA,5000,0
2935,68,191,753,premium,FR,5000,0
186,54,22,752,premium,MA,5000,0
5699,31,70,715,premium,MA,20000,0
4598,66,145,736,pro,MA,10000,1
6996,56,64,838,standard,FR,20000,0
13882,21,212,502,pro,MA,5000,2
2400,63,231,778,standard,MA,10000,0
11035,59,222,462,standard,MA,20000,1
8441,30,54,521,standard,MA,20000,0
7552,29,65,793,standard,MA,20000,0
13630,45,174,456,premium,FR,20000,0
8810,25,200,399,standard,ES,10000,1
9271,61,56,766,standard,DE,10000,1
2300,33,154,811,standard,MA,10000,0
7361,66,211,460,standard,MA,20000,0
720,28,116,589,standard,MA,20000,0
12223,56,87,742,standard,ES,20000,0
1141,73,229,554,premium,MA,20000,1
631,35,15,419,premium,FR,5000,1
9263,45,103,301,standard,MA,20000,0
2238,64,199,774,standard,MA,10000,0
6926,69,204,836,premium,MA,10000,0
1238,24,14,630,premium,FR,10000,0
10619,33,21,344,standard,MA,10000,0
7851,37,62,346,standard,DE,10000,0
1062,51,210,562,standard,MA,20000,0
13602,41,152,676,standard,MA,10000,0
3964,60,145,516,standard,MA,10000,0
11683,25,208,313,standard,GB,5000,0
335,52,104,663,premium,ES,10000,0
4664,34,42,771,premium,DE,10000,3
7215,70,140,735,standard,ES,10000,0
2562,29,158,394,premium,MA,5000,0
7049,28,130,791,pro,MA,5000,0
5040,42,225,802,standard,ES,50000,0
3464,41,59,754,standard,MA,50000,1
1758,29,39,600,standard,MA,5000,1
3161,19,200,686,premium,GB,5000,2
13872,62,232,766,premium,MA,10000,0
4492,65,206,443,standard,DE,5000,1
5401,41,149,791,standard,FR,10000,3
4768,53,58,463,standard,MA,50000,0
1864,40,58,667,premium,ES,20000,1
4,69,177,352,standard,MA,5000,0
3547,66,34,721,premium,MA,10000,0
11999,37,74,593,standard,ES,5000,0
14911,48,49,413,premium,MA,10000,0
9275,39,151,637,standard,MA,5000,0
169,73,130,777,standard,ES,20000,0
1284,62,3,556,standard,MA,10000,1
14522,49,171,735,pro,ES,10000,0
2808,19,107,431,standard,MA,5000,0
12433,42,187,539,standard,MA,20000,0
11822,44,139,701,premium,MA,20000,0
14158,72,1,338,standard,FR,50000,0
14824,19,16,510,pro,MA,20000,0
10274,61,165,560,premium,MA,20000,0
9325,61,155,527,standard,FR,5000,0
2191,50,30,697,standard,DE,5000,1
6103,41,231,615,standard,MA,10000,0
7179,38,231,521,standard,MA,50000,0
12255,43,69,469,pro,DE,10000,0
1638,51,118,393,pro,FR,10000,0
9537,44,54,602,standard,ES,20000,0
10010,29,93,759,premium,MA,10000,0
13558,59,228,523,premium,FR,5000,0
13782,72,171,318,standard,GB,5000,0
6336,34,220,551,standard,MA,10000,0
2317,40,124,347,standard,MA,5000,0
10805,64,184,440,standard,FR,10000,0
5133,68,193,403,standard,MA,5000,0
7365,59,67,377,standard,FR,5000,0
6098,62,111,364,premium,DE,10000,0
4483,72,146,776,standard,GB,10000,1
13742,57,210,375,standard,DE,20000,0
4414,66,31,327,pro,MA,20000,0
165,51,40,582,standard,MA,10000,0
9750,65,191,722,pro,MA,10000,1
10934,38,136,487,standard,ES,10000,0
3146,19,81,573,premium,MA,50000,0
14995,59,4,823,premium,MA,5000,0
11922,55,108,621,standard,FR,20000,0
9606,44,211,754,standard,FR,5000,0
8832,28,80,468,premium,DE,5000,0
12982,26,58,748,standard,MA,5000,0
7937,44,146,398,standard,DE,10000,1
3492,35,201,740,premium,MA,10000,0
236,23,108,312,standard,DE,20000,0
2603,29,221,724,standard,MA,20000,0
1309,29,16,591,pro,MA,10000,1
13159,46,177,461,standard,MA,10000,0
484,25,117,587,premium,DE,10000,0
2233,56,144,434,premium,ES,10000,0
9173,21,188,747,pro,MA,10000,0
2186,32,193,817,standard,MA,5000,1
7515,18,95,724,premium,ES,10000,0
8405,46,167,751,standard,ES,20000,0
6225,35,107,831,standard,FR,5000,0
10771,56,140,782,premium,MA,5000,0
7423,25,139,632,standard,GB,20000,1
14715,50,184,819,premium,MA,10000,0
12481,33,25,813,premium,FR,5000,1
9204,55,173,756,pro,MA,20000,0
5138,26,131,504,standard,MA,20000,0
7206,67,230,447,premium,MA,5000,0
6672,74,175,765,premium,MA,10000,2
95,70,105,567,standard,FR,20000,0
8010,33,222,314,premium,MA,5000,0
7358,35,179,510,standard,MA,5000,0
7945,22,13,627,standard,MA,20000,1
8319,64,96,650,standard,MA,10000,1
9282,51,111,353,pro,MA,10000,1
5771,27,48,749,premium,DE,20000,0
13877,44,160,357,premium,MA,5000,0
4919,25,10,731,standard,MA,20000,0
2155,57,48,351,standard,MA,5000,0
3515,59,213,361,standard,GB,5000,1
5270,23,194,645,premium,MA,10000,0
14909,36,174,613,standard,MA,20000,1
1383,48,102,611,standard,MA,10000,0
11685,54,141,548,standard,MA,5000,0
8930,54,217,752,standard,MA,5000,0
3243,46,97,678,standard,FR,10000,0
5570,38,183,390,standard,MA,5000,1
14074,23,216,763,premium,FR,10000,0
3409,42,229,427,premium,FR,5000,0
12698,18,136,590,pro,MA,10000,0
12850,29,202,673,premium,MA,5000,0
7914,24,17,793,standard,ES,5000,1
9032,40,181,687,premium,ES,5000,0
14510,33,225,771,premium,MA,20000,0
11546,63,118,514,standard,FR,5000,1
5529,50,121,452,premium,MA,20000,0
10141,29,98,738,standard,MA,20000,0
10335,48,43,693,standard,FR,10000,0
5013,39,44,487,standard,MA,10000,0
8463,38,177,569,premium,MA,50000,0
12469,40,185,373,standard,FR,5000,2
13317,52,9,539,standard,ES,10000,0
3543,63,210,700,standard,FR,10000,0
211,73,216,324,premium,MA,10000,0
3541,59,96,620,pro,MA,10000,0
5874,65,90,558,standard,GB,5000,0
1965,53,153,726,pro,MA,10000,1
515,20,58,433,standard,FR,5000,0
11181,50,218,505,standard,FR,5000,0
10851,48,163,339,premium,ES,20000,0
8981,72,209,339,standard,GB,10000,1
1045,63,39,352,pro,FR,5000,0
6917,45,48,718,pro,MA,50000,0
6420,66,209,481,premium,MA,10000,0
2349,34,105,558,premium,FR,20000,0
11740,74,59,543,standard,ES,5000,0
11239,67,117,713,standard,DE,20000,0
8784,41,191,582,standard,DE,5000,0
14354,50,117,482,premium,MA,20000,0
12065,70,189,743,standard,MA,10000,0
14328,20,30,354,standard,MA,50000,0
13985,57,46,573,premium,MA,5000,1
2885,21,227,450,standard,FR,5000,1
339,26,148,703,premium,DE,20000,1
290,57,80,518,premium,MA,10000,0
5140,69,62,370,premium,MA,10000,0
4219,37,233,807,standard,MA,10000,2
12857,37,85,458,standard,MA,5000,0
13028,47,5,379,premium,MA,20000,1
3422,60,47,741,premium,ES,10000,0
9643,34,77,554,premium,FR,5000,0
14419,69,120,657,standard,DE,10000,3
7042,27,163,782,premium,MA,20000,0
1770,66,148,533,standard,FR,5000,0
5141,56,32,460,standard,MA,20000,0
9995,49,215,542,premium,MA,5000,0
3377,26,165,489,standard,FR,10000,0
6058,59,154,635,pro,MA,5000,0
6840,52,171,667,premium,MA,5000,0
12457,42,94,604,standard,MA,20000,0
2906,45,5,541,standard,MA,5000,0
2490,59,31,569,standard,MA,20000,2
2913,38,228,533,premium,FR,10000,0
4036,20,16,761,premium,MA,10000,0
12611,54,78,838,standard,MA,5000,0
8585,72,183,357,standard,ES,5000,0
14888,64,23,385,premium,DE,20000,1
1800,28,193,821,standard,MA,20000,1
1843,50,186,462,premium,MA,10000,0
9683,48,66,598,standard,MA,10000,0
5434,37,200,802,pro,FR,5000,0
13773,19,128,416,premium,FR,50000,0
14639,62,169,589,pro,FR,10000,0
11386,27,28,501,standard,MA,5000,1
8396,27,93,349,premium,GB,5000,0
7955,31,213,718,pro,FR,5000,1
4799,18,132,566,standard,MA,20000,0
3176,73,231,532,premium,MA,10000,0
9742,38,101,721,standard,FR,5000,0
7645,62,152,642,standard,MA,5000,2
4162,18,37,315,standard,FR,5000,0
2116,37,222,681,standard,FR,10000,0
4370,61,143,496,standard,ES,10000,0
3603,72,45,657,standard,MA,5000,0
2738,55,159,595,premium,MA,5000,0
757,74,232,727,premium,DE,5000,0
10092,60,235,608,standard,MA,10000,0
9448,25,130,458,premium,DE,10000,0
2510,23,129,458,standard,MA,10000,1
1515,70,185,818,standard,MA,20000,0
12222,31,130,413,standard,MA,10000,0
11084,72,15,546,standard,MA,5000,0
193,67,167,504,standard,MA,5000,0
1101,27,228,726,standard,MA,20000,0
9480,65,76,800,premium,DE,10000,0
7491,43,208,345,premium,MA,5000,0
5146,70,188,539,standard,DE,10000,0
14242,74,48,635,standard,MA,10000,0
344,58,180,561,premium,GB,5000,1
12919,48,164,842,standard,FR,5000,0
3611,64,1,680,premium,DE,10000,1
3254,48,161,397,standard,MA,10000,0
5428,30,46,357,standard,FR,5000,0
11337,42,10,756,premium,MA,10000,2
12991,54,109,598,premium,FR,10000,1
11976,41,127,708,standard,MA,5000,0
12701,69,190,699,standard,MA,10000,0
9010,18,155,593,pro,MA,10000,0
979,52,95,475,premium,FR,20000,0
9648,63,88,477,premium,ES,5000,1
8129,50,43,613,pro,MA,10000,0
11647,40,232,545,standard,GB,5000,2
53,74,144,521,standard,FR,5000,0
4134,67,197,385,standard,GB,20000,0
9176,38,80,308,standard,FR,5000,0
4643,45,124,669,standard,DE,20000,0
11376,52,48,593,premium,MA,10000,0
11478,30,170,477,standard,DE,10000,0
8676,51,213,321,premium,MA,5000,1
3055,67,225,446,standard,MA,10000,0
12403,39,172,576,premium,MA,10000,0
10227,50,219,765,premium,MA,5000,0
11446,62,83,835,premium,DE,20000,0
14089,54,26,500,standard,FR,50000,0
5779,52,185,613,premium,MA,5000,0
1557,56,218,771,standard,MA,20000,0
10153,62,112,387,standard,MA,5000,0
1473,22,25,814,standard,MA,10000,0
14209,37,184,738,standard,MA,5000,0
12513,35,129,706,premium,ES,5000,0
2083,23,19,448,standard,MA,50000,0
2285,36,18,684,standard,FR,10000,0
5124,60,123,654,premium,ES,5000,0
4320,18,55,752,standard,MA,5000,1
14882,40,177,456,standard,FR,10000,0
9595,67,94,387,standard,MA,5000,1
10939,38,213,780,standard,GB,10000,0
11804,63,118,328,standard,MA,10000,0
483,58,179,761,premium,MA,10000,0
6636,58,229,493,standard,ES,5000,0
5658,64,183,410,standard,MA,5000,2
6773,29,35,767,pro,MA,10000,0
9247,46,157,434,standard,MA,5000,1
4954,20,142,800,standard,MA,20000,0
5398,65,173,641,standard,FR,20000,0
10881,21,130,660,standard,MA,5000,0
5680,37,183,844,standard,MA,5000,1
6427,71,70,561,pro,MA,5000,0
5731,74,16,338,standard,MA,10000,1
1005,25,27,608,standard,GB,5000,0
13060,38,150,588,standard,MA,20000,0
5567,38,178,506,standard,MA,10000,0
4005,37,213,620,standard,MA,5000,1
5076,32,208,446,standard,MA,5000,0
14860,28,38,824,premium,DE,10000,0
332,50,11,541,premium,MA,10000,1
10464,67,174,429,premium,GB,20000,0
10413,21,157,551,pro,MA,10000,0
8891,58,72,503,standard,MA,5000,0
5000,26,220,821,standard,FR,10000,0
6346,58,203,753,standard,MA,10000,0
11650,52,81,523,pro,MA,5000,0
13528,49,188,328,premium,MA,20000,0
6812,61,54,783,premium,MA,10000,0
2786,60,71,517,standard,MA,10000,0
2480,24,81,833,standard,DE,10000,0
13711,58,62,727,standard,MA,10000,0
7746,36,215,461,pro,MA,10000,0
6442,36,223,759,premium,MA,10000,0
5936,39,106,601,standard,ES,20000,1
4539,72,66,651,standard,MA,20000,1
6593,49,219,771,premium,MA,5000,0
1299,74,214,770,pro,DE,10000,1
8136,74,210,745,standard,MA,5000,0
3673,42,52,417,premium,DE,5000,1
12820,21,98,847,standard,DE,5000,2
2073,40,173,541,standard,DE,10000,0
4276,23,125,340,premium,MA,10000,0
2566,28,7,731,standard,MA,10000,2
9274,18,110,549,standard,FR,20000,0
13520,62,11,847,standard,FR,5000,1
11517,25,47,697,standard,ES,5000,0
6811,23,151,484,premium,ES,10000,0
5364,30,159,562,standard,DE,5000,0
14865,39,67,765,standard,MA,5000,0
1321,23,67,529,standard,MA,10000,1
3766,24,212,628,standard,MA,5000,0
10384,36,72,400,standard,MA,20000,0
9928,73,74,313,standard,MA,10000,1
10971,52,233,811,premium,MA,20000,0
1537,25,62,399,pro,MA,10000,0
9850,68,151,365,standard,FR,5000,0
14207,61,180,686,standard,MA,5000,0
8483,52,199,679,standard,FR,10000,1
2473,63,220,516,premium,MA,5000,1
748,35,32,718,standard,MA,50000,0
5623,23,78,391,standard,MA,5000,0
10550,33,123,675,standard,MA,10000,1
10065,62,109,797,standard,MA,10000,0
912,72,153,665,standard,FR,10000,0
12669,65,120,527,standard,MA,5000,1
4456,69,195,439,standard,FR,5000,0
12504,23,14,486,premium,FR,5000,0
11125,57,143,501,pro,MA,10000,0
2737,38,91,499,standard,MA,10000,0
8621,59,114,340,standard,DE,20000,0
8250,29,26,843,pro,DE,5000,0
12830,56,123,323,standard,MA,10000,1
13282,60,97,445,standard,DE,10000,0
554,40,125,380,standard,MA,5000,0
3741,64,173,615,standard,ES,10000,1
7385,54,169,845,standard,MA,5000,0
13838,41,137,823,standard,MA,20000,0
5674,63,121,660,standard,MA,10000,0
11002,47,77,410,premium,DE,5000,0
12050,42,213,808,premium,ES,20000,0
2671,67,235,304,standard,MA,10000,0
1578,35,78,739,standard,DE,10000,0
7967,49,131,811,premium,ES,10000,0
6418,59,63,629,premium,ES,5000,0
12692,34,14,645,standard,FR,10000,1
8528,32,97,346,pro,FR,5000,1
12078,37,65,543,standard,MA,5000,0
13414,35,200,831,standard,MA,20000,0
14634,71,238,585,premium,ES,5000,1
424,36,143,360,standard,FR,10000,0
6670,32,148,671,standard,GB,20000,0
9467,57,23,577,premium,MA,5000,0
12455,59,129,554,premium,FR,5000,0
14508,70,30,779,pro,FR,5000,0
1010,47,167,770,standard,MA,5000,0
4908,28,32,500,premium,MA,10000,1
4434,19,62,732,standard,MA,50000,1
10338,40,98,776,premium,GB,10000,0
37,23,117,435,premium,FR,20000,0
1626,52,143,774,standard,FR,5000,0
7586,69,110,690,pro,ES,20000,0
2798,40,83,655,premium,FR,20000,0
1849,23,198,592,standard,MA,5000,0
5894,62,77,641,pro,MA,10000,0
2489,32,132,692,premium,MA,5000,0
6980,34,70,794,standard,DE,20000,1
9951,58,28,468,standard,MA,10000,0
8525,55,192,557,standard,MA,5000,1
10058,40,186,474,standard,FR,20000,1
11580,19,33,309,standard,MA,10000,0
10872,34,231,762,premium,MA,50000,0
8009,23,71,725,standard,ES,5000,1
7340,27,92,441,premium,MA,5000,1
13172,19,179,484,premium,DE,10000,0
9758,72,111,376,premium,MA,20000,0
4633,26,77,744,standard,MA,10000,1
2137,30,147,708,standard,MA,20000,0
12666,42,90,625,standard,MA,10000,0
12075,29,107,739,standard,ES,20000,0
4267,44,49,339,standard,FR,10000,1
7404,68,188,505,standard,MA,10000,1
12878,72,191,415,standard,ES,5000,0
2521,36,209,569,premium,MA,10000,0
1565,54,36,579,standard,MA,10000,0
11734,51,192,645,standard,MA,10000,0
2681,66,144,439,standard,FR,10000,0
9434,36,58,494,premium,FR,20000,0
5774,36,168,485,standard,MA,20000,1
12208,53,221,552,premium,FR,10000,1
7140,38,154,668,standard,MA,5000,1
4448,52,14,321,standard,FR,5000,0
14210,41,179,534,pro,MA,5000,0
644,49,42,448,standard,ES,20000,1
7078,18,218,407,standard,MA,20000,0
3042,19,45,820,standard,MA,10000,1
11071,22,172,468,pro,MA,20000,1
2861,70,122,408,premium,MA,20000,0
14110,52,27,319,standard,ES,10000,1
13043,23,171,618,standard,MA,10000,0
5783,65,170,679,pro,MA,10000,0
6571,71,201,428,standard,ES,10000,0
12334,73,202,452,standard,MA,20000,0
12852,45,3,551,premium,MA,5000,0
12450,38,78,613,standard,MA,10000,1
13211,74,181,460,standard,MA,10000,0
11499,67,48,792,standard,MA,10000,0
11864,70,2,673,standard,FR,5000,0
1230,44,218,672,pro,MA,10000,0
596,67,1,446,standard,MA,10000,1
5342,44,88,586,standard,FR,5000,0
1206,18,235,707,standard,ES,5000,0
3197,29,24,586,standard,MA,5000,0
2895,44,182,753,standard,MA,5000,1
10494,32,80,477,standard,MA,10000,1
113,36,33,588,premium,MA,5000,0
6726,46,21,376,standard,FR,50000,0
1639,63,115,740,premium,MA,10000,0
5409,64,221,437,standard,ES,20000,0
9311,68,54,652,pro,MA,10000,0
10592,25,142,787,premium,MA,20000,0
6877,62,95,635,standard,MA,5000,0
1421,52,223,486,premium,DE,5000,0
4724,35,84,647,standard,MA,5000,0
14115,58,132,399,standard,MA,10000,0
10987,21,110,388,standard,DE,10000,1
520,72,161,752,standard,MA,20000,0
5697,47,43,664,standard,MA,20000,0
7897,67,57,663,premium,ES,50000,0
3842,66,143,375,standard,MA,10000,0
2475,53,122,748,standard,FR,20000,1
4029,40,109,734,premium,MA,20000,0
5639,48,30,590,standard,GB,10000,0
11460,18,206,553,standard,DE,20000,0
9028,49,28,557,premium,MA,5000,1
7216,40,166,635,standard,FR,10000,0
471,57,151,499,standard,ES,5000,0
9735,25,70,612,standard,MA,20000,1
11222,56,208,412,premium,FR,5000,0
7144,25,226,828,premium,ES,5000,0
8519,34,137,592,standard,MA,20000,1
8048,73,6,824,pro,MA,5000,1
29,63,155,628,premium,FR,10000,0
1315,71,214,378,premium,ES,10000,0
12348,41,227,694,standard,FR,20000,0
1440,34,165,580,premium,MA,10000,0
6907,46,150,334,premium,FR,5000,0
1536,67,237,443,premium,GB,10000,0
7707,60,223,842,standard,MA,5000,0
3873,67,100,520,premium,MA,5000,0
5692,66,49,410,premium,FR,20000,0
8383,59,40,784,standard,DE,10000,1
14034,44,129,699,standard,ES,5000,1
914,72,222,750,standard,FR,50000,0
6888,27,20,694,standard,FR,5000,0
10006,51,157,593,standard,ES,20000,0
2394,27,194,762,standard,FR,10000,0
14968,24,173,440,standard,MA,20000,0
7528,19,108,742,standard,GB,5000,1
7910,23,21,589,standard,MA,10000,0
7671,66,13,328,standard,MA,20000,0
9859,39,221,799,pro,FR,20000,0
1280,73,200,842,pro,MA,20000,1
8866,24,201,658,standard,FR,10000,0
9586,31,208,552,premium,FR,5000,0
14451,72,130,624,standard,MA,10000,0
12177,23,238,849,standard,ES,5000,0
174,62,221,643,standard,FR,5000,0
8801,66,204,361,standard,MA,10000,0
4590,46,90,336,standard,FR,5000,0
553,45,174,576,premium,MA,10000,0
5201,72,149,701,standard,MA,10000,0
129,69,198,306,standard,DE,50000,0
1939,51,181,601,premium,MA,10000,0
14303,63,57,362,standard,FR,10000,2
8805,24,109,433,standard,MA,5000,1
6689,54,196,519,standard,MA,20000,1
8744,50,183,662,standard,MA,10000,0
13382,44,122,651,premium,FR,10000,0
4995,45,130,580,premium,MA,5000,0
7962,24,161,686,standard,GB,5000,0
6531,34,45,792,standard,MA,10000,0
5724,19,144,800,standard,MA,5000,0
9428,67,11,624,standard,MA,50000,0
8395,19,225,313,pro,MA,20000,0
6631,43,95,636,standard,MA,10000,0
3192,65,217,309,premium,MA,20000,0
3198,19,17,797,standard,DE,20000,0
5053,27,143,532,premium,MA,10000,3
10688,66,237,672,standard,FR,10000,0
6206,30,96,580,standard,MA,10000,0
12273,38,146,775,premium,FR,50000,0
7656,29,228,594,standard,DE,5000,0
1544,44,86,726,premium,MA,20000,0
5034,71,33,361,standard,MA,5000,0
8490,28,22,840,standard,FR,10000,0
7223,18,227,345,standard,MA,5000,0
555,38,75,462,premium,ES,5000,1
8613,24,56,439,standard,ES,20000,2
8323,38,117,706,premium,MA,10000,0
4196,39,185,824,standard,MA,10000,0
14523,52,169,510,premium,MA,10000,0
7504,22,186,587,standard,MA,10000,0
7266,63,190,557,standard,MA,20000,0
5378,21,31,445,standard,MA,5000,1
6971,50,121,755,standard,FR,5000,0
12813,74,156,302,standard,MA,10000,1
2620,68,19,545,standard,MA,5000,1
4907,60,27,337,premium,DE,10000,1
9391,43,11,845,standard,MA,5000,0
9641,65,10,821,premium,FR,5000,0
2810,71,119,604,standard,MA,50000,0
1660,26,165,754,pro,DE,10000,2
7162,47,120,349,standard,ES,5000,1
2726,37,116,680,standard,ES,10000,0
1940,72,133,826,standard,MA,10000,0
4054,32,160,611,premium,GB,5000,0
14583,26,105,443,standard,MA,5000,0
8364,71,54,772,premium,MA,10000,0
7473,73,35,607,standard,GB,5000,0
13922,31,199,533,pro,GB,10000,0
4397,29,143,789,standard,GB,5000,0
11178,45,186,431,premium,FR,10000,0
10298,31,141,765,standard,ES,5000,1
6842,24,199,689,pro,MA,10000,0
2524,74,160,810,standard,MA,10000,0
4826,45,4,720,pro,MA,5000,0
1585,25,18,474,premium,MA,10000,0
10947,35,44,514,premium,FR,10000,0
9849,55,51,647,premium,MA,5000,0
149,48,118,568,standard,MA,5000,0
7469,22,102,647,standard,ES,5000,0
13021,53,209,617,standard,FR,10000,1
7862,58,186,440,premium,MA,20000,0
8623,49,201,302,standard,MA,10000,1
6659,27,162,478,standard,MA,5000,0
1698,43,84,751,standard,FR,5000,0
14279,22,116,413,standard,FR,10000,1
13517,59,6,640,standard,MA,5000,1
11842,19,22,657,standard,MA,10000,1
2659,73,152,757,standard,MA,5000,0
548,47,210,635,standard,DE,20000,0
2279,69,128,811,pro,ES,10000,1
3954,19,49,330,standard,GB,5000,0
13307,66,32,506,standard,ES,10000,0
14278,26,122,370,premium,MA,10000,1
1146,51,14,733,standard,MA,5000,0
2820,64,89,677,pro,ES,5000,0
14040,45,219,817,standard,MA,10000,0
1517,31,52,499,premium,GB,10000,2
1879,34,190,430,standard,FR,20000,2
3443,72,220,604,premium,MA,20000,1
6495,24,126,368,standard,MA,5000,1
9295,52,143,609,standard,MA,20000,0
9697,52,90,469,standard,MA,50000,0
14144,61,24,636,premium,MA,5000,0
1845,68,116,499,standard,ES,10000,0
930,24,175,433,premium,FR,5000,1
7561,25,86,330,standard,MA,10000,0
1444,39,12,467,standard,MA,20000,1
9640,68,174,361,standard,DE,10000,0
298,39,221,361,premium,ES,50000,0
3636,68,59,830,premium,FR,10000,0
9338,59,24,709,standard,ES,10000,0
12439,66,70,828,premium,MA,5000,0
6552,38,79,617,standard,ES,50000,0
12827,37,59,358,premium,MA,10000,0
9658,33,150,820,standard,FR,50000,0
10884,38,65,691,premium,MA,10000,0
5394,40,83,605,standard,FR,20000,0
8870,45,64,354,standard,MA,10000,1
13582,33,23,445,standard,MA,10000,1
1424,35,86,467,premium,MA,10000,0
12449,37,157,800,standard,DE,20000,0
11321,25,213,385,standard,MA,5000,0
12989,41,84,505,standard,DE,10000,1
11476,53,174,377,standard,MA,10000,0
120,64,164,306,standard,DE,10000,0
10585,18,204,832,standard,GB,20000,1
3468,20,57,695,premium,MA,10000,0
1042,73,176,792,standard,MA,20000,0
11831,46,51,603,premium,MA,10000,0
7756,44,24,776,standard,FR,20000,0
9797,27,192,349,standard,MA,20000,1
5907,54,105,339,premium,MA,5000,0
8479,59,130,393,standard,ES,20000,1
12679,34,44,652,premium,MA,5000,0
5603,25,199,702,standard,MA,10000,0
7874,54,49,565,premium,ES,20000,0
1023,69,102,837,standard,MA,20000,0
2443,43,94,699,premium,ES,10000,0
12633,21,18,469,premium,GB,5000,0
5097,38,151,500,premium,MA,5000,0
7663,32,214,799,premium,MA,5000,0
8296,68,177,757,standard,MA,10000,1
9896,70,229,532,standard,ES,5000,0
13609,35,55,586,standard,GB,50000,0
7958,70,153,316,pro,FR,10000,0
12466,57,131,574,standard,FR,5000,0
6095,28,108,447,premium,DE,10000,0
433,35,150,746,pro,FR,10000,1
12776,22,173,682,pro,ES,10000,0
9562,41,34,384,standard,MA,5000,0
6990,67,51,689,premium,MA,5000,0
6979,67,82,537,standard,ES,20000,0
4075,32,110,822,premium,MA,20000,0
7047,41,220,333,standard,MA,10000,0
10816,35,113,643,standard,FR,10000,0
14069,65,106,504,standard,MA,5000,1
9395,60,102,830,standard,MA,5000,0
5068,25,100,392,standard,MA,5000,1
6895,69,133,696,standard,MA,10000,0
14238,41,41,432,standard,FR,50000,0
11575,26,120,552,premium,MA,5000,0
3570,18,227,836,standard,MA,10000,0
8212,69,197,468,pro,MA,5000,0
1894,50,21,794,standard,ES,10000,1
1503,50,225,476,standard,MA,5000,0
3934,38,117,405,pro,MA,5000,0
6994,37,68,427,standard,MA,10000,0
8352,73,21,620,standard,MA,10000,0
1090,34,10,712,standard,MA,5000,0
12613,37,192,330,premium,MA,10000,2
1912,39,136,591,standard,MA,10000,0
8945,33,137,511,premium,MA,10000,0
12117,23,187,788,premium,MA,5000,0
2460,59,126,805,pro,MA,10000,0
14633,50,214,391,premium,MA,5000,0
7776,63,121,428,premium,MA,5000,0
1006,20,43,705,standard,DE,5000,0
1768,20,58,629,pro,FR,10000,0
1340,34,49,761,standard,MA,10000,0
3199,22,93,453,standard,FR,5000,0
12755,32,119,695,premium,MA,5000,0
7548,30,113,616,standard,FR,20000,0
12572,44,144,495,premium,ES,5000,0
10812,64,109,744,standard,MA,5000,1
10109,48,9,425,premium,MA,5000,0
7692,62,215,455,standard,MA,5000,0
2379,65,228,635,pro,ES,10000,0
6588,47,7,360,pro,MA,5000,1
952,22,106,346,standard,MA,10000,0
14612,25,129,306,standard,MA,5000,0
11186,50,158,457,standard,MA,50000,0
2154,70,106,487,standard,ES,20000,0
9422,45,121,338,premium,MA,50000,0
10878,62,13,615,standard,FR,5000,0
14727,25,43,711,premium,MA,10000,0
1196,53,69,831,premium,MA,5000,2
13290,57,74,397,premium,MA,50000,0
13756,45,158,811,standard,ES,20000,0
8333,25,44,301,premium,GB,10000,1
7830,54,200,602,standard,GB,5000,0
5996,67,136,732,standard,MA,50000,1
967,24,84,497,pro,ES,5000,0
8692,74,193,761,premium,MA,20000,0
1121,28,131,557,pro,ES,5000,2
5166,52,225,457,pro,DE,5000,0
7387,55,128,840,premium,FR,10000,1
597,59,201,468,standard,FR,20000,1
11351,44,74,846,premium,ES,10000,2
14392,33,158,554,standard,FR,10000,0
13725,56,30,638,premium,MA,10000,0
14675,21,184,355,standard,DE,20000,1
6276,51,63,674,standard,DE,10000,0
13564,49,115,764,pro,GB,5000,0
7235,68,108,798,premium,ES,10000,0
6617,19,65,328,standard,MA,20000,0
13439,72,161,643,premium,FR,5000,2
14787,48,93,454,premium,ES,5000,0
2928,52,62,396,premium,MA,5000,0
4311,69,219,683,premium,MA,10000,0
6525,73,79,542,premium,ES,5000,1
6513,56,30,702,standard,FR,10000,1
2156,70,90,813,premium,GB,5000,0
3843,51,87,465,premium,MA,5000,0
1268,59,2,621,standard,MA,5000,1
237,31,69,366,standard,DE,5000,0
10216,73,159,413,standard,MA,5000,2
14473,47,150,564,standard,MA,50000,0
14914,42,198,308,pro,MA,5000,0
6189,35,162,386,standard,ES,20000,0
5210,38,56,837,premium,MA,10000,0
14305,72,173,714,standard,MA,10000,0
1221,42,23,820,standard,MA,5000,0
14815,51,223,668,premium,MA,5000,2
7332,54,53,822,premium,MA,5000,0
13049,42,145,553,standard,MA,20000,0
8835,22,104,833,standard,MA,10000,0
11802,27,175,785,standard,ES,5000,2
6843,32,133,726,premium,MA,20000,0
12691,28,178,699,standard,MA,5000,2
12926,18,192,327,premium,ES,5000,0
837,40,133,846,premium,MA,5000,1
10536,35,218,740,premium,FR,10000,0
10296,50,222,353,standard,GB,10000,0
8906,21,118,811,pro,ES,50000,0
14332,49,236,509,pro,MA,10000,0
4538,48,161,370,standard,MA,5000,0
3026,64,85,326,standard,MA,5000,2
13002,48,141,556,premium,MA,5000,0
3869,68,64,650,standard,MA,5000,1
13938,43,37,497,standard,FR,50000,0
6809,52,4,700,standard,ES,10000,1
12461,56,185,845,premium,FR,10000,1
11644,18,202,729,premium,DE,10000,0
13233,52,211,832,standard,MA,20000,0
14052,66,226,568,pro,ES,10000,1
9598,35,158,409,standard,FR,10000,0
4708,18,173,605,standard,FR,10000,0
6933,44,55,301,standard,MA,20000,0
9827,64,69,737,standard,GB,20000,0
7918,65,173,333,standard,MA,10000,1
14004,41,35,704,standard,MA,5000,1
14402,54,20,385,premium,MA,5000,1
3351,60,231,699,standard,MA,20000,0
11247,40,105,626,standard,MA,50000,0
9559,61,96,564,standard,MA,20000,0
1271,47,9,703,standard,FR,5000,0
13910,53,121,474,standard,FR,10000,0
14033,49,7,705,premium,MA,20000,0
4363,36,190,509,standard,MA,50000,0
6765,50,129,651,pro,MA,10000,1
5721,22,58,500,standard,MA,10000,0
11933,46,224,459,premium,MA,5000,0
6825,23,111,419,standard,FR,10000,0
121,24,109,568,premium,MA,5000,0
2435,39,109,555,standard,FR,20000,0
2536,18,96,360,premium,ES,20000,1
3754,28,62,379,premium,MA,5000,0
13523,52,16,368,standard,FR,5000,0
9961,59,50,468,standard,MA,5000,0
6167,61,156,534,standard,ES,5000,1
12704,53,114,610,premium,DE,5000,0
3182,55,186,595,premium,FR,10000,0
2991,71,13,411,premium,FR,5000,0
1328,43,52,351,standard,ES,5000,0
8356,36,118,635,premium,MA,5000,0
6064,57,5,479,standard,FR,5000,0
1326,27,102,424,premium,DE,5000,0
7183,53,44,587,premium,MA,10000,0
5791,65,220,571,standard,FR,50000,1
9224,48,151,398,standard,DE,10000,1
2488,57,27,834,standard,MA,5000,2
2067,39,200,497,premium,MA,10000,2
7033,20,231,451,premium,ES,10000,0
9787,70,116,316,standard,MA,10000,1
1344,62,49,392,standard,MA,10000,0
1111,27,32,408,pro,MA,10000,1
5382,70,115,601,premium,MA,20000,1
4002,30,45,767,standard,GB,5000,0
13032,61,14,509,premium,GB,10000,0
2796,39,77,837,premium,FR,5000,0
378,20,129,757,standard,ES,10000,0
5412,72,150,304,pro,MA,20000,0
6273,42,191,517,standard,ES,10000,1
4280,73,149,684,premium,MA,10000,0
12070,58,122,550,premium,FR,10000,1
14359,21,60,568,standard,MA,20000,0
10538,23,77,848,premium,MA,10000,0
2575,43,165,629,standard,MA,10000,0
1500,56,56,355,standard,FR,20000,1
5514,38,134,577,standard,MA,10000,0
12271,57,114,705,premium,FR,10000,1
576,53,176,407,pro,MA,5000,1
2619,40,75,692,premium,MA,50000,1
5580,35,190,609,standard,MA,10000,1
1528,44,96,431,premium,ES,20000,1
8969,53,64,371,standard,MA,5000,0
3734,22,146,553,standard,MA,5000,0
1305,72,173,791,standard,DE,5000,2
12602,20,69,555,pro,FR,20000,0
13168,46,131,532,premium,MA,5000,0
1999,25,179,829,pro,MA,5000,1
13904,36,35,579,standard,FR,5000,0
13952,41,91,454,standard,MA,20000,0
6235,72,170,726,standard,FR,10000,1
1433,69,199,522,standard,FR,10000,0
2577,57,200,613,standard,MA,5000,0
7278,66,181,668,premium,DE,10000,0
4140,40,122,821,standard,MA,10000,0
1463,33,165,427,standard,FR,5000,1
11844,53,210,826,standard,GB,20000,1
11942,56,98,692,premium,ES,20000,0
2516,71,219,557,standard,MA,10000,0
9709,27,143,740,premium,FR,10000,0
2272,62,56,676,standard,MA,10000,0
14901,44,85,725,premium,MA,50000,0
1059,53,154,308,premium,DE,10000,0
4315,29,104,656,standard,ES,10000,0
1809,68,187,496,standard,MA,5000,0
9651,22,200,801,premium,FR,10000,1
14788,23,39,464,standard,FR,10000,0
2859,20,2,627,standard,MA,20000,0
5969,41,88,697,standard,ES,10000,0
5751,55,63,718,premium,MA,10000,0
12924,52,163,418,standard,ES,20000,0
11076,24,202,435,standard,ES,10000,0
11123,59,224,689,premium,MA,5000,1
2877,57,26,674,premium,MA,5000,1
10723,26,60,848,standard,GB,20000,1
8489,37,83,593,standard,MA,10000,0
14199,59,187,670,premium,FR,10000,1
12998,67,69,481,standard,DE,20000,0
4623,40,28,572,premium,MA,10000,0
9418,30,172,709,standard,FR,5000,0
12388,58,83,327,standard,DE,5000,0
12871,35,93,623,premium,MA,10000,0
4513,30,85,396,pro,MA,10000,0
10549,50,127,437,premium,MA,5000,0
12043,70,165,487,standard,FR,10000,0
1105,45,31,357,standard,FR,50000,1
8677,45,161,396,pro,MA,5000,0
12772,73,4,391,standard,MA,20000,1
7541,65,84,592,standard,MA,10000,0
2881,52,130,410,premium,GB,10000,0
11511,21,104,677,standard,MA,5000,1
1550,70,118,815,premium,FR,5000,0
12463,56,14,392,premium,FR,10000,0
13641,33,24,512,standard,FR,5000,2
3159,53,10,375,standard,FR,20000,0
8718,19,175,301,standard,MA,5000,0
7985,52,74,679,premium,ES,10000,0
5690,29,5,475,standard,FR,5000,0
6881,26,198,458,premium,MA,5000,1
13747,24,87,584,standard,MA,5000,0
13010,60,38,689,standard,MA,10000,0
5254,34,55,775,premium,DE,20000,1
6,52,182,653,premium,ES,10000,0
8173,64,199,672,standard,MA,10000,0
9783,64,1,542,standard,FR,5000,0
111,59,69,573,standard,MA,20000,1
2643,69,66,642,standard,FR,5000,0
6991,56,12,562,pro,MA,20000,0
6283,51,229,771,premium,FR,20000,0
14496,33,106,485,standard,DE,5000,0
9296,54,119,643,standard,FR,20000,0
2106,58,196,587,standard,MA,20000,3
6487,23,57,639,standard,MA,5000,0
21,56,117,415,pro,MA,5000,0
9579,59,78,662,standard,MA,10000,0
14366,35,42,607,pro,MA,10000,0
3923,25,179,672,premium,FR,5000,0
272,24,206,394,standard,GB,5000,1
10223,23,80,572,standard,DE,10000,0
2361,57,64,304,standard,ES,10000,1
3046,33,236,502,standard,FR,20000,0
11401,52,10,478,standard,MA,5000,0
3249,60,85,749,standard,FR,20000,0
8860,27,172,550,premium,MA,10000,1
4180,55,24,720,standard,ES,5000,0
14228,35,54,809,premium,DE,5000,0
11001,20,204,312,standard,MA,10000,0
14780,30,98,775,premium,MA,20000,1
13545,28,122,427,premium,MA,5000,0
1593,54,117,769,premium,ES,10000,1
11379,40,171,761,standard,MA,10000,1
14107,54,89,467,standard,FR,5000,0
7755,21,147,787,pro,MA,10000,2
11182,52,161,487,premium,MA,10000,0
12393,67,120,345,premium,FR,5000,0
5641,55,114,459,premium,MA,5000,0
13663,69,89,438,premium,FR,5000,0
4255,62,62,834,premium,FR,20000,0
2638,45,225,336,pro,FR,10000,0
6142,68,127,692,standard,MA,5000,1
13356,19,85,677,premium,MA,5000,0
76,48,200,605,standard,MA,10000,0
12884,62,23,619,premium,GB,10000,0
5561,19,87,786,standard,MA,10000,0
13844,24,160,532,premium,MA,20000,0
2672,72,73,635,standard,FR,20000,1
5262,42,152,792,premium,FR,10000,0
2476,43,168,331,standard,ES,5000,0
9734,70,130,663,standard,MA,5000,0
12091,59,205,625,standard,MA,20000,2
12305,67,17,393,standard,MA,10000,0
11641,22,231,395,standard,MA,5000,0
8426,33,196,443,standard,MA,5000,1
1553,45,116,450,premium,MA,20000,0
5043,25,212,372,standard,MA,5000,1
13379,43,139,535,standard,DE,10000,1
7719,64,145,829,standard,DE,50000,1
11703,19,202,770,standard,MA,5000,1
5500,74,123,650,premium,MA,5000,0
9736,21,45,593,premium,MA,10000,0
13138,32,69,400,standard,MA,10000,0
3065,45,3,452,pro,FR,10000,0
4710,19,81,546,standard,FR,50000,0
14597,18,230,525,standard,MA,5000,1
10690,70,42,481,standard,FR,5000,0
9420,33,210,450,premium,DE,10000,1
11156,49,82,840,standard,MA,5000,0
8016,72,213,530,premium,ES,5000,0
5174,59,84,600,standard,MA,5000,0
13366,18,94,403,standard,FR,20000,0
1277,52,10,437,standard,ES,5000,0
13954,43,107,692,standard,DE,50000,1
6176,70,65,417,standard,GB,5000,1
11223,74,183,304,premium,MA,10000,0
982,58,209,572,standard,MA,10000,0
595,47,103,690,standard,DE,50000,1
9717,35,232,472,standard,MA,20000,0
14468,18,60,799,standard,DE,5000,0
5866,47,212,730,standard,MA,20000,0
13963,74,64,401,standard,FR,20000,0
8089,50,139,551,premium,ES,10000,1
4946,37,165,644,standard,MA,5000,0
2145,30,227,583,standard,MA,10000,0
12545,64,143,491,standard,FR,20000,0
13664,61,33,513,standard,DE,5000,0
8876,34,149,432,standard,DE,5000,0
14575,55,75,718,standard,MA,10000,0
1591,53,128,339,pro,GB,5000,0
13423,55,145,824,standard,ES,20000,0
5530,49,51,773,pro,FR,20000,0
955,51,226,513,standard,FR,10000,0
6649,41,126,318,pro,MA,20000,0
6984,71,21,497,standard,ES,5000,0
5350,46,110,530,standard,MA,50000,1
13980,24,147,679,standard,MA,20000,0
14689,71,199,586,premium,FR,20000,0
11014,25,33,428,premium,MA,10000,0
14188,30,211,763,pro,MA,5000,0
5611,43,87,795,standard,FR,5000,1
8132,65,53,431,standard,MA,10000,1
2251,23,215,465,pro,MA,20000,0
437,59,154,794,standard,MA,10000,0
14016,68,143,551,standard,FR,20000,2
6459,44,65,333,standard,MA,10000,0
11763,62,2,823,premium,MA,5000,0
2268,65,1,803,standard,FR,5000,1
1797,18,184,364,premium,ES,10000,0
2001,37,81,555,standard,MA,10000,0
12875,37,13,562,standard,MA,10000,0
11197,53,193,542,standard,MA,20000,0
804,54,92,736,standard,MA,5000,1
4234,31,176,516,premium,GB,5000,0
3133,21,93,348,premium,FR,5000,1
7998,37,167,440,standard,MA,5000,0
598,57,139,637,standard,MA,10000,0
5527,61,225,674,standard,MA,5000,0
5135,71,64,587,pro,FR,5000,0
13967,38,7,540,standard,MA,20000,0
12120,53,190,610,premium,FR,10000,0
10602,56,182,470,premium,FR,20000,0
3107,23,212,381,standard,FR,5000,0
12067,49,36,547,premium,MA,5000,0
1646,64,194,809,standard,MA,20000,0
12501,31,2,395,standard,MA,10000,1
4031,60,55,632,standard,MA,10000,0
864,37,11,435,premium,ES,10000,0
829,72,219,808,premium,FR,10000,0
13474,34,103,681,standard,ES,10000,0
5497,39,205,365,standard,MA,50000,0
2019,22,16,383,standard,MA,10000,0
11074,22,79,538,pro,MA,10000,1
2433,49,80,383,standard,MA,50000,0
8343,21,152,535,standard,FR,20000,0
7281,73,171,610,standard,MA,20000,0
4362,40,228,605,standard,MA,10000,0
9301,28,186,680,standard,MA,20000,1
4110,64,47,788,standard,FR,10000,0
12730,62,160,472,standard,MA,20000,0
1653,36,174,355,premium,MA,5000,0
14136,39,89,390,standard,DE,10000,0
1828,23,220,381,premium,MA,20000,1
12632,41,62,845,standard,ES,10000,1
1281,73,59,405,standard,MA,5000,0
6656,37,43,522,standard,MA,20000,0
12711,48,112,688,standard,MA,10000,0
13327,50,156,777,standard,FR,10000,0
11391,46,231,552,premium,MA,20000,0
12977,20,114,756,standard,FR,20000,0
13908,57,214,408,standard,MA,5000,1
4091,25,150,518,standard,MA,20000,0
14480,38,170,824,standard,ES,10000,0
5671,56,222,438,standard,FR,5000,0
3144,30,37,630,standard,DE,20000,0
6864,26,131,625,standard,MA,50000,0
492,70,141,332,standard,MA,10000,1
11462,71,9,384,premium,MA,20000,0
9393,45,220,809,standard,ES,5000,0
13825,30,191,745,standard,ES,5000,2
7389,57,191,348,standard,MA,50000,1
7670,40,38,469,standard,MA,5000,0
11662,29,227,761,pro,GB,10000,0
10642,62,58,657,standard,GB,5000,2
4452,61,183,617,standard,MA,5000,0
13684,57,38,828,standard,MA,20000,1
4247,56,108,712,pro,ES,10000,1
1125,48,197,422,standard,MA,5000,1
4916,71,181,368,standard,ES,5000,0
10048,31,236,527,standard,FR,10000,1
6051,37,149,691,standard,DE,5000,1
7210,42,42,446,standard,FR,5000,0
3172,54,34,818,standard,FR,20000,0
8488,46,24,319,pro,ES,5000,0
13672,72,74,704,standard,MA,10000,0
4083,31,204,315,premium,MA,20000,0
6018,28,69,309,standard,ES,10000,0
6101,69,204,651,standard,MA,5000,0
6209,72,143,762,standard,MA,20000,0
2992,26,231,763,standard,FR,10000,0
2472,38,162,409,standard,MA,5000,0
12908,20,220,343,standard,MA,5000,1
3062,58,88,410,standard,MA,10000,0
5380,52,24,731,premium,FR,50000,1
13927,27,9,558,premium,FR,10000,0
6645,65,153,793,pro,ES,10000,0
7119,27,77,426,premium,MA,5000,1
8818,40,146,407,premium,MA,5000,0
682,71,53,641,premium,MA,5000,0
7762,30,73,843,standard,MA,10000,0
11357,28,168,407,standard,FR,5000,0
6828,68,36,322,standard,MA,20000,1
5806,53,186,741,standard,MA,5000,0
991,24,46,569,standard,FR,10000,2
10446,58,90,334,premium,MA,5000,1
2714,34,177,668,standard,ES,20000,0
2666,52,108,634,premium,FR,10000,1
10201,34,84,647,standard,MA,5000,0
2372,26,136,601,standard,MA,10000,0
6533,36,164,345,standard,FR,20000,0
1525,61,143,307,standard,MA,5000,0
10103,63,44,412,premium,DE,10000,0
10237,31,90,306,premium,ES,20000,1
9993,56,94,456,premium,MA,10000,0
7369,51,11,402,standard,FR,20000,0
968,39,52,773,standard,MA,10000,1
2553,42,31,610,standard,FR,5000,0
11128,48,92,345,standard,MA,10000,0
10231,62,216,310,standard,MA,10000,0
9416,45,221,808,standard,GB,20000,0
11066,68,209,737,standard,ES,10000,0
1702,31,175,474,standard,MA,10000,2
11527,20,28,345,premium,ES,5000,1
13722,38,113,649,standard,DE,20000,0
12150,67,57,614,premium,MA,20000,1
7696,31,76,435,standard,FR,20000,0
8400,39,120,830,standard,MA,10000,1
1425,51,12,699,standard,FR,10000,1
877,28,197,816,premium,MA,20000,1
11998,66,218,562,premium,MA,5000,0
1658,38,187,430,standard,MA,50000,0
13917,27,27,500,premium,MA,20000,0
162,40,30,597,standard,MA,10000,0
2413,46,43,341,pro,FR,10000,0
14120,69,113,620,standard,FR,10000,0
12427,41,226,544,standard,MA,5000,0
11384,38,129,743,premium,MA,50000,2
12079,33,186,453,premium,MA,5000,1
10005,37,219,420,standard,DE,10000,0
12074,38,42,811,premium,FR,20000,0
2997,39,164,650,premium,MA,5000,0
3716,43,17,736,premium,MA,20000,1
6139,59,88,442,standard,MA,5000,1
11269,56,117,581,standard,MA,10000,0
7589,21,23,801,standard,FR,5000,0
4231,73,26,431,standard,DE,5000,0
8213,63,77,328,standard,MA,50000,0
2962,47,21,579,standard,GB,5000,0
7604,57,7,424,standard,MA,5000,1
8511,54,107,392,standard,MA,5000,0
1558,26,237,603,pro,MA,5000,0
5524,37,24,619,premium,FR,5000,0
14477,18,9,575,standard,MA,10000,0
14200,24,171,689,standard,MA,20000,0
2552,65,105,374,standard,ES,10000,0
13590,29,238,456,standard,FR,5000,0
6862,19,13,573,standard,MA,5000,0
6019,47,57,509,standard,GB,20000,0
6983,30,18,300,premium,MA,10000,0
3280,32,202,726,premium,DE,5000,0
4368,32,214,778,standard,DE,10000,0
12643,47,216,806,standard,FR,20000,0
1710,39,122,613,standard,MA,10000,0
10593,68,196,481,standard,MA,5000,0
6196,21,140,520,standard,FR,5000,0
10316,37,211,641,premium,MA,20000,1
11765,71,134,765,premium,MA,5000,0
13524,45,131,590,premium,MA,5000,2
5754,52,152,698,premium,MA,20000,0
6091,28,63,602,standard,FR,5000,1
4416,73,224,393,standard,GB,20000,0
9413,25,151,732,standard,MA,10000,0
5543,31,114,622,premium,ES,20000,1
2901,49,167,766,standard,MA,10000,1
3672,64,185,827,standard,MA,10000,0
7396,22,169,665,pro,MA,10000,0
3859,51,203,509,standard,FR,5000,0
10830,20,235,463,standard,MA,10000,0
9765,57,208,646,premium,MA,5000,0
8885,69,211,782,standard,FR,10000,1
10074,68,203,841,standard,MA,50000,0
6664,43,52,438,standard,MA,5000,0
9059,26,63,327,standard,MA,5000,2
8867,19,209,361,premium,MA,5000,0
13733,32,57,459,pro,ES,10000,0
10752,60,17,551,premium,FR,10000,0
12528,18,149,389,standard,FR,20000,0
3932,61,152,849,standard,ES,20000,0
7969,69,129,487,standard,MA,5000,0
9868,42,94,451,pro,GB,5000,0
6938,59,10,584,premium,MA,5000,1
3467,71,84,403,premium,MA,20000,1
12696,70,81,608,standard,MA,10000,0
8580,61,103,706,pro,MA,5000,0
13814,56,88,559,standard,GB,5000,0
9235,64,43,747,standard,MA,5000,1
405,43,202,759,standard,MA,20000,0
4272,67,203,671,standard,MA,10000,0
1306,60,196,845,premium,MA,10000,1
7020,72,237,452,premium,GB,5000,1
10618,26,87,784,pro,DE,5000,0
7496,70,231,649,premium,MA,10000,0
6537,73,217,314,standard,FR,10000,1
9791,41,109,759,standard,MA,10000,0
12023,48,143,521,premium,MA,5000,1
3222,21,149,611,standard,MA,10000,0
521,56,210,373,standard,GB,50000,0
7255,43,91,330,standard,FR,5000,0
8664,40,60,521,standard,ES,20000,1
10443,64,13,504,pro,MA,10000,1
3831,64,30,793,standard,FR,5000,0
8687,19,10,786,standard,ES,10000,0
12849,50,4,472,pro,MA,20000,1
11292,21,139,705,standard,ES,5000,0
1723,54,144,321,premium,MA,5000,0
14704,18,105,325,premium,MA,10000,0
2456,41,21,405,standard,MA,10000,0
6597,32,60,650,premium,FR,20000,0
2384,20,239,812,standard,MA,10000,0
14652,53,139,379,standard,MA,5000,0
5179,24,39,564,standard,FR,10000,0
13923,73,52,705,premium,MA,5000,0
2892,61,92,775,standard,MA,5000,0
6093,20,180,378,premium,MA,5000,0
2721,45,131,832,standard,MA,10000,1
14849,30,21,681,standard,FR,50000,0
2195,33,15,832,standard,FR,10000,0
4528,50,28,404,standard,MA,20000,0
4725,60,167,607,standard,MA,10000,0
7146,32,176,742,premium,DE,10000,0
6006,46,18,692,standard,MA,5000,2
896,44,138,444,standard,MA,20000,0
5045,63,229,845,standard,ES,5000,0
13974,44,83,397,standard,ES,20000,1
7742,32,170,324,premium,MA,10000,0
10325,55,210,372,standard,GB,20000,2
5200,65,219,430,pro,GB,10000,0
10768,37,43,363,pro,FR,5000,0
8391,68,101,465,standard,DE,5000,0
1436,44,110,549,standard,MA,5000,0
1009,67,35,798,pro,GB,5000,0
1399,59,112,700,standard,MA,10000,0
928,58,109,628,standard,FR,5000,1
2963,33,13,765,standard,MA,5000,0
1570,29,22,788,standard,ES,5000,0
4203,45,20,638,premium,DE,10000,0
3850,19,37,660,standard,DE,20000,0
13235,43,38,714,standard,MA,10000,0
7722,61,1,597,standard,MA,10000,0
11322,41,190,819,standard,ES,10000,0
8761,23,180,394,premium,MA,20000,0
2046,72,147,792,standard,MA,5000,0
7414,41,92,366,standard,MA,20000,0
2032,36,192,615,premium,MA,5000,0
14641,26,70,409,standard,MA,5000,1
7994,53,65,782,premium,FR,5000,1
4882,70,172,721,standard,MA,20000,0
9751,31,119,799,standard,MA,10000,0
11792,71,187,383,premium,MA,5000,0
4144,25,3,391,standard,MA,5000,0
2059,36,160,385,standard,FR,5000,0
13845,59,160,384,standard,MA,10000,0
14940,32,53,666,premium,MA,5000,1
2461,27,156,738,standard,DE,5000,0
9201,23,106,847,standard,DE,20000,0
12186,30,207,541,pro,FR,10000,0
5348,43,178,502,standard,MA,5000,0
9016,34,144,604,standard,MA,10000,0
9446,54,25,474,standard,FR,10000,0
7430,37,155,420,premium,MA,5000,0
6097,72,234,633,standard,FR,10000,1
1027,65,52,791,premium,MA,5000,0
10212,36,93,787,standard,MA,5000,0
1749,36,216,669,pro,MA,5000,0
403,32,153,771,standard,MA,5000,0
11850,53,52,764,standard,MA,20000,0
12668,34,193,825,standard,FR,5000,0
10342,48,54,822,standard,FR,20000,1
614,63,219,563,pro,ES,20000,0
13804,51,125,791,standard,FR,10000,0
8908,18,128,832,premium,DE,5000,1
12275,62,64,792,standard,DE,5000,0
9073,34,28,503,standard,MA,5000,0
14071,49,187,766,standard,FR,50000,1
11896,51,53,503,standard,MA,50000,0
674,60,228,613,standard,FR,20000,0
6766,26,167,739,premium,FR,10000,0
4149,57,138,754,pro,MA,50000,0
13105,46,100,566,premium,MA,20000,0
119,48,237,733,standard,FR,20000,0
7445,46,142,685,pro,MA,10000,0
10254,44,91,309,standard,MA,20000,1
9553,23,144,805,standard,FR,5000,1
12169,73,176,809,standard,DE,5000,0
7460,37,113,549,standard,MA,5000,0
10246,47,65,606,standard,ES,10000,0
883,60,177,671,standard,MA,20000,0
691,38,176,529,standard,MA,10000,0
6602,64,77,509,standard,ES,10000,2
5190,41,57,550,standard,MA,10000,0
10708,26,205,847,pro,GB,5000,1
1920,29,1,815,premium,MA,5000,0
9179,24,98,355,premium,FR,20000,0
516,64,160,660,standard,ES,50000,1
13621,52,28,612,standard,MA,10000,1
12244,48,51,415,pro,FR,20000,1
13969,53,141,643,premium,MA,20000,0
294,45,182,816,standard,MA,5000,0
7697,56,102,456,standard,ES,5000,1
6502,24,17,320,standard,GB,5000,0
3338,32,212,598,premium,MA,5000,0
2806,56,198,539,premium,MA,10000,0
14124,54,218,341,premium,MA,10000,0
1859,30,18,430,standard,MA,10000,0
6570,56,50,389,premium,MA,10000,0
2755,58,73,579,standard,DE,5000,0
1886,54,238,632,pro,FR,10000,0
14093,29,211,400,standard,MA,10000,0
6419,68,100,688,standard,MA,10000,0
12954,41,208,731,standard,FR,20000,0
9267,49,143,549,pro,DE,10000,2
1512,34,60,740,premium,FR,10000,0
2594,61,96,785,standard,FR,10000,0
7454,23,64,440,standard,MA,20000,0
3760,29,231,599,pro,FR,10000,0
12412,30,199,572,pro,MA,10000,0
9519,20,101,369,premium,GB,20000,0
7492,73,77,811,standard,MA,10000,0
4691,42,1,708,standard,FR,5000,0
13463,57,140,788,standard,MA,10000,0
5033,63,172,401,premium,MA,5000,0
1881,71,136,327,standard,DE,5000,0
7780,73,132,391,standard,ES,5000,0
12148,55,211,352,premium,MA,20000,1
1704,48,190,585,standard,FR,10000,0
7951,48,84,811,standard,GB,10000,1
5926,73,214,777,standard,MA,20000,0
8192,29,149,520,standard,MA,10000,0
438,18,155,302,standard,MA,20000,0
3096,36,62,466,premium,ES,10000,0
2695,39,64,773,premium,MA,5000,0
1123,30,197,661,standard,DE,10000,0
718,22,171,772,premium,MA,50000,0
6208,45,35,780,standard,MA,20000,0
14129,62,2,729,premium,MA,20000,1
7360,49,40,834,standard,MA,10000,1
7116,59,150,416,standard,DE,5000,1
3922,19,28,594,standard,MA,10000,0
1622,44,172,323,standard,MA,10000,1
2431,65,197,601,standard,MA,5000,0
7214,49,49,763,standard,FR,10000,0
8350,30,21,395,premium,ES,20000,0
10100,45,180,439,premium,MA,20000,1
10604,65,135,681,standard,DE,20000,0
12700,70,193,452,standard,FR,5000,1
3548,60,127,592,standard,DE,10000,0
14161,70,113,617,premium,FR,20000,1
3459,53,206,475,standard,MA,5000,1
12591,18,175,565,premium,FR,10000,0
10191,44,80,400,standard,MA,10000,0
7367,51,116,836,premium,MA,10000,0
3585,30,125,690,premium,DE,5000,0
10807,50,53,650,standard,GB,20000,1
1832,48,205,733,standard,MA,50000,0
9571,44,110,544,standard,FR,20000,0
3841,57,114,690,premium,MA,5000,0
4389,28,217,768,standard,DE,5000,1
14282,59,149,706,standard,ES,50000,0
13015,36,23,359,pro,MA,20000,0
7931,63,184,552,premium,FR,10000,0
7777,36,197,705,standard,MA,5000,0
9398,54,191,688,pro,ES,5000,0
1858,32,109,407,premium,GB,10000,0
13557,19,223,376,standard,MA,5000,0
14796,36,208,552,standard,MA,10000,0
10800,31,86,563,standard,FR,10000,1
1293,74,209,510,pro,MA,10000,0
2996,34,183,362,standard,DE,10000,0
5482,27,176,591,standard,ES,20000,0
75,20,151,499,pro,MA,10000,0
9542,57,186,636,premium,FR,5000,0
3451,58,119,608,standard,MA,5000,0
4299,32,232,470,standard,MA,10000,0
9621,35,150,478,standard,MA,20000,2
125,27,71,526,standard,MA,10000,0
1986,40,22,547,pro,GB,5000,0
11364,33,207,335,pro,MA,5000,0
13213,63,191,417,premium,FR,20000,0
8448,56,177,561,standard,DE,50000,0
7213,36,17,594,standard,FR,20000,0
6435,70,47,786,standard,DE,5000,0
12170,47,191,658,standard,FR,10000,0
4942,65,59,460,premium,ES,10000,0
13671,71,52,530,premium,DE,50000,0
12785,28,183,655,pro,GB,10000,0
8077,37,220,463,standard,FR,5000,1
14275,44,175,558,standard,MA,20000,0
11748,50,152,722,premium,MA,5000,0
7870,30,70,319,standard,DE,10000,1
794,55,107,575,standard,MA,50000,0
5702,27,71,598,premium,ES,5000,1
10879,37,218,669,standard,FR,5000,0
14694,22,136,557,standard,MA,5000,1
13145,39,156,785,premium,ES,5000,1
13243,54,218,518,premium,MA,5000,0
11777,46,53,673,standard,GB,5000,1
4846,53,59,654,standard,MA,20000,0
14378,53,20,751,standard,MA,50000,0
3184,47,186,762,standard,MA,20000,1
7622,65,121,847,standard,MA,5000,1
8292,51,164,585,standard,MA,10000,0
79,38,150,388,standard,DE,5000,0
10430,57,119,416,pro,MA,10000,0
12467,67,167,540,standard,ES,5000,0
3270,30,32,424,standard,GB,10000,0
219,61,83,701,standard,ES,5000,0
11828,22,172,474,premium,MA,5000,0
5555,30,148,549,standard,FR,10000,0
7372,39,120,726,standard,MA,10000,0
9370,46,52,538,standard,FR,5000,0
2811,54,143,662,premium,FR,10000,1
3362,23,102,446,standard,MA,20000,1
1820,31,188,650,standard,FR,10000,0
2823,30,189,709,standard,MA,5000,0
1823,45,234,589,standard,MA,5000,0
10282,51,73,318,standard,MA,5000,0
2327,35,26,301,premium,FR,5000,0
12331,54,113,633,premium,MA,20000,2
2647,24,202,540,standard,MA,10000,1
12638,47,204,795,standard,FR,10000,0
14376,37,102,695,pro,MA,20000,0
14227,44,138,473,standard,MA,5000,0
14881,36,226,612,standard,MA,10000,1
6868,59,45,414,pro,FR,5000,0
13204,25,97,825,standard,MA,10000,0
5839,20,33,311,premium,MA,5000,0
291,60,125,311,premium,FR,10000,1
3546,48,159,574,premium,MA,20000,1
4181,18,232,782,premium,MA,5000,1
6143,43,149,630,standard,ES,5000,0
12546,62,50,560,premium,MA,5000,0
11672,57,53,769,premium,FR,10000,1
13563,30,230,454,pro,FR,10000,0
10366,44,119,791,premium,MA,10000,1
917,41,79,790,pro,MA,10000,0
7172,65,81,421,standard,ES,5000,0
12451,69,215,428,standard,MA,5000,1
3029,66,206,370,standard,MA,5000,2
5871,40,161,440,premium,MA,5000,0
10414,55,224,572,standard,MA,10000,0
8088,18,229,445,premium,FR,10000,0
325,41,22,752,premium,FR,5000,1
8939,53,119,707,premium,GB,10000,1
13807,63,173,730,standard,FR,5000,0
12187,62,195,511,standard,FR,5000,0
7298,47,156,464,standard,MA,20000,0
7498,42,76,524,premium,FR,5000,2
12913,48,9,468,premium,DE,5000,1
11509,68,219,709,premium,MA,10000,0
8380,60,190,778,standard,FR,20000,0
9915,30,18,334,premium,MA,10000,0
5291,73,29,845,standard,GB,5000,1
7772,28,32,495,premium,MA,5000,0
13573,33,89,585,standard,DE,10000,0
10106,64,68,396,pro,MA,5000,0
12131,56,159,573,premium,MA,20000,0
159,70,35,426,standard,MA,5000,0
4913,29,12,772,standard,MA,10000,0
5137,34,160,301,standard,ES,10000,1
12269,40,14,500,pro,MA,5000,0
7145,44,239,799,standard,ES,20000,0
13209,43,109,502,standard,MA,10000,0
14135,36,215,656,standard,MA,20000,0
2589,40,184,553,standard,MA,10000,0
2833,39,96,551,standard,ES,5000,0
13092,61,90,656,standard,MA,20000,0
1063,34,232,392,standard,MA,10000,1
12973,44,15,590,standard,FR,20000,1
14904,21,136,575,premium,DE,5000,0
3655,70,146,794,standard,FR,5000,1
8946,35,121,533,standard,ES,5000,0
6389,18,107,680,premium,MA,10000,0
1538,35,173,480,standard,FR,10000,0
13679,68,237,747,standard,MA,5000,0
8028,62,141,441,standard,MA,10000,0
6463,53,11,716,standard,FR,20000,2
7154,34,112,695,standard,FR,5000,0
9044,73,37,750,standard,MA,5000,2
11506,31,105,660,standard,DE,10000,0
6440,44,161,560,standard,MA,50000,0
14655,44,7,303,premium,FR,20000,0
851,69,80,799,standard,MA,10000,0
9873,30,84,578,pro,ES,5000,0
12940,38,28,501,standard,FR,20000,1
11869,70,202,507,premium,ES,20000,0
4983,60,51,747,premium,ES,10000,1
11987,46,63,704,standard,GB,5000,0
1445,20,149,485,standard,FR,20000,0
4517,43,132,507,standard,FR,5000,0
2231,29,171,672,premium,MA,5000,0
12302,19,149,561,standard,FR,5000,0
11645,31,136,390,standard,DE,50000,0
374,25,155,335,premium,FR,5000,0
4752,69,179,300,standard,MA,5000,0
1955,39,218,394,standard,FR,20000,0
12264,58,95,779,standard,MA,5000,0
12640,68,149,546,premium,MA,20000,0
2226,64,220,738,standard,MA,5000,0
4584,53,44,328,standard,MA,5000,0
10902,46,37,812,standard,MA,20000,1
3675,23,237,403,pro,MA,5000,0
4401,69,151,786,standard,MA,10000,0
11906,47,112,506,premium,MA,5000,0
13329,44,110,437,premium,FR,5000,0
4335,57,103,343,standard,MA,5000,2
9312,47,159,822,premium,FR,5000,0
4198,44,19,564,standard,FR,20000,1
5105,73,153,711,premium,MA,50000,0
6703,24,4,492,standard,ES,5000,0
11210,66,205,516,standard,MA,5000,0
8773,28,53,592,standard,FR,5000,0
414,58,170,829,premium,FR,10000,0
9229,22,192,336,standard,MA,20000,0
5048,38,194,372,pro,MA,10000,0
2193,44,191,481,pro,GB,20000,1
7341,40,237,584,standard,ES,5000,0
4692,44,56,502,standard,FR,5000,0
5194,69,34,707,standard,MA,5000,0
9819,29,53,675,standard,MA,10000,0
14478,70,47,472,premium,MA,50000,0
9687,50,17,634,standard,MA,5000,2
1679,29,219,633,premium,MA,10000,1
549,67,200,665,pro,MA,5000,0
12540,65,15,373,pro,ES,10000,0
12582,64,230,323,standard,DE,20000,0
14725,39,29,628,standard,MA,20000,0
10823,38,144,538,pro,FR,5000,0
11811,59,164,518,premium,MA,5000,0
10727,57,130,769,standard,FR,20000,0
14156,27,233,303,premium,FR,10000,0
3962,58,120,655,premium,MA,10000,1
5178,49,98,533,standard,MA,5000,0
14139,39,57,426,pro,MA,10000,0
2989,36,83,805,standard,MA,20000,0
715,69,169,520,premium,MA,5000,1
14372,28,215,833,standard,DE,5000,0
14181,37,66,773,standard,ES,10000,1
5704,66,176,513,standard,FR,5000,0
2054,47,85,495,premium,GB,10000,0
8472,69,8,526,premium,MA,20000,1
1197,38,114,360,standard,MA,50000,0
6543,66,146,841,standard,GB,10000,0
4813,57,118,321,standard,MA,10000,0
10052,27,129,710,premium,FR,5000,1
10755,69,49,590,pro,FR,5000,0
11492,20,107,759,standard,ES,5000,0
5234,34,231,412,premium,MA,5000,0
8180,45,65,503,premium,MA,20000,0
11057,43,116,764,standard,MA,10000,0
3486,32,169,481,pro,ES,5000,0
9086,33,35,706,pro,MA,20000,0
3283,52,68,565,standard,ES,10000,1
1227,44,130,593,premium,MA,20000,0
13765,70,121,387,premium,MA,10000,0
14883,59,85,309,pro,MA,10000,0
6034,20,225,628,standard,FR,10000,0
6314,23,116,556,standard,MA,10000,0
9986,41,5,536,pro,MA,5000,0
7961,58,220,572,premium,ES,20000,1
8565,36,124,645,standard,MA,10000,0
9102,20,165,749,standard,DE,5000,0
3594,74,103,657,standard,MA,20000,0
2412,45,182,580,premium,FR,50000,0
13541,23,200,735,standard,ES,10000,0
14765,59,184,339,standard,FR,10000,0
14159,27,99,584,premium,MA,10000,2
6212,64,59,718,standard,MA,10000,1
6866,50,158,787,standard,DE,10000,1
14300,53,157,553,standard,ES,20000,0
5386,21,60,413,standard,FR,10000,2
12584,35,122,464,standard,MA,20000,0
4701,29,178,504,standard,FR,10000,1
9983,44,206,358,standard,DE,10000,1
12310,55,133,698,pro,ES,50000,2
9099,52,158,310,standard,MA,5000,0
7114,21,14,469,standard,FR,5000,0
11839,72,150,466,standard,GB,20000,0
7242,45,72,838,premium,MA,20000,0
7611,70,15,579,standard,MA,10000,0
216,55,35,538,pro,MA,5000,1
7113,46,83,723,standard,MA,10000,1
4252,73,85,412,standard,MA,5000,0
538,57,150,546,premium,MA,20000,0
14491,52,87,421,pro,FR,20000,0
7685,57,236,464,premium,FR,5000,0
8516,33,112,430,standard,MA,50000,0
11485,37,53,446,standard,DE,5000,0
97,73,37,521,premium,MA,10000,0
5665,48,71,361,pro,MA,10000,0
3714,46,50,304,premium,MA,10000,1
11706,42,10,672,premium,FR,5000,0
6960,60,79,302,standard,FR,5000,0
2048,57,171,573,premium,FR,10000,0
10998,61,184,724,premium,FR,10000,0
11620,31,37,485,premium,ES,5000,0
5462,40,88,590,pro,FR,10000,1
7293,65,26,742,premium,FR,5000,1
7974,53,191,743,premium,MA,10000,0
4073,35,161,466,standard,MA,5000,0
2538,25,22,756,premium,FR,10000,1
347,66,14,617,standard,ES,5000,0
11060,46,93,570,premium,MA,20000,0
8331,36,108,540,pro,DE,10000,1
8593,51,221,485,standard,FR,10000,0
3366,18,111,573,standard,MA,10000,0
10149,51,195,499,premium,MA,10000,1
5712,64,187,677,standard,DE,10000,0
5564,51,164,634,standard,ES,10000,1
8847,53,225,793,pro,DE,10000,0
4980,20,196,489,standard,MA,20000,1
2864,42,134,358,standard,FR,10000,0
8538,27,50,498,standard,GB,10000,0
12231,18,124,686,premium,MA,5000,0
9394,49,94,598,standard,MA,20000,1
8423,18,30,399,premium,DE,10000,0
9309,68,113,314,premium,ES,5000,0
4086,68,168,824,standard,FR,20000,0
8501,38,214,656,premium,MA,5000,0
6003,73,199,554,premium,MA,20000,1
2829,51,34,626,standard,ES,50000,0
6354,54,55,329,standard,FR,10000,0
9719,31,26,397,premium,ES,5000,1
2799,40,9,808,standard,ES,10000,0
6944,41,116,350,premium,MA,5000,0
157,28,160,495,standard,MA,5000,0
9680,73,178,432,standard,MA,20000,0
4003,42,20,823,standard,MA,5000,0
3376,19,219,642,standard,MA,10000,0
846,57,195,783,premium,FR,10000,1
11744,23,150,353,premium,MA,10000,0
4391,45,40,335,standard,MA,10000,0
5087,26,16,741,standard,ES,5000,0
4555,68,16,748,standard,MA,5000,1
655,50,105,637,premium,ES,5000,0
4119,27,122,692,standard,MA,5000,0
6033,60,145,637,standard,MA,50000,2
1900,56,184,701,standard,MA,10000,0
8658,51,74,726,standard,FR,10000,0
14529,27,212,619,standard,MA,5000,0
1432,56,184,581,standard,ES,20000,0
1882,31,213,763,standard,MA,5000,0
226,45,11,672,standard,FR,5000,0
2287,36,118,626,standard,MA,5000,0
14761,36,215,371,premium,FR,20000,1
10288,32,177,685,premium,MA,5000,0
9635,56,149,448,standard,MA,50000,0
5725,69,124,409,standard,FR,10000,0
5681,68,182,526,pro,MA,20000,1
11424,30,32,573,pro,DE,10000,0
12443,32,100,715,premium,MA,5000,1
11354,42,163,652,pro,MA,10000,1
7582,36,14,800,standard,FR,10000,0
918,58,104,472,standard,MA,5000,0
8407,61,9,585,standard,MA,5000,2
2440,52,1,438,standard,MA,50000,0
33,32,166,454,standard,MA,10000,1
11436,67,17,306,pro,MA,5000,1
4713,41,53,796,pro,MA,20000,0
5752,67,202,444,standard,MA,5000,0
1050,40,179,348,standard,MA,10000,1
1806,70,23,692,standard,ES,20000,1
2670,33,78,556,pro,FR,10000,0
1946,43,2,327,standard,ES,10000,0
9211,71,126,561,premium,FR,20000,0
12287,32,116,792,pro,DE,10000,0
14028,45,196,717,premium,ES,5000,0
4384,43,35,794,premium,DE,5000,0
698,73,136,683,standard,MA,20000,1
13993,43,55,695,premium,DE,50000,1
2933,74,173,753,standard,DE,5000,0
14863,34,1,766,standard,MA,10000,0
3904,23,6,369,standard,MA,5000,0
957,70,80,598,premium,FR,10000,0
3778,30,103,746,standard,MA,50000,0
3227,47,103,355,premium,FR,10000,0
8572,26,136,592,standard,MA,10000,0
126,60,180,570,standard,ES,10000,0
13691,72,108,798,standard,MA,5000,0
3871,57,184,822,premium,MA,5000,1
12634,61,81,758,premium,MA,20000,0
5625,33,177,648,standard,MA,20000,0
3959,72,227,524,standard,MA,5000,0
10985,26,72,336,standard,ES,5000,0
12660,47,130,828,premium,MA,5000,0
1274,68,50,491,standard,FR,5000,1
13959,60,191,493,standard,MA,10000,0
9261,44,76,781,standard,MA,5000,0
9486,33,56,652,standard,GB,20000,0
7435,51,14,562,premium,MA,10000,0
2215,67,63,487,standard,MA,10000,0
9540,55,73,493,premium,DE,10000,0
2309,68,215,659,premium,DE,10000,1
8581,34,103,525,standard,FR,10000,1
12314,35,94,717,standard,MA,10000,0
8743,23,186,740,standard,MA,5000,0
6316,34,32,355,premium,FR,10000,0
2439,25,1,582,premium,FR,5000,0
1164,45,216,752,premium,MA,10000,0
4023,52,154,430,premium,MA,5000,0
1242,30,156,738,standard,MA,20000,0
11518,71,115,438,standard,MA,10000,1
5891,64,123,731,premium,MA,5000,0
6330,58,21,447,standard,MA,20000,2
5622,67,202,370,standard,DE,50000,0
1848,65,63,471,premium,FR,10000,0
5747,21,174,423,pro,DE,10000,0
599,66,7,554,premium,MA,5000,0
13006,49,111,424,premium,MA,20000,0
2126,59,140,751,standard,MA,10000,1
9917,43,92,624,pro,FR,10000,0
6715,57,83,766,premium,MA,5000,2
8099,60,52,515,pro,MA,10000,0
7555,54,144,465,premium,MA,10000,0
4817,32,183,761,standard,MA,20000,1
1229,51,47,802,premium,ES,5000,0
5932,24,54,680,standard,MA,5000,1
6661,26,94,438,standard,FR,5000,0
10546,48,215,482,standard,MA,10000,0
10714,56,98,777,standard,FR,5000,0
2652,44,46,523,standard,MA,10000,2
4654,41,25,357,standard,GB,20000,0
14350,57,79,755,standard,MA,5000,1
6973,47,32,456,standard,MA,5000,0
3068,57,235,504,standard,MA,5000,3
9062,38,174,333,premium,FR,20000,0
3987,24,149,381,pro,MA,5000,1
6548,57,228,345,premium,MA,5000,0
12250,63,178,694,standard,MA,10000,1
6579,62,98,468,standard,MA,10000,0
9481,63,207,779,premium,MA,20000,1
14495,64,228,756,standard,MA,5000,0
4089,58,237,794,standard,FR,50000,0
5606,59,161,737,pro,MA,20000,1
859,62,102,436,standard,GB,10000,0
10997,49,120,704,standard,DE,10000,0
8666,36,205,486,standard,MA,10000,0
10324,62,93,436,premium,GB,5000,1
14019,56,20,692,standard,FR,20000,1
2682,23,134,522,standard,ES,10000,0
10815,46,31,487,standard,MA,5000,0
9000,56,164,746,standard,MA,50000,0
13425,47,158,364,standard,FR,20000,0
7294,50,126,660,premium,MA,5000,1
10989,43,135,318,premium,MA,5000,1
9437,42,135,750,premium,MA,5000,0
4878,21,190,379,standard,MA,5000,0
12072,69,57,582,standard,FR,5000,1
9092,59,7,512,standard,DE,10000,0
7903,43,178,839,premium,MA,20000,0
5214,74,55,688,pro,MA,5000,0
12027,22,31,429,premium,MA,20000,0
5422,59,26,837,standard,DE,5000,0
6558,41,71,641,premium,GB,5000,0
7195,25,95,788,standard,MA,5000,1
13786,47,19,798,premium,DE,50000,0
1248,33,177,764,standard,MA,5000,0
13648,46,233,832,standard,MA,5000,0
13638,60,24,547,premium,FR,5000,0
13876,72,94,627,premium,MA,20000,0
12859,59,66,473,standard,MA,5000,0
5613,37,24,484,premium,MA,5000,0
10596,63,169,815,pro,DE,10000,1
11124,56,28,688,premium,FR,5000,0
5449,37,52,438,premium,FR,20000,2
10470,20,209,805,premium,GB,5000,0
8471,74,80,670,standard,ES,5000,0
3089,67,62,747,standard,FR,10000,1
5,50,189,643,premium,FR,20000,0
7472,32,237,685,standard,MA,10000,0
6282,55,97,616,premium,MA,10000,1
5562,46,124,531,standard,FR,5000,0
6968,34,180,449,premium,ES,5000,0
9800,57,112,619,pro,MA,20000,0
6461,66,23,450,premium,ES,20000,2
9663,44,127,726,standard,MA,50000,1
5551,22,221,628,pro,FR,10000,0
11102,43,13,799,pro,FR,20000,0
443,23,148,377,premium,FR,10000,1
1745,37,57,353,pro,DE,10000,0
13132,44,161,418,standard,ES,5000,0
5301,55,119,487,pro,DE,5000,0
12695,44,146,305,premium,FR,10000,0
10166,40,169,847,standard,FR,5000,0
10433,63,65,413,standard,MA,5000,1
11432,54,193,708,premium,MA,5000,1
8532,33,191,410,standard,MA,10000,1
8514,38,95,548,premium,ES,5000,0
4225,59,141,358,standard,DE,20000,0
5905,55,195,770,standard,MA,10000,0
9297,57,118,522,standard,MA,5000,0
9329,23,166,355,premium,MA,5000,2
7288,44,47,478,standard,GB,10000,0
12740,32,222,624,standard,FR,5000,1
1270,20,94,646,premium,MA,5000,0
1161,69,123,735,standard,ES,10000,0
10529,45,142,493,standard,MA,5000,0
14509,66,88,583,standard,GB,20000,0
9438,27,216,451,pro,ES,10000,0
8665,59,90,567,standard,MA,5000,1
11633,45,94,313,standard,FR,5000,0
4464,32,92,496,standard,MA,5000,0
1611,20,24,499,premium,ES,10000,0
12948,46,142,820,standard,ES,20000,0
11037,35,111,676,standard,MA,10000,0
4744,58,75,827,standard,MA,5000,0
5526,50,167,395,standard,MA,5000,1
9331,20,109,349,premium,ES,5000,0
4328,48,159,425,standard,MA,10000,1
13584,54,23,533,standard,MA,20000,1
11177,27,30,789,standard,ES,20000,0
6413,50,9,325,standard,ES,20000,0
9925,74,103,783,premium,MA,20000,2
14864,27,147,800,standard,MA,20000,0
1654,23,123,607,premium,DE,5000,0
2045,65,80,408,standard,FR,10000,0
2520,71,134,410,standard,MA,5000,1
11766,41,112,525,standard,ES,5000,2
8252,21,93,319,premium,MA,5000,1
10152,36,114,788,premium,ES,10000,1
6191,39,84,509,standard,FR,5000,0
13580,67,17,804,standard,MA,5000,0
5672,70,34,422,standard,FR,5000,0
9347,46,183,507,standard,MA,20000,0
13269,31,7,476,premium,MA,20000,1
4991,35,2,706,standard,MA,5000,0
5219,32,155,489,standard,MA,10000,0
2130,54,118,643,standard,MA,20000,0
13562,34,24,460,standard,MA,10000,2
5840,45,236,627,premium,FR,20000,0
2863,28,164,747,premium,MA,5000,1
8660,44,148,685,premium,FR,5000,0
1032,37,202,410,standard,ES,10000,2
8897,59,168,304,standard,MA,5000,0
6637,52,159,623,standard,MA,5000,0
10009,69,190,791,standard,ES,10000,0
772,57,27,355,standard,MA,10000,1
2259,53,101,617,standard,FR,10000,0
3141,58,213,528,premium,FR,50000,0
9953,37,175,329,premium,ES,5000,0
2771,53,27,389,standard,MA,20000,0
4443,34,239,549,premium,MA,10000,0
3924,49,124,631,premium,MA,20000,0
12118,67,109,510,premium,ES,5000,1
1047,64,55,313,standard,MA,5000,0
315,24,7,408,pro,MA,5000,0
2772,55,234,600,pro,ES,10000,0
5306,22,128,763,standard,FR,20000,1
11161,65,35,364,standard,MA,5000,0
2374,55,1,613,standard,FR,5000,1
12637,25,13,465,pro,FR,50000,1
13402,70,146,365,standard,GB,5000,1
12369,73,151,643,pro,MA,20000,0
11184,37,161,457,premium,MA,10000,0
8439,50,26,390,premium,MA,10000,1
8320,63,108,670,premium,MA,10000,0
1643,20,116,366,premium,MA,5000,0
39,74,70,752,premium,MA,5000,0
11270,72,223,416,pro,ES,10000,0
6113,53,12,841,standard,MA,10000,0
14804,62,88,697,standard,MA,5000,0
2444,65,212,835,standard,ES,50000,1
1542,52,63,506,standard,FR,10000,0
11845,30,173,341,premium,ES,10000,0
4550,38,116,619,standard,MA,10000,0
14619,42,68,593,standard,MA,10000,0
2425,40,193,558,premium,MA,10000,0
13280,52,9,752,standard,FR,20000,1
8034,34,63,485,standard,DE,5000,1
14462,66,51,403,premium,MA,5000,0
6053,30,166,706,premium,FR,10000,0
12608,73,230,688,standard,DE,10000,0
13086,69,239,553,standard,MA,50000,0
11960,69,130,720,pro,MA,5000,0
10825,44,205,749,premium,MA,5000,0
14819,61,35,731,standard,MA,20000,0
1014,57,230,319,standard,MA,10000,0
4736,55,216,632,premium,FR,5000,0
10867,71,189,813,standard,MA,5000,0
14137,53,44,587,premium,MA,10000,0
4597,45,128,311,standard,GB,5000,0
8087,32,83,520,standard,FR,10000,1
7090,55,238,547,standard,MA,20000,0
7873,67,81,592,premium,ES,5000,0
2417,70,214,641,standard,FR,5000,0
8185,49,203,534,premium,MA,5000,0
5995,48,35,613,standard,MA,20000,0
6050,34,77,626,pro,DE,10000,2
8647,66,224,631,premium,FR,10000,0
466,33,121,751,standard,MA,50000,1
1022,72,147,474,standard,MA,20000,0
5223,55,174,420,standard,MA,10000,1
9484,69,168,436,premium,MA,10000,1
1068,51,43,567,standard,MA,10000,0
6441,19,44,733,standard,MA,20000,0
12035,39,77,483,premium,DE,10000,0
12235,27,15,668,standard,GB,20000,0
3943,31,108,333,premium,MA,10000,0
14586,46,237,324,premium,MA,5000,0
4273,31,128,377,standard,MA,5000,0
11973,68,44,742,standard,ES,10000,0
2535,33,226,751,pro,FR,5000,0
10828,72,10,465,standard,ES,5000,0
11062,72,170,696,standard,ES,20000,0
5395,65,125,447,standard,MA,5000,1
9771,34,175,424,standard,ES,20000,1
13367,30,127,408,premium,ES,20000,0
6140,74,74,616,standard,MA,5000,0
2637,27,164,599,standard,MA,10000,0
8699,41,149,569,standard,MA,20000,0
4763,46,77,760,standard,MA,20000,0
5279,48,193,839,standard,FR,10000,0
7593,52,144,592,standard,MA,10000,0
9770,23,219,356,standard,FR,10000,0
12482,49,112,318,premium,FR,5000,0
12232,37,153,686,standard,DE,10000,0
2188,67,199,474,standard,MA,20000,0
12649,54,153,690,premium,MA,20000,0
1541,37,215,314,premium,FR,10000,0
3915,55,117,725,pro,DE,5000,1
13840,45,214,448,standard,MA,10000,0
6157,48,10,651,premium,MA,5000,0
4795,60,16,301,standard,FR,20000,0
1630,62,18,833,standard,FR,20000,0
14856,19,195,497,standard,MA,20000,0
13365,22,111,732,standard,ES,20000,0
10832,33,158,491,standard,FR,5000,2
11846,53,192,449,premium,MA,20000,0
5906,56,78,708,pro,MA,10000,0
10758,65,89,743,premium,DE,10000,1
1937,26,146,653,standard,MA,5000,0
11008,23,103,327,premium,FR,20000,1
14045,39,208,332,standard,MA,10000,0
10230,30,200,533,standard,MA,5000,1
12869,38,14,729,standard,MA,10000,1
7665,31,53,407,premium,MA,5000,0
1874,23,191,478,standard,MA,5000,1
7786,39,206,688,premium,FR,5000,1
11155,48,209,660,standard,FR,10000,0
1623,41,90,693,pro,ES,20000,0
2113,41,196,682,premium,MA,10000,0
361,57,144,831,premium,MA,5000,1
1185,21,79,799,premium,FR,5000,0
1323,26,52,788,standard,MA,10000,1
6976,50,63,691,pro,FR,50000,0
606,42,51,737,standard,FR,10000,0
8107,42,47,645,pro,FR,5000,1
12088,30,224,512,premium,FR,10000,0
10349,54,206,351,standard,FR,10000,1
7034,57,128,386,standard,ES,5000,0
2838,19,186,798,premium,MA,5000,2
7022,48,232,498,standard,FR,20000,1
7015,43,130,519,pro,FR,10000,0
4085,66,237,483,pro,MA,10000,0
4308,52,129,410,premium,DE,10000,0
1174,49,25,632,standard,FR,10000,0
14559,53,147,442,premium,MA,5000,0
7244,50,239,786,standard,ES,5000,1
6194,54,209,722,premium,MA,10000,0
11953,67,142,430,standard,MA,20000,0
2360,59,40,441,standard,DE,5000,0
5278,63,170,805,standard,DE,5000,0
8218,31,206,452,pro,ES,20000,0
10782,20,33,576,premium,FR,10000,0
11324,26,167,549,standard,MA,5000,0
3153,67,11,440,standard,MA,20000,0
14653,46,49,534,standard,MA,20000,0
9049,62,51,312,standard,FR,10000,1
9662,41,93,343,standard,MA,5000,1
9526,61,109,562,pro,MA,5000,0
3224,67,132,777,premium,MA,20000,0
10189,30,171,506,standard,MA,5000,0
1614,71,208,739,standard,MA,10000,0
5003,22,9,821,premium,MA,50000,0
11773,52,203,336,standard,MA,10000,0
6704,68,193,398,standard,MA,20000,0
5358,41,192,674,premium,ES,5000,1
4698,42,187,406,standard,ES,5000,0
1057,73,152,812,standard,MA,5000,1
10194,59,90,381,premium,MA,20000,0
14690,47,168,362,standard,GB,20000,0
7150,47,146,394,premium,MA,20000,0
5952,46,161,505,standard,FR,5000,0
1018,54,223,397,standard,FR,10000,0
11451,53,195,350,standard,MA,5000,1
1778,59,186,802,standard,ES,5000,1
8899,23,26,427,standard,ES,50000,0
14010,65,146,718,premium,MA,5000,0
9980,56,145,602,premium,MA,5000,1
9065,60,213,645,standard,MA,5000,0
14457,45,1,781,standard,MA,10000,0
3413,27,59,390,premium,MA,20000,0
9097,42,215,423,standard,MA,10000,1
14960,30,229,646,standard,MA,10000,0
1334,56,110,829,standard,FR,5000,0
6038,29,170,528,standard,MA,10000,2
14716,32,149,666,premium,GB,10000,1
7612,59,26,442,premium,MA,5000,0
8145,38,235,308,standard,MA,10000,0
13816,54,71,688,standard,MA,5000,0
10793,41,46,846,standard,MA,10000,1
13104,53,101,799,standard,FR,5000,0
10054,34,83,517,standard,DE,20000,0
8168,22,118,304,premium,MA,5000,1
11122,56,53,330,standard,ES,10000,0
10716,68,175,795,standard,GB,5000,0
12821,67,19,451,standard,MA,5000,0
202,37,124,462,pro,MA,20000,0
707,24,172,803,premium,FR,5000,0
2929,30,185,782,standard,FR,20000,0
1905,29,206,713,premium,MA,5000,0
5793,21,181,507,premium,MA,20000,1
5002,58,17,398,pro,MA,20000,1
1173,70,33,816,premium,DE,5000,1
4193,57,112,660,premium,FR,5000,0
10625,71,126,351,premium,MA,5000,0
10490,26,227,764,standard,MA,20000,0
3912,43,137,789,premium,FR,5000,1
12216,33,104,538,premium,MA,20000,0
12674,57,135,739,standard,MA,20000,0
431,59,167,320,standard,MA,10000,1
3231,44,207,483,standard,MA,10000,0
6799,69,156,442,standard,DE,10000,1
2743,46,86,525,standard,FR,10000,0
7923,44,60,651,standard,ES,20000,0
12083,62,88,738,pro,MA,10000,1
13135,44,164,417,premium,MA,20000,0
12057,70,178,343,standard,MA,10000,1
14097,71,1,331,standard,MA,5000,2
8731,46,163,385,standard,FR,5000,0
14541,71,18,689,standard,MA,50000,0
14924,71,84,453,premium,ES,5000,0
9314,46,29,722,standard,FR,20000,1
3179,53,235,542,standard,MA,20000,0
6077,44,30,779,standard,FR,5000,2
1755,71,30,561,standard,MA,5000,0
1787,54,110,526,standard,MA,10000,0
14548,24,66,425,standard,ES,10000,2
5653,28,239,604,premium,MA,10000,0
11494,74,28,760,premium,MA,20000,0
9633,41,166,671,standard,FR,5000,0
12790,33,201,592,standard,FR,20000,0
324,44,50,782,pro,MA,10000,0
12593,61,115,636,premium,ES,5000,0
7349,67,199,644,premium,DE,10000,0
11826,40,54,597,premium,FR,10000,0
8004,35,189,691,standard,MA,10000,0
11423,57,217,462,standard,MA,10000,1
11592,72,148,726,premium,ES,5000,0
14623,36,150,778,premium,DE,5000,1
8214,74,86,475,premium,ES,5000,0
9852,20,22,837,premium,ES,10000,2
12362,69,236,404,standard,MA,5000,0
9806,53,224,801,standard,MA,10000,0
916,36,91,600,standard,DE,5000,0
13158,24,28,374,premium,MA,5000,1
1887,25,56,410,standard,MA,10000,0
9360,53,237,537,premium,ES,10000,1
4121,57,82,692,standard,MA,5000,0
1613,55,164,303,standard,FR,10000,0
5899,28,34,618,standard,FR,10000,0
13485,44,86,541,standard,FR,20000,1
9882,31,224,498,pro,DE,5000,0
14636,74,64,608,premium,DE,10000,0
9698,68,36,815,pro,MA,5000,1
6691,22,13,715,premium,FR,10000,0
9002,69,210,503,standard,MA,20000,1
11781,62,80,847,pro,DE,10000,1
12228,21,159,595,standard,FR,10000,0
4552,43,184,442,standard,MA,5000,0
11884,28,45,730,premium,MA,5000,0
7138,18,21,755,premium,MA,10000,1
10840,38,192,740,standard,MA,10000,0
13644,18,99,659,standard,MA,10000,1
14375,58,222,405,premium,GB,5000,1
6306,56,223,693,premium,MA,20000,0
2105,62,8,453,standard,DE,50000,0
13947,67,135,306,premium,GB,10000,0
13802,39,147,694,pro,MA,5000,0
14385,33,14,491,standard,MA,10000,0
164,47,85,472,premium,ES,20000,1
4206,54,225,670,standard,MA,10000,1
8268,62,229,661,premium,GB,5000,1
562,42,118,430,premium,FR,10000,0
486,24,112,311,premium,MA,5000,1
12731,33,233,721,premium,MA,10000,0
3425,66,169,673,standard,MA,20000,0
12263,59,102,630,standard,MA,5000,0
12300,47,34,825,premium,MA,10000,0
4307,26,52,721,standard,GB,5000,1
13427,56,222,598,standard,MA,10000,0
6912,73,40,672,premium,DE,50000,0
8288,33,99,538,standard,GB,10000,0
9947,35,33,634,premium,MA,10000,0
6356,68,75,720,standard,GB,10000,0
13268,48,119,340,premium,MA,20000,0
8321,32,126,791,premium,MA,10000,0
11229,43,55,444,standard,GB,10000,1
12126,59,133,735,pro,MA,5000,0
12997,26,14,486,standard,FR,50000,0
4648,43,160,776,standard,ES,10000,1
10038,35,106,719,premium,GB,20000,0
4422,35,93,668,standard,MA,20000,0
10732,33,185,612,premium,MA,10000,0
7304,47,143,426,standard,MA,10000,0
5267,62,81,548,standard,MA,10000,1
8813,44,32,622,premium,FR,5000,0
14916,59,113,784,premium,MA,10000,0
13567,56,51,396,premium,MA,20000,0
9675,51,220,497,standard,MA,10000,1
5729,38,212,602,standard,MA,5000,0
8576,27,28,556,premium,ES,10000,0
3525,64,164,649,standard,FR,10000,0
10662,69,221,642,standard,MA,5000,0
7161,47,208,406,standard,MA,5000,0
12882,58,121,372,premium,MA,5000,0
1872,43,237,670,standard,MA,10000,0
11658,71,102,714,standard,FR,10000,0
2173,32,185,832,standard,ES,5000,0
2314,39,193,364,standard,MA,5000,1
11834,27,39,675,standard,FR,50000,2
13248,65,79,811,standard,MA,5000,0
203,31,81,637,standard,MA,5000,0
4970,40,120,398,standard,MA,5000,0
4040,66,179,783,premium,ES,20000,2
7896,66,70,780,premium,MA,5000,0
12261,70,142,366,standard,FR,20000,1
1632,67,25,799,standard,MA,5000,0
13801,29,20,551,standard,GB,10000,0
8329,69,183,646,standard,DE,5000,0
12281,72,174,835,premium,MA,5000,0
8530,72,200,792,standard,ES,10000,0
6683,28,160,621,premium,MA,5000,0
10024,26,225,503,standard,GB,20000,0
14820,62,134,485,standard,FR,5000,0
7759,20,64,838,premium,ES,5000,0
5310,40,156,431,standard,MA,10000,1
13777,57,208,649,standard,MA,5000,1
5050,61,50,337,standard,FR,5000,1
10055,60,170,826,pro,DE,10000,0
9681,46,158,419,premium,GB,5000,1
4367,57,138,848,standard,MA,5000,0
4374,25,52,498,standard,MA,10000,0
3708,71,63,810,premium,MA,5000,1
7518,63,40,843,pro,MA,50000,1
11051,41,76,588,premium,MA,10000,0
320,70,215,372,premium,GB,20000,2
8038,20,146,591,pro,FR,5000,0
400,57,127,326,pro,GB,10000,0
7470,30,238,396,standard,FR,5000,0
2667,66,94,344,standard,MA,5000,0
2713,45,155,605,premium,MA,50000,0
7319,40,139,803,standard,FR,10000,0
2767,37,114,712,standard,MA,20000,0
13193,30,11,502,pro,MA,20000,0
11426,70,133,358,standard,MA,10000,0
14947,50,110,650,standard,FR,10000,0
4008,56,50,331,standard,MA,20000,0
10381,71,58,463,standard,MA,5000,1
4046,49,213,323,standard,DE,5000,0
3728,38,204,552,standard,ES,10000,0
12925,26,43,360,pro,FR,10000,0
4474,66,44,301,standard,MA,20000,0
12808,20,129,432,premium,MA,10000,0
12833,24,99,412,standard,MA,10000,0
14733,49,189,737,standard,MA,50000,0
6476,20,38,339,premium,FR,10000,1
9426,55,52,397,standard,MA,20000,0
8727,27,60,595,standard,FR,20000,2
11173,18,118,585,standard,MA,10000,0
10066,54,26,438,standard,MA,5000,1
11316,71,40,666,standard,ES,10000,0
1819,36,188,779,standard,FR,5000,0
14961,65,105,663,premium,MA,20000,1
2331,57,168,804,premium,ES,5000,1
12164,70,166,743,standard,ES,5000,1
8670,24,183,394,standard,MA,10000,1
3191,70,11,680,standard,MA,5000,1
3217,21,107,379,standard,FR,10000,0
7800,74,123,738,standard,GB,5000,1
4971,63,56,605,pro,FR,10000,1
7562,53,127,578,standard,FR,50000,1
14552,63,177,587,standard,FR,10000,1
1039,29,139,778,standard,FR,5000,1
4300,28,207,765,pro,FR,5000,0
13986,67,46,312,standard,FR,10000,2
12326,50,96,715,standard,ES,10000,0
10511,62,35,833,standard,MA,10000,0
9740,50,38,406,premium,ES,5000,0
1036,63,196,803,standard,GB,20000,2
11,45,221,304,standard,FR,5000,0
5285,48,91,704,premium,FR,20000,0
12110,56,129,787,standard,MA,5000,0
7785,52,22,845,standard,FR,10000,0
539,30,109,521,premium,MA,5000,1
6686,32,212,689,standard,MA,20000,1
2814,33,234,477,standard,MA,10000,2
10951,53,183,485,standard,MA,5000,0
10780,18,14,526,premium,FR,10000,1
10839,68,8,354,standard,MA,10000,0
13362,52,108,594,standard,MA,5000,0
12093,64,93,742,standard,MA,20000,0
12846,44,77,685,standard,MA,10000,1
10912,20,43,507,pro,ES,50000,0
11967,63,100,489,standard,FR,20000,1
6921,19,68,649,standard,DE,5000,0
9847,57,80,543,pro,DE,5000,0
12749,68,17,385,premium,ES,20000,0
8452,40,1,626,premium,MA,20000,0
3087,54,109,667,standard,DE,10000,1
1449,71,182,654,premium,ES,5000,1
3392,24,172,560,standard,FR,10000,0
4883,74,139,652,standard,MA,5000,1
3301,32,20,477,standard,MA,50000,0
13109,64,30,840,premium,MA,5000,0
14984,55,14,627,standard,MA,20000,0
4667,37,148,778,standard,GB,5000,1
5717,40,165,501,standard,MA,10000,0
7095,21,197,531,standard,ES,20000,1
11278,41,65,765,standard,GB,10000,2
11287,23,53,380,premium,MA,5000,0
10689,21,200,352,standard,DE,10000,0
3258,66,133,331,pro,MA,10000,0
13061,20,219,409,premium,MA,5000,0
4758,45,176,761,standard,MA,10000,0
3287,41,191,496,premium,MA,20000,1
14296,38,71,806,standard,DE,20000,0
5651,48,196,388,standard,MA,10000,1
2479,27,82,323,standard,ES,5000,0
5171,71,31,406,premium,DE,20000,2
6618,46,51,583,standard,FR,5000,1
12185,44,24,326,pro,DE,10000,0
9089,25,76,799,pro,FR,5000,0
10262,49,168,721,premium,MA,5000,1
2392,30,119,556,pro,MA,10000,1
5919,43,31,517,premium,FR,5000,1
5599,55,237,375,pro,MA,5000,0
4298,28,189,821,standard,MA,10000,2
12099,74,31,503,premium,DE,5000,0
5552,31,60,502,premium,GB,10000,0
3164,32,121,410,pro,FR,20000,0
7837,61,67,712,standard,MA,5000,0
1216,72,207,479,pro,FR,10000,2
11327,30,197,377,standard,FR,5000,0
13225,50,148,785,standard,FR,10000,2
13757,30,137,545,standard,FR,20000,0
6826,60,162,802,standard,FR,10000,1
6723,22,50,368,pro,MA,5000,0
7915,70,118,459,standard,MA,50000,0
1126,27,180,804,standard,FR,50000,1
2296,66,136,541,standard,FR,10000,0
1625,25,165,619,premium,FR,10000,1
11367,51,143,627,standard,MA,5000,0
6836,59,157,666,standard,MA,10000,0
591,26,132,810,pro,MA,10000,1
6289,38,161,324,standard,ES,5000,1
12594,22,77,519,standard,GB,20000,1
11340,68,228,333,standard,FR,20000,0
1636,55,60,463,standard,MA,20000,0
2410,36,180,579,standard,ES,10000,0
11612,69,152,309,standard,MA,5000,0
4243,57,223,400,premium,MA,5000,1
5037,31,49,440,premium,MA,5000,1
2764,25,205,384,standard,DE,10000,0
7793,26,75,653,pro,ES,10000,1
10218,73,125,790,premium,GB,5000,0
6696,60,218,584,standard,FR,10000,1
9944,43,209,382,standard,MA,50000,0
1175,29,206,629,standard,GB,5000,1
3854,46,64,700,standard,DE,5000,2
8065,21,163,626,pro,MA,5000,0
12389,67,180,419,pro,FR,10000,0
8719,67,220,483,pro,MA,5000,0
12104,50,144,770,pro,MA,5000,0
9326,44,10,800,premium,GB,20000,0
2368,29,204,333,standard,ES,50000,1
13144,59,236,570,premium,MA,5000,2
2203,24,149,526,pro,MA,10000,0
8255,50,23,641,standard,MA,5000,0
9368,48,89,325,standard,MA,10000,1
10175,66,49,636,standard,FR,5000,1
10589,54,205,365,standard,MA,10000,0
7889,54,130,600,standard,MA,10000,0
4793,62,67,831,standard,DE,10000,0
5093,50,134,827,standard,FR,20000,0
13926,28,142,574,pro,MA,5000,1
3405,61,60,556,premium,FR,5000,0
699,27,219,624,standard,MA,20000,1
116,48,24,516,standard,ES,5000,0
13696,31,59,563,standard,MA,5000,0
7417,19,37,831,standard,GB,10000,0
14730,56,125,765,standard,ES,10000,1
14243,26,181,564,standard,MA,20000,1
4216,42,143,739,standard,DE,5000,0
13956,68,121,470,standard,ES,5000,0
10113,48,7,462,pro,GB,20000,0
2115,38,60,639,premium,MA,20000,0
12822,19,195,674,standard,MA,10000,0
4986,71,1,657,standard,GB,10000,0
14711,46,193,569,premium,FR,5000,1
6539,37,142,616,premium,MA,10000,1
843,42,181,505,standard,MA,5000,0
1282,70,113,530,premium,FR,5000,1
13472,26,6,765,premium,MA,10000,1
8071,74,54,840,pro,ES,20000,0
9607,64,47,539,standard,DE,5000,0
13512,34,46,375,standard,MA,5000,0
12654,62,183,796,standard,MA,5000,0
333,33,158,397,pro,FR,50000,0
4984,68,111,505,premium,DE,5000,1
13718,54,38,549,standard,MA,5000,0
5676,29,30,495,pro,ES,10000,0
115,73,87,784,premium,MA,5000,1
3801,38,31,573,standard,DE,20000,0
6499,19,238,733,standard,FR,5000,0
14147,55,121,748,premium,ES,20000,0
1035,69,35,319,pro,GB,50000,0
1631,27,85,501,standard,FR,5000,0
5999,66,132,437,standard,ES,10000,0
13864,41,183,726,premium,MA,50000,0
2260,38,201,405,standard,ES,5000,1
13276,65,150,571,standard,FR,10000,0
10348,31,122,664,premium,MA,5000,0
4500,34,226,404,premium,FR,50000,0
6523,33,86,333,standard,ES,5000,0
2080,41,158,438,premium,FR,5000,0
370,20,122,582,premium,MA,5000,0
13988,25,202,320,standard,ES,5000,0
4522,37,65,658,premium,MA,20000,0
7352,25,227,582,premium,ES,5000,0
9103,28,187,776,premium,MA,20000,1
250,36,235,465,standard,MA,10000,0
1844,67,48,626,standard,FR,20000,0
4849,55,8,320,standard,MA,10000,0
2507,55,62,404,pro,ES,20000,1
2735,50,15,626,standard,MA,50000,0
3713,49,78,383,standard,ES,10000,0
14614,39,51,494,pro,ES,5000,0
2531,67,130,843,premium,MA,5000,0
3710,34,124,700,premium,MA,5000,0
8551,69,230,702,pro,ES,5000,0
7852,48,54,514,standard,MA,5000,0
813,19,125,487,standard,MA,5000,0
4294,33,139,755,premium,ES,5000,0
11207,73,58,466,standard,ES,10000,0
6457,74,209,647,standard,ES,5000,0
5255,66,52,601,standard,MA,10000,0
6472,21,97,771,pro,ES,10000,1
9313,55,223,733,standard,ES,5000,0
14919,25,181,739,standard,GB,5000,0
13734,21,225,331,pro,ES,10000,0
2914,28,132,490,premium,MA,20000,0
12429,23,8,838,pro,MA,5000,0
6308,50,27,328,standard,FR,50000,2
563,37,49,615,premium,MA,20000,0
14337,74,228,777,standard,MA,10000,0
6444,74,143,788,standard,FR,5000,0
12394,57,107,570,standard,ES,50000,1
5979,53,83,444,premium,MA,5000,0
14247,73,226,649,standard,MA,20000,0
14253,34,197,467,standard,FR,5000,0
2768,54,94,720,pro,FR,10000,0
8861,28,201,806,standard,FR,10000,0
8584,45,206,723,pro,ES,20000,0
9477,46,204,365,pro,FR,5000,0
4987,74,209,814,pro,FR,5000,1
1106,69,235,728,standard,FR,20000,0
13973,74,10,458,premium,FR,10000,0
3749,62,21,616,standard,DE,5000,0
5468,49,209,691,premium,FR,50000,1
3483,67,144,305,premium,FR,10000,1
5130,30,88,453,standard,FR,50000,1
12202,62,1,721,standard,MA,50000,0
8602,55,62,542,standard,FR,5000,0
3921,34,207,680,standard,MA,5000,0
922,23,228,485,standard,FR,20000,1
8358,35,144,624,premium,MA,5000,0
7798,39,114,329,standard,MA,10000,0
6315,63,75,584,premium,MA,20000,0
7752,20,235,738,standard,FR,5000,0
10276,25,97,775,premium,FR,10000,0
3118,74,88,739,standard,FR,10000,0
6622,53,111,480,standard,DE,10000,1
12434,56,23,677,standard,FR,10000,0
7789,30,228,753,standard,FR,10000,0
7537,37,103,601,premium,MA,10000,0
2896,72,115,376,premium,MA,5000,0
2196,20,136,545,standard,MA,10000,1
13525,74,199,693,standard,ES,10000,0
9287,32,63,367,standard,ES,10000,0
10371,53,114,785,premium,MA,20000,0
9113,19,26,821,pro,MA,10000,0
14635,30,233,318,standard,FR,5000,0
11088,42,153,618,standard,ES,5000,0
12145,72,224,793,standard,MA,5000,0
11522,61,219,706,premium,MA,20000,1
2397,61,103,585,standard,MA,10000,0
3894,19,213,494,premium,MA,5000,0
40,68,147,639,standard,MA,5000,1
580,29,115,620,standard,FR,20000,0
5399,67,7,649,standard,MA,10000,0
5902,44,237,754,standard,ES,5000,0
10719,49,18,610,standard,MA,10000,1
9190,44,221,376,standard,DE,10000,0
11568,40,210,681,standard,FR,10000,0
9862,62,115,558,premium,FR,5000,0
2159,41,65,680,standard,MA,20000,0
154,25,143,664,pro,ES,10000,1
2146,64,87,782,premium,FR,10000,0
10073,24,59,312,premium,FR,5000,0
5889,29,146,705,standard,MA,10000,0
1944,48,121,846,standard,FR,20000,0
4754,64,237,553,standard,GB,20000,1
645,73,203,329,standard,FR,5000,1
6908,39,129,681,standard,MA,5000,0
1209,31,74,524,standard,DE,10000,0
467,24,229,563,standard,MA,5000,0
11242,59,223,477,premium,MA,5000,0
14096,21,45,549,standard,MA,10000,0
8707,19,165,315,pro,ES,10000,0
518,27,149,348,standard,FR,5000,1
759,54,77,554,premium,MA,10000,1
3331,39,150,846,standard,MA,10000,1
5315,27,37,837,premium,FR,10000,0
13486,27,40,830,premium,MA,5000,2
6339,67,237,847,pro,MA,10000,0
5696,50,38,373,standard,MA,10000,1
5389,65,197,794,standard,MA,20000,0
5992,65,200,301,standard,FR,10000,0
14631,27,125,786,premium,FR,10000,0
4092,57,166,419,premium,DE,10000,0
8648,35,16,688,pro,MA,5000,1
13221,70,166,354,premium,MA,10000,0
3391,46,9,654,standard,FR,10000,0
5512,58,111,466,standard,MA,10000,1
4026,21,205,556,standard,MA,5000,0
10909,72,193,772,pro,MA,5000,0
2780,70,170,681,standard,ES,10000,1
406,63,139,796,pro,MA,20000,0
6565,51,88,620,standard,ES,5000,0
13443,20,192,550,premium,ES,20000,0
7316,56,193,415,premium,MA,5000,0
14997,74,173,827,premium,MA,10000,0
2082,62,214,371,standard,MA,10000,0
2800,60,96,744,standard,ES,10000,1
10235,69,159,359,standard,FR,20000,0
8828,68,162,423,premium,MA,5000,0
11050,27,65,517,standard,DE,10000,1
4776,33,130,721,pro,MA,5000,0
10143,37,106,451,premium,MA,10000,0
13387,28,102,694,standard,FR,10000,0
1976,37,142,575,standard,DE,20000,1
4990,26,115,480,standard,MA,20000,1
7178,37,129,805,standard,MA,10000,0
14145,61,106,847,standard,MA,20000,0
1041,69,7,529,standard,MA,5000,0
4457,60,38,626,standard,FR,50000,1
10668,24,176,343,standard,MA,5000,0
3699,69,50,486,standard,MA,5000,1
4223,59,62,596,standard,ES,20000,0
6232,63,99,710,standard,DE,5000,0
1888,47,237,626,standard,GB,10000,0
352,39,207,592,premium,ES,10000,0
184,40,89,762,standard,FR,10000,0
11741,53,2,732,pro,MA,20000,2
3370,70,171,717,standard,MA,10000,0
13600,66,51,627,standard,MA,10000,0
13037,39,118,375,standard,MA,20000,1
4639,39,199,752,standard,DE,20000,1
7370,42,138,789,premium,ES,10000,0
8113,19,180,560,standard,FR,10000,1
6774,20,219,542,pro,FR,10000,1
12588,29,103,783,premium,MA,5000,1
12651,47,111,775,standard,DE,10000,0
12716,33,236,834,standard,MA,5000,1
1218,24,120,472,standard,DE,10000,1
14656,42,196,755,standard,MA,10000,0
2640,50,124,500,standard,ES,5000,0
6369,41,75,337,standard,MA,5000,0
6734,66,148,500,standard,GB,10000,0
3849,44,139,385,standard,MA,5000,0
8294,63,232,594,standard,MA,50000,1
348,26,181,443,standard,MA,20000,0
11892,28,77,714,standard,MA,5000,0
9482,66,18,826,pro,FR,5000,0
5788,60,52,722,standard,MA,20000,0
1450,61,188,312,pro,MA,20000,0
6522,71,54,796,premium,MA,5000,0
9781,26,195,409,premium,FR,5000,1
9027,51,127,352,premium,DE,10000,0
12476,68,142,709,standard,DE,5000,0
10372,21,171,528,premium,MA,10000,0
14445,69,129,751,standard,MA,20000,0
5261,72,123,517,premium,MA,20000,0
6236,25,202,848,standard,MA,5000,0
8455,63,148,420,standard,MA,5000,0
7970,68,231,585,pro,MA,20000,1
5317,46,157,463,standard,FR,5000,1
9045,29,66,548,standard,MA,20000,0
5698,26,39,577,standard,MA,5000,0
14277,21,144,812,standard,FR,10000,2
10026,33,158,687,premium,MA,10000,0
8824,72,195,658,standard,MA,50000,0
11230,37,45,432,standard,GB,5000,1
7751,45,116,808,standard,FR,10000,0
990,27,150,607,standard,ES,10000,0
3998,72,176,644,premium,DE,20000,0
8066,65,65,337,standard,MA,10000,0
10790,44,157,419,premium,FR,10000,1
10726,24,101,760,premium,MA,5000,1
6182,71,13,340,pro,MA,20000,0
263,24,219,308,standard,ES,20000,1
2893,60,3,588,premium,MA,5000,0
3181,72,161,470,standard,DE,5000,1
13861,52,205,783,standard,MA,5000,0
2865,51,184,537,standard,MA,20000,0
8757,46,64,771,standard,ES,10000,1
5307,30,144,352,standard,FR,20000,1
8747,42,187,398,standard,FR,5000,0
14479,41,198,378,standard,DE,5000,1
221,36,24,804,premium,MA,20000,1
6055,53,224,319,premium,MA,10000,0
7581,68,52,783,premium,MA,20000,0
10798,21,142,787,standard,FR,5000,1
2419,29,136,379,premium,MA,5000,0
9573,49,25,566,standard,MA,10000,0
6362,73,108,477,standard,MA,20000,0
5956,63,55,736,premium,MA,5000,1
10161,38,120,424,pro,FR,5000,0
7099,39,92,721,standard,MA,10000,0
9587,55,207,440,standard,MA,20000,0
1930,61,105,576,premium,FR,50000,0
11053,73,40,678,premium,MA,5000,0
11951,49,66,708,pro,MA,10000,0
2955,25,52,814,pro,MA,10000,0
6130,54,14,762,pro,MA,5000,0
11380,41,87,662,standard,MA,5000,0
13403,64,161,380,standard,ES,50000,0
3066,74,134,468,pro,DE,5000,1
2244,47,190,664,standard,MA,20000,0
10036,45,221,328,standard,MA,10000,0
8635,29,144,752,premium,MA,10000,0
11843,61,1,690,premium,FR,5000,1
785,49,211,669,standard,MA,10000,0
10491,63,3,729,standard,MA,5000,0
5520,65,181,610,standard,MA,20000,0
10263,70,169,436,standard,FR,5000,1
14889,40,207,553,standard,ES,50000,0
9478,20,1,572,premium,ES,5000,0
4520,28,48,492,standard,GB,20000,1
8955,44,120,551,standard,MA,10000,1
8269,44,70,501,premium,FR,5000,1
8316,72,32,560,standard,ES,5000,1
4757,18,56,760,standard,MA,10000,0
7898,21,220,621,standard,FR,10000,1
9153,35,37,662,premium,FR,5000,0
13766,34,55,417,premium,MA,5000,0
3247,27,210,769,premium,MA,10000,0
10320,29,6,683,standard,MA,20000,1
8702,53,17,613,premium,MA,5000,0
14208,55,208,833,premium,MA,5000,0
10701,23,105,519,standard,FR,10000,1
2674,59,235,443,standard,MA,5000,0
6619,54,168,827,premium,MA,5000,0
136,23,216,503,premium,FR,20000,0
5528,52,19,757,standard,FR,5000,0
12747,20,225,501,premium,GB,5000,0
14886,69,160,328,standard,ES,10000,0
8848,60,185,826,standard,MA,20000,0
5548,61,191,509,standard,MA,5000,0
3566,62,90,452,standard,ES,20000,1
9364,65,182,526,standard,DE,10000,0
14194,45,22,563,standard,MA,5000,1
14726,55,225,705,premium,FR,5000,0
12677,58,209,827,premium,ES,10000,1
10917,61,84,552,standard,MA,10000,1
8978,52,138,365,premium,MA,20000,1
6305,24,211,574,pro,MA,5000,1
3155,65,5,631,standard,MA,10000,1
1365,47,166,528,standard,MA,5000,1
8545,35,129,516,premium,MA,10000,0
2837,54,201,429,standard,MA,5000,0
2348,74,157,672,standard,FR,10000,0
3109,36,61,614,standard,MA,20000,0
9226,28,46,698,standard,MA,5000,1
1748,70,137,797,standard,MA,5000,0
7156,31,149,766,premium,MA,5000,0
6344,59,55,633,premium,FR,20000,0
12931,51,26,408,premium,FR,5000,2
4109,45,80,778,standard,MA,5000,0
6311,49,132,606,standard,MA,5000,0
188,51,98,393,standard,FR,10000,0
6767,33,182,701,standard,DE,10000,1
4871,60,208,737,pro,MA,10000,0
12173,35,99,698,standard,GB,20000,0
840,72,211,536,premium,MA,20000,1
9824,46,169,506,premium,FR,5000,0
10057,67,209,351,standard,MA,10000,0
8657,62,161,842,standard,FR,20000,1
14043,55,105,324,pro,ES,5000,1
6742,59,161,450,premium,FR,10000,0
3127,55,133,768,premium,DE,10000,0
4509,73,157,582,premium,ES,50000,0
12155,23,62,305,premium,MA,5000,1
8732,25,59,305,standard,MA,20000,0
2608,41,82,708,standard,MA,5000,0
4936,41,152,604,standard,MA,10000,1
11120,62,199,453,premium,FR,5000,0
920,28,147,835,premium,MA,5000,0
5425,55,150,652,standard,FR,10000,0
8130,60,235,825,standard,MA,20000,0
508,72,207,780,standard,ES,10000,0
8017,32,108,748,standard,MA,5000,0
12802,43,12,392,premium,MA,5000,0
2579,36,172,558,premium,MA,10000,0
7832,61,146,521,premium,MA,5000,1
2269,19,168,679,premium,MA,10000,0
9701,73,218,803,standard,ES,10000,0
9764,40,59,373,standard,MA,10000,0
3083,26,113,576,standard,MA,10000,0
4321,56,211,755,standard,ES,10000,0
12365,59,166,567,standard,FR,5000,0
5922,43,175,461,pro,MA,5000,0
1982,31,200,831,standard,MA,20000,1
2528,51,87,801,standard,DE,5000,0
8115,66,169,339,premium,ES,10000,0
13166,74,176,501,standard,ES,5000,0
14567,23,187,788,standard,FR,5000,0
5642,43,198,697,pro,MA,5000,1
9381,30,21,324,standard,DE,5000,0
9479,18,71,615,standard,MA,5000,0
5132,31,181,507,premium,MA,5000,0
14975,20,23,758,standard,MA,10000,0
14669,50,211,759,standard,FR,10000,0
11589,44,105,495,standard,MA,5000,0
7402,64,214,406,standard,DE,20000,0
7328,60,71,670,standard,MA,20000,0
10270,35,172,809,standard,MA,5000,0
5467,40,237,556,standard,FR,5000,0
8063,21,65,768,standard,DE,10000,0
9883,42,17,700,standard,DE,5000,1
5460,21,196,530,standard,MA,10000,0
14700,74,141,790,standard,FR,5000,0
12979,33,201,673,standard,FR,20000,0
9711,62,72,621,premium,ES,10000,0
6889,55,116,315,standard,MA,20000,0
827,58,68,571,standard,FR,5000,1
11046,69,73,352,standard,MA,5000,0
11243,26,47,628,standard,FR,20000,1
9162,73,200,644,standard,ES,5000,0
10406,31,44,802,standard,MA,10000,1
7232,68,172,328,pro,MA,5000,1
9834,58,176,670,standard,FR,10000,0
12792,30,12,635,standard,MA,5000,0
12062,58,60,454,premium,DE,10000,1
3398,18,20,734,standard,FR,10000,1
6240,57,158,333,premium,MA,5000,0
3117,23,208,344,premium,FR,10000,0
7315,63,14,849,premium,MA,10000,0
14472,73,104,511,standard,MA,20000,0
9998,60,33,592,standard,DE,5000,0
10528,64,130,520,standard,MA,20000,2
2409,41,148,829,standard,MA,5000,2
9902,50,36,507,standard,MA,10000,1
2152,19,84,505,standard,DE,20000,0
10730,42,198,807,premium,MA,20000,0
2617,73,102,405,premium,ES,5000,1
4905,25,104,537,premium,DE,10000,0
5942,59,120,679,pro,ES,10000,0
1459,36,158,739,standard,ES,10000,0
1012,63,108,304,standard,MA,20000,0
3755,59,88,611,premium,ES,10000,0
5477,27,169,745,standard,MA,50000,1
11689,32,153,405,premium,MA,5000,1
7219,35,58,485,standard,MA,20000,0
5931,28,185,720,standard,FR,10000,0
13591,68,83,625,premium,MA,10000,2
3318,27,134,654,standard,MA,5000,2
5635,33,73,325,standard,ES,50000,1
3529,63,191,786,standard,FR,5000,0
7152,23,200,742,pro,MA,20000,1
10484,40,38,697,standard,MA,10000,1
10933,64,59,688,standard,MA,5000,0
531,72,239,443,standard,MA,5000,0
1534,21,12,328,pro,MA,5000,0
5539,51,177,550,premium,MA,5000,0
963,53,97,794,standard,FR,5000,0
481,50,148,518,standard,MA,5000,1
2040,68,152,709,standard,MA,5000,1
9865,47,202,403,premium,MA,20000,0
9837,60,148,466,standard,MA,10000,0
2338,65,30,456,standard,DE,50000,0
10901,48,193,519,pro,MA,20000,1
5800,55,136,762,standard,FR,5000,0
6007,51,86,510,standard,ES,5000,0
1616,21,204,501,standard,FR,5000,1
8881,55,138,784,standard,MA,5000,0
9214,35,142,710,premium,GB,10000,0
8301,30,164,540,pro,MA,10000,0
3549,26,185,496,premium,ES,5000,2
12260,28,187,340,pro,MA,10000,0
7308,69,32,304,standard,DE,5000,0
14343,32,98,502,standard,FR,20000,0
13509,34,81,774,premium,DE,5000,0
7397,33,72,833,standard,MA,20000,0
5981,35,187,671,standard,FR,50000,0
8157,49,103,710,premium,FR,50000,0
5504,50,97,677,standard,MA,20000,0
4246,58,200,782,standard,MA,10000,0
14261,46,159,717,premium,GB,5000,0
10182,47,182,470,standard,MA,10000,1
11404,57,32,766,premium,ES,5000,0
6640,23,92,528,standard,MA,5000,0
4974,37,203,518,standard,ES,20000,0
11145,47,130,515,standard,MA,10000,0
10859,55,170,762,pro,MA,10000,0
812,71,125,393,standard,MA,10000,0
712,20,167,810,premium,MA,10000,1
1110,18,151,478,standard,FR,20000,0
3194,58,201,325,pro,MA,10000,1
1606,54,141,356,premium,ES,5000,0
4953,21,82,840,premium,MA,20000,0
1297,68,130,624,standard,MA,5000,0
4938,21,237,510,standard,MA,10000,0
1345,25,8,647,premium,MA,10000,0
10455,25,153,485,premium,MA,10000,2
1000,50,60,503,pro,FR,5000,1
6823,24,125,746,premium,MA,10000,1
373,74,155,831,standard,MA,5000,1
13469,47,150,691,standard,MA,5000,0
9818,40,62,310,standard,FR,5000,1
331,53,18,335,standard,ES,10000,0
2692,61,133,435,standard,DE,10000,2
14182,67,177,523,pro,ES,10000,0
7464,60,137,316,standard,FR,20000,1
5075,65,222,694,standard,FR,10000,0
4112,46,81,788,standard,MA,10000,0
7882,20,96,627,premium,MA,20000,0
4466,66,50,712,premium,ES,10000,0
5367,18,58,623,standard,ES,10000,0
11712,48,99,570,standard,MA,10000,0
5177,69,53,596,premium,ES,20000,2
10761,29,239,674,premium,MA,10000,0
3081,71,106,668,standard,MA,20000,0
3165,72,170,493,premium,MA,5000,0
3521,54,230,532,standard,MA,5000,0
10530,69,182,404,premium,MA,10000,0
1964,27,64,405,premium,DE,5000,0
12728,18,57,576,premium,MA,20000,0
11068,33,182,338,standard,ES,5000,0
13942,59,58,684,standard,FR,20000,0
9911,25,186,395,pro,MA,10000,1
9008,37,199,433,standard,GB,10000,0
1991,42,53,638,premium,ES,10000,1
7181,34,135,452,standard,MA,10000,0
7221,19,212,645,standard,MA,5000,0
6455,45,79,654,standard,DE,20000,0
10661,56,90,564,premium,MA,5000,0
8468,45,181,653,standard,ES,10000,0
1837,34,101,749,premium,FR,10000,0
8733,27,175,770,standard,ES,10000,0
12738,56,227,574,premium,MA,10000,0
11271,26,182,381,standard,MA,5000,0
1350,18,60,509,premium,DE,5000,0
11237,70,180,726,standard,MA,5000,1
11626,25,143,734,premium,MA,10000,0
6028,41,152,694,standard,MA,10000,0
13655,20,192,672,pro,MA,10000,1
10510,60,12,358,pro,MA,10000,1
6227,38,159,401,premium,MA,10000,0
10718,63,16,326,premium,MA,20000,0
3074,71,215,835,standard,MA,5000,1
5144,65,128,447,standard,MA,10000,1
3361,70,122,536,standard,FR,5000,1
7346,20,70,764,standard,FR,5000,0
3504,71,61,764,premium,MA,10000,0
11116,47,137,543,premium,DE,5000,0
14859,64,114,807,premium,FR,5000,0
6590,43,15,730,standard,DE,5000,1
6859,74,115,706,standard,MA,5000,0
6695,32,28,367,standard,MA,50000,0
2753,41,32,484,premium,MA,20000,0
13096,41,43,789,premium,MA,10000,0
8325,53,172,764,standard,MA,10000,1
12765,69,179,377,standard,MA,10000,0
8589,71,65,620,standard,MA,20000,0
3994,71,208,504,standard,MA,10000,1
20,18,22,821,standard,MA,10000,0
8957,29,104,611,standard,MA,20000,1
8351,22,113,606,standard,MA,10000,0
8178,66,2,562,standard,MA,5000,1
14171,49,53,338,pro,MA,20000,0
2974,22,201,380,standard,GB,10000,0
9584,37,157,362,standard,MA,20000,0
14364,34,36,834,premium,FR,10000,1
5736,39,32,565,standard,FR,5000,0
14432,34,167,508,premium,GB,5000,1
14783,42,23,669,standard,ES,5000,0
7143,64,32,604,premium,FR,10000,0
2655,56,239,335,standard,MA,5000,0
4549,42,214,326,standard,MA,10000,1
4070,54,94,361,standard,MA,10000,0
4127,54,26,375,standard,MA,10000,0
915,20,33,547,standard,MA,5000,0
14484,51,132,730,pro,MA,5000,2
4455,55,56,485,pro,FR,50000,2
12786,53,157,449,standard,MA,10000,0
9685,35,219,301,standard,MA,5000,0
9974,46,33,833,standard,GB,20000,0
7105,38,67,804,premium,MA,50000,0
11126,61,61,521,standard,DE,10000,0
13260,43,12,793,pro,FR,10000,1
8196,32,237,810,standard,MA,5000,0
11733,45,32,793,standard,ES,5000,1
9564,18,84,781,standard,FR,5000,0
13934,31,145,511,standard,DE,20000,0
1714,25,162,666,standard,FR,5000,0
4862,55,201,430,premium,MA,10000,0
12020,42,136,613,standard,FR,10000,0
14609,20,7,460,premium,FR,20000,0
314,74,46,362,premium,FR,10000,1
9878,35,128,830,standard,FR,20000,0
4599,24,9,512,standard,ES,5000,0
8209,74,165,825,standard,FR,5000,0
10693,57,97,438,standard,MA,10000,0
9015,48,152,618,standard,DE,20000,0
6505,24,27,655,premium,FR,20000,1
2668,55,117,555,standard,MA,5000,0
11106,34,110,771,standard,MA,20000,0
11394,25,52,412,standard,MA,50000,0
6365,18,211,522,standard,MA,10000,0
12437,61,73,521,standard,MA,5000,0
1484,67,65,541,standard,MA,50000,0
2752,63,106,805,pro,MA,5000,0
11585,71,14,538,standard,FR,20000,0
13659,67,222,830,premium,ES,5000,0
9175,26,120,764,standard,MA,50000,1
5632,27,100,644,standard,FR,5000,0
1199,22,236,554,standard,ES,5000,0
11387,27,162,511,standard,GB,5000,0
7774,51,11,693,standard,MA,20000,1
2062,58,127,417,standard,MA,5000,0
14322,31,24,646,standard,MA,10000,1
11501,56,111,311,standard,FR,5000,0
13465,21,113,722,pro,MA,20000,0
13372,30,70,839,standard,GB,20000,0
2691,64,129,321,premium,GB,5000,0
14962,21,131,336,standard,MA,5000,0
11373,33,46,444,standard,MA,5000,1
617,53,102,313,standard,MA,5000,1
5136,28,186,825,standard,FR,10000,1
4114,24,119,727,premium,MA,5000,0
10733,24,179,513,premium,MA,10000,0
1219,64,33,613,standard,DE,20000,0
9785,28,58,795,premium,MA,20000,0
4016,49,126,845,standard,FR,5000,1
6401,65,230,344,premium,FR,20000,0
3262,29,61,351,standard,FR,10000,1
13030,34,52,789,premium,MA,10000,1
5598,40,27,656,premium,MA,10000,0
12518,62,103,476,premium,MA,20000,0
6598,27,192,419,pro,FR,5000,0
6578,61,136,774,standard,GB,20000,0
2094,23,58,590,standard,MA,5000,0
4949,25,49,320,premium,MA,50000,0
4687,40,204,443,standard,FR,5000,1
8191,44,123,750,standard,MA,5000,0
12939,52,128,729,standard,DE,5000,2
10672,64,123,353,standard,MA,50000,0
4241,33,18,532,standard,MA,5000,0
5904,19,141,426,pro,MA,20000,0
2557,18,167,349,standard,GB,10000,0
151,67,15,825,standard,MA,10000,1
7056,52,198,373,premium,MA,10000,0
13156,41,236,645,standard,MA,5000,0
14336,63,152,579,standard,MA,5000,0
9063,70,138,583,premium,ES,20000,0
12718,69,41,384,premium,FR,5000,0
5360,57,183,749,premium,MA,5000,2
13291,25,47,605,standard,ES,5000,0
9668,22,74,812,premium,ES,20000,0
9866,42,180,751,premium,DE,20000,1
2446,37,209,598,standard,ES,10000,0
4283,63,145,526,standard,MA,20000,0
4547,21,55,673,standard,MA,5000,0
13344,50,75,417,standard,FR,10000,0
14338,55,97,622,standard,MA,50000,0
3746,53,213,540,standard,MA,10000,0
4263,57,226,418,standard,MA,5000,0
12053,26,53,785,standard,FR,20000,0
14831,48,78,770,premium,MA,10000,0
1207,35,81,551,premium,FR,10000,0
5405,58,194,504,standard,GB,50000,0
8631,47,2,421,pro,ES,10000,0
4460,52,83,735,premium,MA,10000,0
10290,40,79,604,standard,MA,20000,0
9773,46,118,450,pro,MA,10000,1
10208,37,195,470,standard,ES,50000,0
7054,62,127,441,standard,MA,5000,0
4618,71,103,683,premium,MA,5000,0
1004,18,114,595,standard,DE,5000,1
13072,40,200,489,pro,MA,10000,0
3851,40,149,517,standard,MA,10000,0
4124,34,172,315,standard,ES,50000,0
304,32,142,445,standard,MA,20000,1
14405,38,229,321,standard,DE,5000,1
4482,50,32,317,premium,FR,10000,0
3590,24,117,816,standard,MA,10000,0
11338,40,154,424,standard,DE,20000,0
14442,61,117,762,pro,DE,20000,0
6786,32,132,717,standard,MA,5000,0
13657,51,228,708,standard,MA,50000,0
1192,21,46,428,premium,FR,20000,0
14507,62,46,399,standard,GB,20000,0
12102,55,123,473,premium,FR,10000,1
173,58,78,840,premium,MA,10000,0
12483,66,7,579,standard,MA,10000,0
8588,63,27,551,premium,MA,5000,0
10974,38,207,814,premium,MA,50000,0
10199,28,72,592,premium,MA,5000,2
2371,42,27,324,premium,DE,20000,0
14799,39,87,740,standard,MA,5000,0
3879,42,54,412,standard,GB,5000,0
12746,27,61,645,premium,FR,20000,2
9447,26,171,396,premium,MA,5000,0
4812,23,88,834,premium,FR,5000,0
5029,31,61,612,premium,MA,5000,0
7406,41,146,727,standard,FR,10000,0
7286,36,129,677,premium,MA,10000,0
12938,65,161,683,standard,DE,20000,0
11774,36,12,841,standard,MA,20000,0
49,47,114,530,standard,FR,20000,0
3647,23,89,829,standard,ES,10000,0
4685,64,29,740,premium,DE,50000,0
8619,73,204,800,pro,MA,20000,0
9327,40,58,347,standard,ES,5000,2
4376,73,33,670,premium,MA,20000,1
12855,52,134,672,standard,FR,5000,0
7595,32,5,327,standard,ES,20000,0
5670,49,55,508,standard,MA,5000,0
12089,38,215,301,premium,MA,5000,0
3973,22,10,840,standard,ES,20000,0
11320,51,108,382,standard,DE,10000,0
10537,51,74,408,standard,FR,10000,0
6998,30,67,560,premium,ES,20000,0
1286,54,96,805,standard,MA,10000,2
13559,26,203,656,premium,MA,10000,1
6624,50,30,547,standard,MA,10000,0
11989,31,47,311,premium,DE,20000,0
6957,41,53,572,standard,MA,20000,0
5988,18,20,504,premium,ES,10000,0
14818,60,130,815,pro,MA,10000,0
11990,43,149,480,standard,MA,5000,2
8684,45,186,537,standard,MA,10000,0
11452,61,66,323,premium,FR,10000,0
994,64,34,788,standard,MA,5000,0
3027,22,178,818,premium,GB,5000,0
4346,31,157,446,standard,MA,10000,0
9501,24,76,353,pro,MA,5000,0
12526,69,208,705,premium,MA,20000,0
5768,57,205,502,standard,FR,5000,0
10561,30,167,435,standard,MA,5000,0
14978,25,16,442,pro,MA,5000,0
8919,32,152,411,standard,MA,50000,1
1151,43,118,733,standard,MA,20000,1
1854,67,9,431,standard,FR,5000,0
14628,48,165,679,standard,MA,10000,0
14142,31,190,713,standard,DE,10000,0
6741,32,123,457,premium,GB,5000,0
14942,25,233,769,standard,MA,20000,0
12538,52,126,618,premium,FR,10000,0
14810,41,130,373,standard,FR,20000,1
12011,65,132,598,pro,MA,10000,0
12254,20,96,583,standard,MA,10000,0
4998,70,89,644,standard,MA,10000,0
5541,45,217,575,standard,MA,10000,1
906,65,73,457,standard,MA,10000,1
4535,21,71,790,standard,FR,5000,0
14438,22,56,688,standard,MA,5000,0
987,41,151,342,standard,ES,10000,0
8217,42,39,380,pro,MA,20000,1
6136,67,108,576,standard,GB,5000,2
1588,33,12,439,standard,MA,5000,1
10712,33,188,796,pro,FR,5000,0
7147,51,16,746,standard,MA,5000,0
8243,58,40,656,standard,MA,5000,0
9839,74,132,423,standard,MA,10000,0
2870,49,121,516,standard,FR,20000,0
14758,69,41,720,standard,MA,20000,1
10257,74,122,644,pro,FR,10000,0
8640,57,2,326,standard,MA,10000,0
6932,42,26,354,standard,MA,20000,0
2258,70,170,472,standard,DE,5000,1
5475,42,220,818,standard,ES,20000,1
10297,44,30,423,premium,MA,5000,0
9568,46,62,800,premium,MA,5000,0
11266,48,176,750,standard,MA,5000,0
10754,44,57,556,standard,ES,10000,0
10173,72,206,706,standard,MA,5000,1
4344,61,21,402,premium,MA,10000,0
14827,18,89,708,standard,GB,20000,0
11289,61,37,413,premium,FR,20000,0
10610,42,194,673,standard,MA,20000,0
8771,35,83,842,standard,MA,5000,0
8390,51,171,757,standard,GB,10000,1
3397,19,17,597,standard,MA,5000,0
12681,51,164,550,pro,FR,10000,0
14082,25,28,631,premium,FR,20000,0
8983,60,172,346,premium,FR,20000,0
8261,49,121,606,standard,ES,20000,0
8987,43,218,445,premium,FR,20000,0
453,41,99,586,standard,MA,10000,0
14068,61,133,708,premium,ES,20000,0
13781,60,146,712,premium,MA,10000,0
13475,38,10,460,standard,ES,10000,0
13220,35,134,792,standard,MA,10000,0
1703,72,215,825,standard,FR,5000,1
1712,64,177,473,premium,FR,10000,0
2761,31,15,324,standard,ES,5000,0
6675,54,218,363,standard,FR,5000,0
7578,41,2,520,standard,FR,10000,0
4996,70,5,819,premium,FR,10000,1
2891,70,119,515,standard,MA,5000,0
1137,23,54,672,standard,ES,10000,1
11965,23,89,680,standard,ES,10000,0
14735,23,53,396,standard,MA,10000,0
12942,34,206,383,standard,DE,10000,0
4418,24,174,538,standard,DE,5000,0
13467,55,184,757,standard,MA,10000,0
10099,50,147,476,pro,MA,10000,0
1241,53,113,825,standard,MA,20000,0
4365,60,41,678,premium,DE,5000,0
13422,63,44,479,premium,ES,5000,0
12941,22,16,399,standard,ES,10000,0
9318,44,120,747,standard,MA,5000,0
3593,51,190,423,standard,DE,5000,0
13715,42,183,730,standard,MA,10000,0
10049,57,105,485,premium,MA,5000,0
14966,40,147,516,premium,GB,10000,1
4543,55,231,467,premium,MA,5000,0
4287,21,150,404,standard,GB,5000,0
1385,30,188,657,standard,MA,5000,0
4233,36,155,631,premium,MA,10000,0
14104,74,163,533,premium,MA,5000,0
9141,65,189,540,standard,ES,10000,0
11264,39,100,673,standard,MA,20000,1
14671,44,193,385,pro,DE,20000,1
9688,24,107,337,standard,MA,20000,0
8522,22,7,622,pro,MA,10000,0
5986,19,237,322,standard,MA,10000,1
4454,28,165,335,standard,MA,10000,0
10633,23,188,718,premium,MA,10000,0
4855,57,155,523,standard,MA,10000,0
9840,60,121,701,standard,MA,5000,0
5415,32,111,655,premium,FR,10000,0
215,73,58,807,standard,ES,5000,0
11652,50,106,722,standard,MA,10000,0
2874,40,189,642,standard,MA,5000,0
11153,19,37,599,standard,FR,5000,1
1122,45,22,616,premium,MA,10000,0
11228,32,97,684,standard,MA,10000,1
3119,71,222,624,standard,DE,10000,1
12799,60,196,372,premium,FR,10000,1
2311,31,193,662,standard,ES,20000,0
3285,45,141,757,pro,DE,10000,1
9,35,84,720,premium,FR,5000,0
3367,66,147,596,standard,MA,5000,0
669,47,237,635,standard,MA,20000,0
2938,27,20,725,standard,MA,10000,0
6798,53,119,765,standard,MA,10000,0
8156,24,19,346,premium,MA,5000,0
11437,63,68,470,standard,DE,20000,2
8070,38,177,553,standard,MA,10000,0
4872,53,192,301,standard,MA,10000,0
5994,64,189,364,premium,MA,5000,1
2683,61,96,355,standard,FR,20000,0
3582,69,218,724,premium,MA,20000,0
9483,24,157,843,premium,MA,5000,0
13834,18,205,521,standard,FR,50000,2
140,38,68,632,standard,MA,5000,0
6123,73,189,816,premium,MA,5000,0
4746,34,188,589,pro,MA,5000,1
12877,54,155,603,standard,MA,5000,0
4660,56,231,475,standard,MA,5000,0
11235,74,32,540,standard,MA,10000,0
10129,44,28,404,standard,FR,5000,0
14877,43,22,656,standard,MA,5000,0
3745,31,200,790,premium,FR,20000,0
3379,38,94,586,standard,MA,20000,0
1765,58,107,562,standard,MA,20000,0
5534,28,227,793,standard,FR,10000,0
11348,18,98,592,standard,FR,5000,0
1649,20,143,813,premium,GB,20000,1
9975,70,88,362,premium,MA,5000,0
11564,27,112,742,standard,MA,20000,1
10028,33,139,623,standard,MA,20000,0
12797,45,83,374,standard,FR,10000,0
14267,33,157,473,premium,DE,10000,0
1228,33,232,633,pro,FR,5000,0
12530,50,222,415,pro,MA,5000,0
2370,35,159,555,premium,MA,20000,0
8230,27,31,581,premium,MA,20000,0
2848,39,144,399,premium,FR,5000,1
3495,38,44,686,standard,MA,10000,0
2103,51,8,529,premium,MA,5000,0
2246,47,4,634,standard,ES,20000,1
2491,30,232,438,standard,FR,10000,0
6959,30,213,351,standard,MA,5000,0
693,32,30,571,premium,ES,10000,0
11625,48,96,392,standard,MA,20000,2
11854,59,82,812,standard,ES,5000,0
9861,61,201,765,standard,MA,50000,0
3695,21,81,300,premium,MA,20000,0
6498,31,207,672,premium,FR,5000,2
10126,31,203,784,standard,FR,10000,0
4579,27,231,447,standard,MA,5000,0
5934,61,197,825,standard,FR,10000,0
14429,32,181,417,standard,MA,10000,0
12935,61,21,620,standard,MA,20000,0
4382,49,88,752,premium,MA,5000,0
441,50,221,709,standard,ES,10000,0
14580,19,162,766,standard,ES,20000,0
8550,22,211,675,premium,ES,20000,0
6269,47,51,847,premium,ES,5000,0
5442,37,144,638,standard,FR,20000,0
844,44,128,531,standard,DE,10000,0
1688,58,82,548,standard,MA,10000,0
2925,63,157,644,standard,MA,50000,0
2639,19,92,814,standard,MA,10000,0
11012,26,22,631,standard,FR,10000,0
9346,44,149,626,standard,ES,50000,0
11809,57,6,688,standard,MA,20000,0
4516,45,124,768,standard,MA,20000,0
14530,28,147,496,pro,MA,20000,1
6295,58,183,640,standard,MA,5000,0
6787,40,57,455,standard,MA,20000,1
8023,22,92,711,standard,FR,5000,0
4433,54,30,302,standard,GB,10000,0
4330,20,237,491,premium,MA,10000,2
2609,53,188,818,pro,ES,5000,0
6646,46,68,454,premium,DE,20000,0
14244,63,87,584,standard,GB,10000,0
47,22,35,757,standard,GB,5000,0
3578,62,232,780,pro,MA,5000,2
686,72,14,760,standard,MA,10000,1
1810,39,72,716,standard,FR,10000,0
5051,49,5,723,premium,DE,5000,0
10399,50,51,515,standard,MA,20000,0
10053,37,106,340,premium,MA,5000,0
14913,54,67,697,standard,FR,5000,0
5365,21,97,617,standard,MA,20000,1
12456,65,163,500,premium,MA,5000,0
2227,63,8,374,premium,ES,5000,0
415,60,172,583,standard,MA,10000,0
11151,36,39,645,standard,MA,5000,0
7591,40,83,555,standard,MA,50000,0
8637,29,33,458,standard,ES,10000,0
5978,73,18,824,standard,DE,10000,1
5427,63,140,492,standard,MA,10000,0
10471,25,231,784,standard,MA,5000,2
3942,55,208,562,standard,MA,20000,0
10874,64,41,622,standard,MA,5000,0
2841,37,45,337,standard,FR,10000,0
6923,53,217,640,standard,MA,5000,0
2351,54,119,718,standard,FR,10000,0
64,25,160,745,pro,MA,20000,0
4022,71,221,455,premium,FR,5000,0
771,59,16,328,standard,MA,5000,0
7856,25,124,669,premium,ES,10000,0
9134,41,71,807,standard,MA,10000,0
11785,37,151,822,standard,FR,5000,0
8206,38,159,501,standard,DE,10000,0
3731,48,124,786,pro,MA,10000,0
6953,51,207,540,standard,MA,5000,0
13994,31,29,778,standard,ES,5000,0
12364,33,57,439,premium,MA,20000,0
10548,22,73,433,standard,MA,20000,0
5363,31,20,552,premium,ES,10000,0
585,69,144,414,premium,FR,5000,0
12119,31,233,747,premium,MA,10000,1
13301,43,37,423,premium,FR,10000,0
2455,42,35,585,standard,DE,5000,1
13518,57,100,563,standard,DE,5000,0
10011,29,66,533,pro,MA,5000,1
12568,22,213,352,standard,FR,5000,0
3002,19,15,830,premium,MA,10000,1
14876,71,239,324,standard,FR,5000,1
2843,21,115,728,premium,MA,5000,1
7408,38,165,575,premium,DE,20000,0
1456,36,177,816,standard,MA,10000,0
2321,66,89,723,standard,FR,10000,0
8604,62,41,809,pro,GB,20000,0
14487,69,60,734,standard,MA,5000,0
12133,32,176,778,standard,ES,20000,0
10375,61,1,804,premium,MA,5000,0
11886,73,16,613,standard,MA,50000,1
10743,30,75,525,standard,MA,10000,0
14965,26,149,588,standard,MA,5000,1
12759,51,133,360,standard,DE,10000,0
3309,67,214,451,standard,DE,5000,0
6608,61,232,694,premium,ES,5000,2
385,45,44,444,standard,FR,5000,0
11851,43,55,409,standard,MA,5000,0
4407,66,97,578,standard,FR,20000,0
5923,38,125,547,standard,MA,20000,0
6544,23,141,534,standard,ES,20000,0
4350,29,236,519,pro,DE,10000,0
8816,27,44,579,standard,MA,20000,1
10914,39,166,725,standard,MA,20000,0
8201,61,169,656,standard,FR,50000,0
2158,59,198,714,premium,DE,5000,1
6551,39,18,619,premium,MA,5000,0
3591,74,104,642,premium,MA,20000,1
8967,23,174,321,premium,MA,20000,0
10658,72,219,606,standard,FR,50000,0
4467,50,105,356,standard,MA,5000,0
5226,48,19,337,pro,MA,5000,1
5533,28,88,689,standard,DE,20000,0
9236,20,139,521,standard,FR,10000,0
6713,59,230,429,standard,ES,10000,0
2068,30,229,332,standard,MA,20000,0
11445,29,177,522,standard,MA,20000,0
7171,43,137,633,premium,GB,10000,1
2903,61,12,794,premium,MA,10000,1
7441,65,185,332,standard,ES,20000,1
2229,49,26,359,standard,MA,5000,0
2816,23,81,483,standard,MA,5000,1
593,68,211,789,standard,MA,20000,0
13900,43,191,439,standard,ES,10000,0
5917,41,143,687,standard,MA,10000,0
2056,48,83,648,standard,MA,5000,0
9960,48,103,665,standard,FR,10000,0
4352,35,152,750,premium,GB,5000,0
5845,59,180,780,pro,MA,10000,2
10836,33,107,593,standard,MA,10000,2
13216,30,2,478,standard,MA,5000,0
7902,55,142,555,standard,MA,20000,0
3069,54,108,345,premium,FR,5000,0
2564,38,52,727,standard,FR,5000,0
13440,64,184,796,pro,DE,5000,0
2846,41,239,618,premium,MA,5000,0
14782,21,15,435,standard,MA,5000,0
9808,50,38,796,standard,DE,10000,0
10626,67,222,629,pro,GB,5000,0
14830,27,204,496,standard,ES,10000,0
3369,58,31,538,standard,MA,20000,0
4176,71,72,525,standard,MA,10000,1
2508,60,59,479,standard,FR,20000,0
5765,20,100,555,standard,MA,10000,0
8229,41,34,586,standard,FR,10000,0
550,66,239,679,premium,FR,5000,0
8603,43,211,717,standard,MA,5000,0
12040,47,102,749,standard,MA,10000,0
12307,34,238,696,premium,FR,10000,0
2981,38,211,571,standard,FR,5000,1
6114,50,18,816,premium,FR,5000,0
9254,22,212,765,standard,MA,20000,0
268,30,227,536,pro,MA,10000,1
7867,67,6,589,standard,ES,20000,0
6951,20,81,744,standard,MA,20000,0
2660,59,57,447,standard,MA,10000,1
1225,46,222,716,standard,MA,5000,0
7689,34,175,662,premium,MA,10000,0
10722,61,76,460,standard,MA,5000,1
494,68,207,374,pro,MA,10000,0
13254,31,64,822,premium,GB,20000,0
14170,48,121,698,standard,ES,5000,1
6021,33,133,734,standard,DE,5000,2
11604,53,176,487,standard,MA,5000,0
12762,27,118,666,premium,FR,20000,0
5457,60,210,730,standard,MA,10000,0
4564,51,14,417,premium,MA,20000,0
6970,31,102,702,standard,MA,20000,0
11381,41,100,562,standard,MA,20000,0
5898,18,122,509,standard,MA,10000,0
24,23,170,750,standard,MA,5000,0
4711,63,111,499,standard,MA,5000,0
3816,56,126,840,standard,MA,50000,1
12440,43,171,724,premium,MA,10000,0
14321,28,220,446,premium,FR,10000,0
13507,32,179,829,standard,FR,20000,0
10703,71,41,488,premium,ES,5000,1
11258,66,210,770,premium,MA,20000,0
5737,62,155,334,standard,MA,10000,0
10650,66,171,448,standard,GB,5000,1
2438,39,223,660,premium,MA,10000,2
190,55,113,485,standard,ES,20000,1
14603,51,219,480,standard,MA,5000,0
6426,50,113,533,standard,MA,10000,0
14169,54,186,698,pro,DE,50000,0
11719,71,224,748,standard,FR,5000,0
13160,52,203,308,standard,FR,20000,0
3020,32,49,782,standard,ES,10000,2
648,31,55,636,premium,GB,5000,1
1734,53,133,368,standard,MA,10000,0
13245,23,218,753,standard,MA,20000,0
2219,72,89,653,standard,MA,20000,0
5251,44,56,425,standard,FR,5000,1
4476,47,40,563,standard,DE,10000,2
4566,52,166,513,standard,MA,5000,0
4576,63,102,815,standard,MA,5000,1
10186,50,213,356,standard,FR,5000,1
7712,22,57,756,standard,MA,20000,1
12243,49,81,348,pro,FR,5000,0
5426,21,38,548,premium,FR,5000,0
1651,58,220,556,standard,MA,5000,0
1980,19,200,673,standard,FR,5000,0
8766,33,90,593,standard,GB,5000,0
14116,68,114,675,premium,DE,5000,1
7280,67,100,718,premium,FR,10000,0
8486,38,19,836,standard,MA,10000,0
10891,53,186,813,premium,MA,10000,0
4890,66,214,799,premium,ES,5000,0
8498,50,13,754,standard,MA,10000,0
3300,54,152,375,pro,MA,10000,0
327,18,180,435,standard,FR,10000,0
11108,69,236,793,standard,FR,10000,0
13023,21,167,647,standard,ES,10000,0
1212,55,46,748,standard,MA,10000,0
11616,50,93,316,standard,MA,10000,0
13241,36,50,456,standard,GB,5000,1
1917,68,50,844,premium,DE,10000,0
8194,45,89,588,premium,DE,5000,0
14950,37,97,746,premium,MA,20000,0
8938,41,133,562,pro,FR,10000,0
1278,27,62,437,premium,ES,5000,0
12087,34,9,452,premium,MA,10000,1
13374,35,100,709,standard,MA,5000,0
3848,66,35,830,premium,ES,5000,1
3897,74,158,599,standard,MA,10000,1
7108,48,115,536,standard,MA,5000,0
12402,58,188,578,premium,FR,10000,1
2783,70,224,771,premium,MA,10000,0
6900,26,144,447,standard,FR,20000,0
4359,71,18,712,premium,MA,20000,0
5772,51,87,386,standard,MA,10000,0
4428,33,62,490,standard,ES,5000,0
12422,70,74,391,standard,FR,20000,0
4925,47,228,808,standard,MA,5000,0
2919,43,214,568,premium,FR,10000,1
6883,36,161,535,premium,MA,5000,0
11473,42,27,328,standard,MA,5000,1
2313,46,156,702,pro,FR,10000,1
5523,27,165,503,standard,FR,5000,0
9493,43,232,783,standard,DE,50000,0
14977,23,207,648,premium,FR,20000,0
10004,71,198,685,standard,FR,5000,0
6668,26,235,493,standard,MA,5000,1
12144,47,31,827,standard,ES,5000,1
6535,55,223,359,premium,FR,5000,1
7046,38,198,759,standard,MA,20000,0
5056,73,2,544,standard,MA,10000,1
564,20,125,481,standard,ES,5000,0
12892,33,93,353,premium,FR,5000,0
1922,64,192,810,premium,MA,10000,0
5187,44,110,356,standard,MA,5000,0
428,48,225,646,standard,MA,5000,0
11100,60,70,844,premium,FR,5000,0
8207,48,38,809,standard,MA,10000,0
13578,60,116,332,standard,MA,20000,1
9525,32,53,601,standard,MA,10000,1
9566,61,90,474,premium,ES,5000,1
12801,41,195,329,standard,FR,10000,0
9465,71,17,428,premium,MA,10000,0
5584,21,154,397,standard,ES,20000,0
2958,44,197,436,standard,FR,10000,0
8274,37,181,493,premium,MA,10000,1
10422,45,174,639,standard,DE,5000,0
3142,54,160,775,pro,MA,20000,0
8025,47,153,692,premium,ES,10000,1
8327,22,80,544,standard,GB,5000,1
9145,60,238,343,premium,MA,10000,0
12961,30,224,559,standard,ES,20000,0
5035,53,222,388,standard,MA,20000,1
429,63,228,674,standard,MA,5000,0
74,46,224,325,standard,FR,10000,0
8307,74,168,774,standard,MA,10000,0
11747,63,126,680,standard,DE,10000,0
11265,18,214,795,standard,MA,5000,0
5062,63,15,395,standard,MA,5000,0
14611,20,64,510,premium,FR,10000,0
4317,47,204,841,standard,ES,5000,0
11856,60,188,560,standard,MA,5000,3
4717,45,115,505,premium,DE,10000,0
5216,46,133,523,standard,DE,10000,0
13899,67,47,812,premium,MA,50000,0
11910,64,160,814,standard,MA,50000,0
4290,68,207,669,standard,MA,5000,0
398,35,144,504,standard,ES,10000,0
4347,18,168,380,pro,FR,10000,0
2882,27,145,691,premium,MA,10000,1
14554,37,141,787,premium,FR,5000,1
3508,63,172,358,standard,ES,10000,0
10352,70,143,522,standard,MA,10000,0
9512,70,10,771,standard,FR,10000,0
8267,28,121,453,premium,MA,20000,0
10568,23,107,365,standard,FR,5000,0
1568,21,24,456,pro,MA,5000,1
8628,39,151,552,pro,MA,10000,1
4402,50,83,561,premium,MA,20000,0
2236,68,205,629,pro,ES,5000,1
4158,45,78,356,standard,ES,10000,1
3910,66,119,380,pro,FR,5000,1
514,23,106,386,premium,MA,10000,2
4603,43,31,693,standard,MA,5000,0
1677,69,109,331,standard,MA,10000,0
11991,40,24,791,standard,FR,5000,0
8875,28,220,796,standard,MA,10000,1
10553,46,31,814,standard,MA,50000,0
12956,59,43,524,pro,MA,20000,0
2149,69,25,490,standard,MA,20000,1
13896,59,167,526,standard,MA,5000,0
14898,59,225,671,standard,MA,5000,0
1627,48,171,490,standard,MA,20000,0
5469,24,38,331,premium,MA,10000,0
6784,36,103,358,standard,MA,10000,0
1083,51,21,762,pro,MA,10000,0
5735,24,212,422,premium,MA,10000,0
7330,46,9,560,standard,ES,10000,0
9273,27,167,561,standard,MA,10000,0
4693,41,30,557,standard,MA,10000,0
3742,45,223,509,standard,MA,20000,0
13303,18,197,365,premium,FR,5000,0
5355,59,209,649,standard,FR,10000,0
13918,53,75,596,standard,MA,5000,0
6258,52,206,492,standard,MA,20000,1
5501,71,58,526,premium,MA,5000,0
11360,61,227,681,pro,GB,20000,1
6966,61,128,643,standard,MA,10000,0
12972,57,126,357,standard,MA,10000,0
10671,53,229,768,premium,MA,5000,0
13537,23,233,779,premium,MA,10000,0
4843,61,114,514,standard,MA,10000,0
2207,45,212,582,standard,MA,10000,0
13149,54,28,324,premium,GB,10000,0
13552,46,28,823,standard,MA,10000,1
2757,41,209,393,premium,GB,20000,0
1721,64,207,708,standard,MA,5000,0
9942,29,177,413,standard,FR,5000,0
11556,71,179,341,premium,ES,10000,0
14421,68,197,659,premium,MA,10000,1
11018,25,72,537,premium,MA,20000,0
60,72,66,532,standard,DE,5000,0
3407,55,146,634,standard,MA,5000,0
5829,32,78,490,premium,DE,10000,0
7764,56,155,626,standard,GB,20000,0
4715,58,179,511,standard,MA,5000,0
12405,29,116,634,premium,FR,20000,0
12081,56,115,456,standard,GB,5000,0
2941,31,187,442,standard,GB,10000,2
1709,71,219,783,standard,MA,5000,0
6026,58,233,335,pro,ES,10000,0
10503,26,10,820,standard,FR,5000,1
12803,64,208,630,premium,MA,5000,0
3471,43,23,826,standard,FR,5000,0
2777,47,114,699,pro,MA,50000,0
6804,66,105,645,premium,MA,5000,0
3121,22,34,651,standard,MA,20000,0
7092,20,128,649,standard,MA,5000,1
11571,60,92,507,standard,MA,10000,0
381,67,52,601,premium,MA,5000,0
8970,28,177,757,standard,DE,10000,0
14519,71,109,726,standard,FR,5000,0
14220,69,75,364,premium,FR,20000,0
14852,54,192,500,pro,ES,20000,0
12500,55,78,623,premium,MA,10000,0
5748,18,53,529,standard,DE,10000,0
12349,46,128,301,standard,MA,10000,0
3040,30,116,787,standard,MA,10000,0
3174,58,52,626,standard,MA,10000,0
5854,49,85,661,premium,MA,5000,1
14294,28,74,742,standard,FR,20000,0
13751,23,230,461,standard,MA,10000,0
2968,19,226,527,standard,ES,5000,0
4286,66,118,690,standard,MA,10000,0
1085,71,107,751,premium,MA,5000,0
3815,36,110,724,standard,ES,5000,0
1341,34,166,734,standard,DE,10000,0
600,23,17,419,standard,ES,10000,0
2057,71,115,650,standard,MA,50000,0
5213,29,102,728,standard,DE,5000,0
9936,60,233,609,standard,MA,5000,0
6962,49,226,476,premium,MA,20000,0
321,20,91,515,standard,MA,5000,0
13962,69,93,351,standard,ES,5000,1
9924,63,100,519,premium,MA,20000,1
5082,22,118,307,pro,MA,20000,0
11263,41,229,589,standard,MA,20000,0
2224,65,221,689,standard,MA,10000,1
10429,23,227,432,pro,MA,5000,0
10226,63,157,581,standard,FR,5000,1
112,68,66,333,premium,MA,5000,0
5733,73,93,583,standard,MA,5000,1
3063,30,3,567,premium,MA,20000,0
1802,43,189,498,standard,MA,10000,0
12195,40,163,376,standard,DE,5000,1
12604,38,52,533,pro,MA,5000,0
7375,50,100,483,standard,MA,20000,0
5333,20,49,713,standard,MA,5000,1
8236,46,64,613,premium,MA,20000,0
11314,53,21,363,standard,MA,5000,0
12213,52,126,590,pro,GB,5000,0
2189,34,54,569,standard,MA,10000,1
3518,36,39,473,premium,MA,10000,0
10634,26,40,343,standard,ES,5000,0
12811,44,25,726,standard,FR,20000,0
9051,58,149,626,standard,MA,10000,1
12424,53,61,696,premium,FR,10000,0
2336,52,140,647,premium,MA,10000,4
1671,63,16,333,standard,FR,5000,0
11096,29,95,774,standard,MA,10000,0
3909,61,122,561,standard,FR,50000,0
13859,19,8,697,standard,MA,20000,0
12579,49,53,779,standard,MA,5000,0
9238,63,96,557,standard,MA,10000,0
944,19,113,603,pro,MA,10000,0
6412,28,226,782,standard,FR,5000,0
8754,36,180,363,premium,MA,10000,2
1640,57,222,339,standard,MA,10000,0
1836,67,186,735,standard,ES,10000,1
14706,63,164,624,premium,MA,10000,0
13769,39,171,526,pro,MA,5000,0
13121,22,27,803,premium,MA,5000,0
11598,25,9,764,premium,MA,10000,1
14262,39,136,784,standard,MA,10000,0
11304,57,179,478,standard,MA,50000,0
12900,41,178,795,premium,MA,5000,0
2144,51,190,588,standard,MA,10000,0
8445,41,48,300,pro,FR,5000,0
1414,47,14,438,standard,MA,5000,0
2517,42,155,831,premium,MA,20000,0
7556,27,135,460,premium,MA,20000,0
7488,46,95,366,standard,ES,5000,0
12622,23,176,379,standard,MA,5000,0
10741,20,111,679,standard,FR,50000,1
9867,67,59,795,standard,ES,50000,1
3539,23,162,735,standard,ES,5000,1
13416,20,119,414,standard,GB,5000,0
8674,69,91,746,standard,FR,5000,0
8781,41,70,807,standard,GB,10000,0
14021,59,141,355,standard,MA,10000,1
7482,61,182,322,standard,MA,5000,1
7579,74,74,725,pro,MA,10000,0
2629,34,220,538,standard,FR,50000,0
3661,44,103,578,premium,MA,5000,0
14659,19,2,788,standard,FR,5000,0
6927,26,57,319,standard,MA,10000,0
3669,30,103,641,premium,MA,20000,0
8398,41,235,303,premium,MA,10000,0
5742,31,4,631,standard,MA,20000,0
3530,61,87,357,premium,DE,5000,0
326,50,12,365,standard,GB,5000,0
9753,60,23,549,pro,MA,10000,0
9565,73,212,826,premium,MA,10000,0
1998,26,233,679,standard,MA,5000,0
14327,20,121,469,pro,MA,10000,0
3044,40,13,368,pro,ES,5000,0
3839,51,58,459,standard,MA,5000,0
9485,59,95,661,premium,FR,10000,0
10551,52,223,654,pro,MA,10000,0
4057,56,55,539,standard,MA,5000,0
10970,53,221,571,standard,MA,20000,0
9718,67,116,366,premium,MA,5000,3
2070,45,49,666,standard,DE,20000,1
12303,39,197,768,premium,FR,10000,0
9885,56,113,658,premium,FR,20000,1
2803,55,225,622,pro,ES,5000,0
8312,22,40,747,standard,MA,5000,1
5212,40,148,493,standard,MA,5000,0
1044,63,219,726,standard,FR,5000,0
4061,27,190,459,standard,MA,10000,1
14793,56,75,724,premium,MA,20000,1
9439,60,214,485,premium,ES,5000,0
3595,39,101,693,standard,MA,20000,1
11872,56,22,367,standard,MA,50000,0
6361,35,54,516,standard,MA,5000,1
9385,23,127,375,standard,MA,5000,0
780,62,161,667,pro,MA,10000,0
8046,58,151,744,standard,FR,5000,0
6740,52,57,846,standard,FR,10000,0
2961,27,58,304,premium,MA,10000,1
2084,43,101,564,standard,MA,20000,1
11433,45,19,670,standard,DE,10000,0
10962,27,123,738,premium,FR,50000,1
2587,27,183,532,premium,MA,10000,0
9802,44,181,578,pro,FR,20000,0
5103,18,51,444,standard,MA,5000,2
6451,58,77,768,premium,ES,20000,0
9098,62,48,378,standard,FR,10000,1
4388,37,68,442,standard,FR,10000,1
7302,70,175,818,standard,MA,10000,1
14356,63,184,648,standard,ES,5000,0
12761,52,61,609,standard,MA,10000,2
12635,32,169,381,standard,MA,20000,1
14678,33,86,834,premium,MA,10000,0
10259,31,199,407,standard,GB,5000,0
1951,56,61,843,pro,GB,10000,0
12823,29,21,617,standard,ES,5000,0
5794,37,147,310,premium,FR,5000,2
9123,21,211,337,premium,MA,10000,0
6831,65,111,692,standard,MA,20000,0
5984,37,104,601,standard,MA,20000,0
5007,38,81,432,premium,MA,5000,0
4624,40,23,806,standard,MA,50000,0
10875,42,30,541,premium,MA,5000,0
7217,55,239,384,standard,MA,50000,0
3970,33,211,754,standard,ES,5000,0
12958,63,102,667,standard,ES,5000,0
5164,47,235,424,standard,DE,5000,0
1674,58,123,830,pro,FR,10000,0
2943,73,199,442,premium,MA,5000,1
7490,35,201,360,standard,MA,20000,0
2830,25,42,783,standard,GB,5000,0
9541,68,9,561,standard,MA,10000,0
11871,27,208,459,standard,MA,10000,1
911,49,18,657,pro,MA,5000,0
31,55,51,547,premium,MA,20000,0
11833,37,187,623,standard,MA,10000,0
2449,21,41,694,standard,MA,10000,0
8838,27,88,322,standard,ES,10000,0
12839,50,78,359,standard,MA,20000,0
13453,45,52,494,premium,MA,10000,1
9061,24,60,483,standard,MA,20000,1
8167,23,55,500,standard,MA,10000,0
5590,44,182,820,pro,MA,10000,1
10827,73,37,616,standard,MA,10000,0
11512,35,190,728,premium,GB,50000,0
5094,28,20,323,pro,FR,5000,1
4435,60,131,546,standard,ES,10000,0
7975,36,163,802,premium,MA,10000,1
2295,74,151,462,standard,FR,5000,0
7061,66,107,633,premium,MA,50000,1
10084,29,165,593,pro,ES,5000,1
9710,49,203,476,standard,MA,5000,0
9203,67,85,305,standard,ES,5000,0
7845,60,7,391,pro,MA,50000,2
8882,40,166,808,standard,FR,10000,1
9288,62,162,629,pro,MA,10000,1
4592,52,92,769,standard,MA,5000,1
3012,69,91,535,standard,FR,5000,1
7948,45,47,406,standard,MA,10000,0
4611,64,222,438,premium,FR,20000,0
3150,33,76,406,standard,MA,20000,0
8774,44,8,698,pro,MA,20000,0
8083,58,193,610,pro,MA,20000,0
8874,31,113,809,premium,MA,5000,0
4415,41,81,516,premium,FR,50000,0
13515,38,155,439,standard,ES,10000,0
4183,49,144,539,pro,FR,5000,1
1705,57,144,846,premium,FR,10000,0
10096,71,116,392,standard,FR,10000,0
6137,21,178,370,standard,MA,5000,0
4337,44,118,378,pro,ES,20000,1
13437,57,163,685,standard,MA,10000,0
13352,61,92,594,premium,FR,5000,1
3250,53,176,628,standard,MA,20000,2
14076,50,89,640,premium,MA,5000,0
367,73,178,656,pro,ES,5000,0
14816,33,51,824,standard,MA,10000,0
3103,54,113,546,standard,MA,10000,0
12301,22,104,427,premium,MA,5000,1
9813,57,101,833,standard,ES,5000,0
277,36,56,847,premium,FR,5000,0
13239,23,208,573,standard,ES,10000,0
4745,42,183,704,pro,MA,10000,0
6837,57,200,469,premium,MA,10000,0
3465,35,131,561,standard,MA,20000,0
619,39,61,762,premium,MA,20000,1
6370,59,225,510,standard,DE,10000,1
6224,74,89,399,premium,ES,10000,0
11086,26,184,570,standard,MA,5000,0
8493,69,177,802,pro,GB,10000,1
10336,42,209,457,premium,ES,5000,0
995,46,39,747,standard,FR,20000,0
13055,49,105,592,standard,MA,10000,0
14798,55,42,777,standard,FR,10000,0
4886,56,28,353,premium,MA,20000,2
2631,72,39,608,premium,ES,5000,0
10368,51,137,663,standard,MA,5000,0
4985,63,96,548,pro,ES,20000,0
9825,50,23,581,standard,MA,5000,0
6275,18,57,626,standard,FR,5000,1
12751,23,56,837,standard,ES,5000,0
9854,24,93,417,standard,FR,10000,0
3790,68,144,323,standard,FR,5000,0
11346,37,177,741,standard,FR,10000,2
51,59,119,837,standard,MA,10000,0
7573,31,4,683,standard,FR,50000,0
9673,18,159,718,standard,ES,5000,0
13508,43,135,825,standard,MA,50000,0
1108,58,92,815,standard,MA,5000,0
12109,25,29,342,standard,MA,20000,1
1586,62,202,843,pro,MA,5000,2
14225,60,93,621,standard,FR,5000,1
3388,39,18,619,premium,GB,10000,0
7279,74,208,753,standard,DE,20000,0
8611,64,49,762,premium,MA,5000,0
613,69,229,491,premium,MA,5000,0
14122,59,161,591,pro,MA,5000,0
2104,20,165,322,premium,MA,10000,1
11624,34,213,522,standard,MA,5000,0
5831,71,171,712,premium,DE,10000,0
7480,24,119,352,premium,MA,20000,0
9450,54,164,307,standard,FR,5000,0
8645,36,79,378,pro,MA,10000,0
10657,34,141,389,pro,MA,10000,1
3104,64,156,529,standard,MA,5000,0
1124,41,116,801,standard,MA,10000,0
12988,42,13,616,premium,ES,20000,0
3485,73,42,466,standard,FR,5000,0
262,47,123,674,premium,MA,20000,1
1398,66,146,323,premium,MA,5000,0
5982,45,158,393,standard,GB,5000,0
3836,60,231,770,pro,FR,10000,1
2598,54,141,330,pro,MA,5000,0
14938,73,163,763,premium,MA,5000,0
3290,48,182,775,standard,MA,5000,1
1624,45,42,503,standard,MA,5000,2
9848,32,123,517,premium,DE,50000,1
5115,60,65,325,standard,GB,20000,0
14455,50,60,374,premium,GB,5000,1
705,29,204,808,standard,MA,5000,1
297,69,81,767,standard,MA,20000,0
14399,21,3,534,standard,FR,10000,0
8389,55,27,829,standard,MA,10000,0
5847,73,198,539,standard,FR,10000,0
12265,67,190,337,premium,MA,5000,0
11013,45,154,771,premium,FR,5000,0
9505,38,170,801,standard,FR,20000,0
10377,51,79,680,standard,MA,5000,1
3733,46,86,777,standard,MA,20000,0
1740,21,168,691,standard,ES,5000,1
12525,19,116,464,standard,MA,20000,0
6233,47,157,540,premium,MA,10000,0
6568,63,137,812,standard,MA,10000,0
7188,23,94,491,premium,MA,50000,2
5332,46,124,747,standard,DE,20000,0
13632,56,129,655,standard,MA,5000,0
7273,60,54,506,standard,FR,10000,0
13743,73,235,761,premium,MA,5000,1
1785,21,184,424,standard,MA,50000,0
1397,24,88,677,standard,MA,10000,0
4094,19,133,546,standard,MA,20000,0
7977,33,11,320,standard,MA,5000,1
9557,36,105,622,standard,DE,5000,0
5031,68,216,775,pro,FR,20000,1
459,48,219,408,premium,MA,20000,0
5929,71,32,490,standard,DE,5000,2
7933,67,199,569,standard,MA,10000,0
2948,60,58,721,standard,MA,10000,0
3877,21,71,759,standard,MA,10000,1
12573,18,150,627,premium,MA,5000,0
3221,27,141,397,premium,MA,20000,0
8756,74,138,698,standard,FR,20000,0
5841,54,121,672,standard,ES,20000,1
4719,61,211,827,premium,ES,5000,1
9513,31,156,513,pro,MA,10000,0
11815,61,10,767,pro,FR,20000,0
1932,71,36,843,premium,MA,20000,0
3627,50,2,317,standard,MA,10000,0
2684,70,197,440,pro,ES,10000,1
5215,51,63,432,standard,MA,5000,1
10913,34,162,454,standard,MA,20000,0
3394,57,71,787,standard,ES,20000,1
5231,56,16,441,standard,DE,5000,0
11597,20,119,620,premium,MA,5000,0
10345,41,60,376,standard,GB,5000,0
11519,33,111,487,premium,FR,10000,0
14464,29,67,771,premium,MA,5000,1
3980,25,213,751,premium,ES,5000,1
14790,56,226,560,pro,ES,10000,0
12789,72,226,657,standard,FR,50000,0
14310,31,128,686,premium,MA,5000,0
2026,71,119,755,premium,FR,5000,0
14722,57,115,459,premium,MA,10000,1
8005,44,7,717,standard,DE,5000,0
9841,32,186,544,premium,MA,10000,0
10222,62,239,837,standard,FR,10000,0
11419,54,128,703,standard,MA,10000,0
4150,25,132,769,premium,FR,10000,2
6489,29,138,445,standard,DE,5000,2
2729,61,155,838,premium,FR,5000,0
724,48,60,722,standard,MA,10000,0
4941,47,6,544,standard,MA,20000,0
2393,40,174,729,standard,GB,5000,0
2213,41,82,766,standard,MA,5000,0
10937,60,234,307,premium,FR,20000,0
11472,49,108,404,standard,MA,20000,1
9120,23,75,802,pro,FR,10000,0
2111,59,215,735,standard,MA,5000,0
14418,30,159,789,premium,GB,10000,0
2388,54,9,408,pro,MA,5000,0
11964,24,77,454,premium,MA,20000,0
6255,73,1,615,pro,FR,10000,0
2657,32,141,705,premium,DE,50000,0
2766,52,195,807,standard,MA,5000,0
6849,64,152,614,premium,FR,10000,0
8751,58,74,753,premium,MA,20000,0
4537,53,184,615,pro,MA,5000,0
1988,54,6,779,premium,MA,5000,0
14345,36,83,764,standard,MA,10000,0
657,70,197,621,premium,ES,5000,0
7418,46,181,330,standard,MA,10000,0
2731,28,94,797,standard,MA,5000,0
13397,23,228,320,standard,FR,10000,0
13649,43,202,439,standard,ES,10000,1
8417,41,155,441,pro,MA,10000,0
11526,27,156,549,standard,MA,5000,0
7618,43,32,598,standard,MA,10000,0
8195,48,144,541,premium,DE,10000,0
14391,29,199,807,premium,MA,5000,0
12810,28,45,786,pro,MA,5000,1
14441,71,206,448,standard,FR,5000,1
11284,46,182,485,standard,GB,10000,0
11667,24,129,766,premium,MA,5000,0
13847,19,105,313,standard,MA,5000,0
9168,25,45,461,premium,MA,5000,1
12642,50,54,618,standard,MA,5000,0
6015,48,221,527,premium,MA,10000,0
2868,38,66,800,pro,MA,10000,1
11819,52,69,377,standard,MA,10000,0
6758,50,230,625,standard,GB,10000,0
12554,61,162,346,standard,MA,10000,0
3244,26,46,377,premium,ES,10000,1
476,63,228,605,premium,MA,5000,0
1826,53,24,423,standard,GB,10000,0
11713,68,205,385,standard,DE,50000,2
2363,23,148,629,standard,MA,5000,0
6069,39,131,838,premium,FR,20000,0
6335,38,118,577,standard,MA,20000,0
4810,59,122,816,standard,FR,20000,1
13937,42,211,718,standard,MA,5000,0
3974,54,190,741,premium,MA,10000,1
10302,73,130,783,premium,MA,10000,0
13459,29,31,760,premium,MA,10000,0
8785,54,182,711,standard,MA,5000,0
2852,40,184,733,standard,MA,10000,1
7673,20,1,497,premium,FR,5000,1
889,46,108,575,standard,FR,10000,0
6852,31,12,509,premium,ES,20000,1
6310,54,153,305,standard,MA,10000,1
2175,68,79,383,pro,FR,20000,0
2983,68,230,757,standard,FR,10000,0
13080,43,82,792,standard,MA,10000,0
1641,60,46,768,standard,ES,10000,0
10104,57,207,571,standard,GB,10000,0
8036,52,86,786,pro,MA,5000,0
10486,70,237,538,standard,MA,50000,1
7628,54,73,831,standard,DE,10000,1
10064,54,176,535,standard,MA,5000,0
1198,33,109,336,standard,MA,10000,1
5573,46,173,818,standard,MA,10000,1
802,62,4,399,premium,FR,20000,0
13077,56,9,735,pro,MA,10000,0
10559,55,132,342,standard,MA,5000,0
11700,54,124,805,standard,MA,20000,1
4764,23,82,846,premium,MA,5000,0
12851,71,73,755,premium,MA,20000,0
14615,60,215,695,pro,MA,20000,1
9127,36,208,519,pro,MA,5000,1
5042,25,116,586,premium,MA,5000,1
774,50,8,382,premium,MA,10000,0
14887,18,142,499,standard,FR,10000,0
8541,21,81,442,pro,MA,5000,2
14412,66,235,372,premium,MA,50000,0
4013,69,5,670,standard,MA,5000,0
3531,33,185,308,premium,FR,10000,0
6904,72,170,791,standard,MA,10000,2
11105,30,189,457,pro,MA,20000,0
7828,53,66,371,premium,MA,50000,0
13556,58,118,701,standard,ES,5000,0
1087,44,5,750,standard,MA,10000,0
12230,41,152,685,standard,GB,5000,2
11441,25,235,653,premium,MA,5000,0
2585,18,96,809,standard,FR,5000,0
9154,71,109,505,premium,MA,5000,0
10929,61,80,705,standard,FR,10000,0
8558,69,162,808,standard,FR,10000,0
8846,29,135,603,standard,FR,50000,0
7635,22,126,812,standard,MA,50000,0
6708,59,63,475,standard,ES,5000,1
1519,45,36,605,standard,MA,10000,0
7260,42,176,669,standard,MA,10000,1
4540,63,157,632,premium,MA,5000,1
7911,70,114,510,standard,ES,20000,0
2286,27,226,390,standard,MA,20000,1
10954,71,24,614,premium,MA,20000,0
6338,66,170,597,premium,DE,5000,0
10735,68,162,379,standard,ES,10000,0
2500,48,59,752,standard,MA,10000,1
12943,65,149,838,standard,FR,5000,0
9336,59,26,622,premium,FR,10000,0
10444,53,138,814,standard,ES,20000,1
2242,73,67,532,standard,DE,10000,0
10600,44,109,732,standard,ES,5000,0
9292,26,43,386,premium,ES,20000,1
1091,19,234,702,pro,FR,10000,0
7797,64,128,404,standard,MA,50000,1
9146,27,220,552,standard,MA,5000,0
12274,45,139,651,premium,MA,5000,0
7887,73,111,382,premium,ES,5000,0
8529,37,105,363,premium,MA,10000,1
9545,23,92,320,standard,MA,5000,0
935,61,44,690,premium,ES,5000,0
5359,34,111,312,premium,MA,20000,1
1842,39,217,792,pro,MA,20000,0
11073,49,227,515,standard,MA,5000,0
461,60,122,503,standard,DE,20000,0
1347,74,124,762,standard,FR,10000,0
9881,38,75,322,standard,MA,5000,0
11097,27,163,668,premium,MA,5000,0
6405,52,16,581,premium,DE,5000,0
853,35,103,681,standard,MA,10000,0
13588,29,120,476,premium,FR,5000,0
6319,40,85,410,premium,FR,10000,0
1580,46,177,346,premium,DE,10000,0
12125,68,108,837,standard,ES,10000,0
8812,47,65,391,standard,FR,20000,1
1576,38,66,665,standard,FR,5000,1
6899,60,11,429,standard,MA,5000,0
7415,61,35,526,premium,MA,5000,0
13218,48,172,788,premium,FR,10000,0
14369,28,59,815,standard,DE,5000,1
696,26,162,534,standard,MA,5000,0
6663,34,155,324,standard,MA,20000,0
12686,21,149,536,pro,MA,10000,1
12856,46,100,653,standard,MA,5000,0
7072,20,169,412,standard,MA,20000,0
12996,64,155,302,premium,MA,10000,0
12293,29,164,493,standard,MA,20000,1
3183,63,239,710,standard,FR,5000,0
10811,53,217,504,premium,MA,5000,0
3051,67,80,671,premium,MA,10000,0
7704,64,23,388,premium,MA,10000,0
8257,45,152,462,standard,MA,10000,0
1545,34,101,569,pro,MA,5000,0
8508,45,107,799,standard,MA,5000,0
1067,51,146,775,standard,ES,10000,0
1457,72,97,327,premium,ES,20000,0
6605,49,71,486,standard,MA,5000,1
12927,39,222,775,standard,MA,5000,1
11104,38,229,378,standard,MA,5000,2
3114,42,153,424,standard,MA,10000,1
14105,64,8,533,premium,FR,50000,0
7710,65,110,515,standard,FR,10000,0
12947,19,49,508,pro,FR,20000,0
2012,63,235,742,standard,MA,5000,0
5196,36,138,353,standard,DE,20000,2
1642,51,72,444,premium,DE,5000,0
14957,34,211,458,standard,MA,5000,1
7196,54,103,536,standard,FR,10000,0
9100,65,174,845,premium,DE,10000,0
5654,64,87,380,standard,FR,20000,0
7137,57,11,758,premium,ES,10000,0
8139,73,94,382,standard,MA,10000,0
7806,59,24,795,standard,GB,20000,3
8248,66,61,607,pro,MA,10000,0
10645,35,196,573,standard,MA,20000,0
10134,71,75,319,standard,MA,10000,0
4586,35,44,572,premium,MA,10000,0
14437,27,42,485,pro,ES,20000,1
9227,48,6,707,standard,MA,10000,0
2582,54,50,387,premium,FR,5000,0
11955,58,30,818,premium,ES,50000,0
13496,18,233,667,premium,GB,5000,0
9163,68,98,392,premium,DE,20000,0
4052,36,57,427,standard,MA,10000,1
5741,71,234,323,standard,MA,5000,1
9884,36,98,763,premium,MA,5000,0
5703,61,70,478,standard,MA,10000,1
7229,56,231,787,standard,MA,50000,0
1381,28,230,592,premium,FR,20000,0
2689,24,70,819,premium,ES,5000,0
14373,61,197,625,pro,MA,10000,0
11537,22,105,514,pro,FR,20000,0
11256,56,128,470,pro,DE,5000,0
10791,22,163,417,premium,FR,50000,0
13483,73,122,337,pro,ES,5000,1
1391,36,190,681,standard,ES,5000,1
10541,60,33,745,standard,MA,20000,0
9534,46,123,713,pro,FR,5000,0
6186,18,170,364,standard,MA,10000,0
14398,74,150,746,standard,ES,5000,1
9588,49,195,758,premium,ES,5000,0
2873,43,137,825,standard,MA,5000,0
4604,66,58,714,premium,MA,50000,0
8085,73,183,711,pro,MA,5000,2
14346,33,89,427,pro,FR,10000,0
9901,55,10,849,standard,MA,10000,0
8659,52,196,423,standard,MA,5000,0
12866,41,112,543,standard,MA,5000,1
5661,33,44,470,premium,FR,10000,0
14939,43,50,794,premium,GB,10000,0
13222,38,211,572,premium,FR,5000,0
5472,32,207,743,premium,MA,20000,1
13020,49,45,611,standard,FR,5000,1
1573,48,52,685,standard,MA,5000,0
11752,73,122,345,premium,ES,50000,0
9853,51,156,720,pro,MA,10000,0
368,66,79,735,pro,MA,10000,1
2373,31,195,369,premium,MA,20000,0
7925,54,171,635,standard,MA,20000,1
10515,37,230,427,pro,GB,10000,1
9237,33,163,425,premium,MA,50000,2
7653,42,56,810,standard,ES,20000,0
2915,30,218,619,premium,ES,10000,1
1815,56,14,768,standard,MA,10000,1
517,65,181,830,standard,ES,20000,0
4277,60,112,847,standard,MA,10000,0
416,74,32,819,pro,MA,5000,0
1513,36,38,747,standard,MA,5000,0
1680,42,74,676,pro,FR,10000,0
5096,74,117,811,premium,MA,10000,0
9310,73,93,406,standard,MA,10000,0
6219,65,232,678,standard,MA,20000,0
13176,47,32,314,standard,FR,10000,0
8041,29,29,807,premium,FR,20000,1
7452,32,174,575,premium,MA,10000,0
13255,21,86,486,premium,MA,5000,0
7257,30,133,434,standard,MA,5000,0
11553,38,21,319,premium,MA,10000,0
11021,43,185,765,standard,FR,10000,3
8914,25,124,655,premium,FR,20000,0
6910,65,139,614,pro,MA,5000,0
11891,49,196,487,premium,FR,50000,2
2705,23,151,599,standard,MA,20000,1
8289,67,134,815,standard,MA,5000,0
8332,41,93,645,standard,MA,50000,2
14923,33,121,563,standard,MA,50000,0
10410,48,11,751,pro,ES,20000,1
3616,34,100,824,standard,MA,5000,0
6621,56,14,346,pro,MA,5000,0
2778,73,91,777,standard,MA,20000,0
5559,45,226,657,standard,MA,5000,1
981,73,176,571,standard,MA,50000,0
14172,26,11,447,premium,MA,50000,1
310,21,18,619,premium,MA,50000,0
8929,55,181,670,premium,MA,10000,0
7687,47,179,310,standard,DE,5000,0
3951,63,112,689,pro,DE,5000,0
13477,57,91,319,standard,ES,5000,1
1279,64,220,684,standard,FR,5000,0
6678,68,232,385,standard,DE,5000,1
11015,65,117,630,pro,FR,50000,0
6449,46,65,305,premium,MA,10000,0
13192,36,61,550,premium,MA,5000,0
13263,70,24,349,pro,MA,5000,0
12404,35,1,783,standard,MA,5000,0
10044,52,208,445,standard,MA,5000,0
1750,55,236,806,standard,FR,10000,0
13091,58,11,714,premium,MA,5000,0
7307,47,216,847,pro,ES,10000,0
10089,23,145,429,standard,MA,10000,0
14475,61,4,461,standard,MA,10000,0
8864,39,186,598,standard,DE,20000,0
4331,29,154,303,standard,FR,10000,0
3310,32,226,509,standard,ES,20000,0
6885,54,123,507,standard,MA,20000,0
7943,29,69,338,standard,MA,20000,0
1604,24,187,834,standard,MA,5000,0
639,33,171,574,standard,FR,5000,0
3694,39,98,760,premium,MA,10000,0
5609,74,165,510,standard,MA,5000,1
10361,46,54,554,standard,FR,5000,0
14585,39,25,712,premium,DE,5000,0
8044,43,125,418,premium,ES,10000,0
9524,53,80,630,premium,MA,10000,1
3075,38,106,813,standard,FR,5000,0
13665,18,169,361,pro,MA,5000,0
10911,39,205,364,premium,ES,5000,0
10512,52,47,480,premium,FR,50000,0
12506,36,44,389,standard,GB,10000,2
458,53,8,776,premium,ES,5000,0
4583,31,20,832,premium,MA,5000,0
10899,36,161,490,standard,MA,5000,1
11162,73,161,771,premium,MA,10000,0
5227,40,146,620,standard,MA,20000,0
14549,50,129,752,standard,ES,5000,0
689,42,144,740,standard,MA,10000,0
7407,67,83,658,premium,ES,10000,1
731,25,101,661,standard,MA,10000,0
1245,45,43,372,standard,FR,5000,0
10666,50,112,358,standard,GB,10000,0
12946,45,123,309,standard,MA,20000,0
2673,22,101,383,standard,MA,20000,0
1995,39,163,565,standard,FR,10000,0
9371,36,94,387,standard,MA,10000,0
544,65,25,821,standard,MA,20000,2
551,45,56,352,standard,MA,10000,1
7824,65,116,308,standard,FR,50000,0
7176,36,62,377,standard,FR,5000,0
6792,58,94,818,standard,MA,5000,0
14192,25,193,646,premium,MA,20000,0
8280,48,113,463,standard,MA,20000,0
5258,48,2,639,standard,MA,5000,0
10609,59,172,483,standard,MA,20000,0
12477,70,122,411,pro,FR,5000,0
2834,27,110,493,standard,MA,20000,0
11745,32,151,565,standard,MA,5000,0
5540,58,33,646,standard,ES,10000,0
14802,21,153,564,standard,FR,5000,1
5886,61,59,635,standard,MA,10000,0
4027,21,10,532,pro,ES,10000,0
7992,42,92,597,standard,MA,20000,1
3709,66,104,617,standard,FR,5000,0
1889,19,46,665,pro,MA,10000,0
477,42,174,404,standard,DE,20000,0
10632,23,187,453,standard,MA,10000,0
11622,23,133,640,premium,FR,5000,1
6285,21,46,700,standard,MA,5000,0
4266,64,24,584,premium,MA,5000,0
7546,71,72,479,standard,GB,10000,0
6724,23,206,615,standard,FR,50000,0
836,41,6,797,standard,MA,10000,0
14980,55,160,668,pro,MA,10000,0
11135,62,204,664,premium,ES,10000,1
6532,57,187,467,standard,MA,10000,0
9563,56,18,538,standard,FR,20000,0
8741,37,55,437,standard,MA,5000,1
14443,40,70,371,premium,DE,20000,1
3617,42,45,630,standard,ES,5000,0
14685,24,178,435,standard,MA,10000,0
5809,62,20,745,premium,MA,20000,0
8159,53,115,662,standard,MA,5000,0
4042,71,90,630,premium,MA,5000,0
9737,67,120,420,standard,MA,10000,0
14800,24,31,501,standard,MA,10000,0
2792,34,88,406,standard,MA,10000,0
1949,51,149,404,standard,MA,5000,2
4142,32,227,357,standard,MA,10000,0
7614,51,117,514,standard,MA,5000,1
7861,31,15,333,standard,FR,5000,0
2649,54,143,659,standard,FR,10000,0
8467,55,13,576,standard,FR,20000,0
12888,20,119,376,standard,MA,5000,0
11484,67,90,465,pro,MA,5000,1
7802,40,80,388,standard,DE,10000,1
7159,56,196,754,premium,ES,5000,0
9949,44,15,662,standard,MA,10000,0
11211,48,151,366,standard,FR,5000,0
10408,54,140,391,standard,DE,10000,0
12610,42,230,679,standard,MA,5000,0
13009,30,182,802,premium,MA,5000,0
13982,49,46,660,premium,ES,10000,0
11209,53,131,457,standard,FR,5000,0
8447,25,216,749,premium,FR,5000,0
14002,65,108,612,standard,ES,50000,0
5830,35,210,670,pro,FR,50000,0
7841,28,121,427,standard,DE,5000,0
11696,59,42,727,standard,FR,5000,1
4897,69,53,734,standard,MA,10000,0
4372,60,101,531,standard,MA,5000,0
9729,67,66,848,standard,MA,5000,0
14841,41,223,498,pro,MA,10000,1
14553,26,29,777,standard,MA,5000,0
4976,67,26,730,standard,FR,20000,1
2375,24,129,747,premium,MA,5000,0
7041,60,42,352,premium,MA,5000,0
12002,40,25,747,standard,MA,5000,0
10979,38,107,483,standard,MA,10000,0
14036,61,37,799,standard,FR,10000,0
3947,60,222,395,standard,MA,10000,0
11138,71,175,442,premium,DE,20000,0
10938,18,87,496,standard,FR,5000,0
7836,45,90,464,premium,MA,10000,0
11022,67,213,588,premium,MA,10000,1
4818,19,96,344,standard,GB,5000,0
4670,54,222,653,premium,MA,50000,0
8271,63,16,562,premium,MA,10000,0
8075,37,117,838,premium,FR,5000,1
12667,22,58,437,premium,ES,10000,0
9470,52,182,594,premium,MA,5000,0
2745,68,214,446,standard,DE,10000,0
1172,43,99,324,standard,FR,5000,0
10866,37,17,592,premium,MA,10000,0
147,72,9,736,premium,DE,5000,1
9622,68,152,789,premium,MA,10000,1
13796,22,97,566,pro,MA,10000,0
4309,30,75,751,standard,MA,5000,0
828,57,39,444,standard,MA,5000,1
9999,62,211,302,premium,MA,5000,0
12682,40,62,467,premium,MA,10000,0
1963,33,83,346,standard,MA,5000,1
932,52,212,828,pro,MA,5000,2
13587,56,111,354,standard,FR,5000,0
12199,47,239,456,standard,MA,10000,0
11385,63,58,488,standard,MA,50000,0
1871,37,189,835,standard,GB,5000,0
8693,54,239,622,premium,FR,10000,1
13432,32,90,691,standard,ES,10000,0
12970,36,128,379,standard,MA,10000,0
9116,19,39,762,standard,ES,10000,0
5243,64,16,515,standard,FR,20000,0
1716,59,90,821,premium,MA,20000,0
1850,74,195,802,standard,MA,50000,0
9093,40,2,529,pro,MA,20000,1
3919,45,15,458,premium,MA,5000,1
5550,32,234,412,standard,GB,5000,0
13848,35,61,404,pro,GB,5000,0
14213,22,175,631,pro,FR,10000,0
3965,28,160,549,standard,MA,20000,0
3671,49,236,728,standard,MA,5000,0
9707,63,183,523,standard,DE,10000,2
7601,45,80,776,premium,ES,10000,2
9674,63,191,785,standard,MA,20000,0
9231,61,64,435,premium,FR,20000,0
11196,28,158,525,premium,ES,5000,0
13007,55,182,767,standard,MA,10000,0
9490,29,171,653,standard,MA,5000,0
9101,29,19,318,pro,ES,10000,0
3079,71,122,800,premium,ES,5000,0
667,26,55,572,standard,GB,20000,0
8148,52,93,412,premium,FR,5000,0
9612,42,236,764,premium,MA,20000,0
5070,18,40,631,standard,MA,10000,1
10681,60,43,828,premium,FR,5000,0
14015,51,190,702,premium,DE,20000,1
12138,59,199,746,standard,ES,10000,0
5749,34,143,837,standard,MA,10000,1
8473,36,3,632,premium,ES,50000,0
3282,41,168,463,premium,MA,10000,0
8410,52,187,830,standard,MA,5000,1
11608,60,69,469,standard,FR,10000,0
2014,30,201,665,pro,ES,5000,0
3293,39,21,613,standard,FR,10000,0
11253,63,22,784,premium,MA,5000,0
11628,45,98,583,standard,MA,5000,1
13228,51,29,810,standard,MA,20000,1
13377,38,127,545,premium,MA,20000,1
8688,22,201,741,premium,MA,10000,0
8947,44,63,730,premium,MA,10000,1
7073,73,110,549,standard,MA,10000,1
4852,51,232,743,standard,FR,5000,1
3810,48,110,541,pro,GB,10000,0
1730,64,102,587,premium,MA,20000,0
13612,30,99,626,premium,FR,5000,0
14518,66,216,466,standard,MA,20000,1
11458,47,191,822,standard,MA,5000,1
7597,41,168,420,standard,MA,20000,0
9023,29,51,476,pro,FR,20000,0
13574,28,34,455,standard,DE,10000,0
3715,23,164,656,standard,GB,20000,0
14673,44,113,492,premium,ES,5000,0
7050,68,3,455,premium,MA,5000,0
9653,66,211,650,standard,MA,5000,0
30,69,10,777,pro,FR,5000,0
4511,44,187,339,standard,FR,5000,1
11347,26,82,791,standard,ES,5000,0
13309,53,106,522,premium,MA,10000,0
6524,61,76,388,premium,MA,5000,1
9831,32,72,661,standard,FR,5000,0
4012,67,68,775,standard,MA,5000,0
9608,32,99,471,premium,FR,5000,0
9230,48,149,780,standard,MA,20000,0
3299,73,104,738,standard,FR,10000,0
2578,23,111,641,standard,MA,20000,0
10139,67,99,371,standard,FR,10000,0
4411,67,77,549,premium,FR,20000,0
1103,38,197,682,standard,MA,5000,0
7576,60,36,602,premium,FR,5000,2
507,45,232,635,standard,FR,5000,1
7884,64,193,430,premium,MA,10000,0
11944,44,21,387,premium,GB,10000,0
1387,74,105,350,premium,MA,10000,0
10046,33,60,824,pro,MA,10000,0
11883,24,208,323,premium,MA,20000,0
11905,39,162,579,standard,FR,5000,0
13083,60,162,809,premium,MA,5000,0
13686,65,168,320,premium,FR,20000,0
13189,50,141,719,standard,MA,10000,0
12112,67,194,638,standard,ES,20000,0
11890,37,130,711,premium,GB,50000,0
3480,47,207,638,standard,DE,10000,0
12712,34,126,563,standard,FR,10000,0
7535,55,73,759,standard,MA,10000,0
6436,32,74,470,standard,MA,10000,0
12929,48,189,773,pro,FR,50000,0
8336,40,90,307,premium,MA,20000,0
14353,54,88,595,premium,MA,10000,0
160,19,124,540,premium,MA,10000,0
14453,69,36,381,premium,FR,5000,0
4450,31,197,826,premium,MA,20000,1
1682,55,2,410,standard,MA,10000,0
10392,29,45,739,standard,MA,5000,1
10439,57,103,820,standard,MA,5000,1
8150,65,193,583,standard,FR,10000,0
9135,36,215,552,premium,DE,5000,1
3763,20,128,742,standard,FR,5000,0
11688,23,4,397,standard,GB,5000,0
5224,32,184,571,pro,FR,5000,0
3076,67,63,340,standard,FR,10000,0
4893,37,194,808,premium,MA,20000,0
7053,32,213,847,premium,FR,5000,0
1966,32,195,564,standard,MA,10000,0
7306,64,221,464,standard,FR,10000,0
14542,38,236,525,standard,MA,10000,0
12210,52,182,443,premium,FR,20000,0
3173,44,138,646,standard,MA,5000,0
13237,32,143,794,standard,ES,10000,0
8369,35,213,789,standard,ES,5000,0
5016,22,47,509,standard,FR,20000,0
863,36,42,601,standard,MA,5000,1
7043,22,82,473,premium,FR,5000,0
5991,74,89,574,premium,MA,10000,0
3438,59,171,501,premium,ES,50000,0
10008,57,50,433,pro,MA,10000,1
3386,29,86,682,pro,FR,20000,0
11779,47,98,366,premium,ES,20000,0
12311,29,100,775,standard,MA,20000,1
12111,70,39,730,premium,DE,10000,1
10759,46,227,552,standard,DE,20000,0
14577,25,42,475,standard,MA,20000,0
6484,72,206,819,standard,FR,10000,2
13081,72,175,320,standard,MA,5000,0
7263,59,102,437,premium,DE,10000,0
2966,51,194,550,premium,MA,5000,0
8460,49,101,785,premium,FR,10000,1
12106,48,111,799,standard,MA,20000,0
7018,33,188,455,standard,ES,5000,0
1363,25,55,764,premium,FR,5000,0
12590,55,130,618,pro,MA,5000,0
3560,27,31,434,premium,ES,10000,1
9793,31,58,402,premium,MA,10000,0
12298,50,6,847,pro,MA,10000,3
8384,71,75,779,standard,MA,50000,1
8370,23,27,774,standard,DE,5000,0
10992,52,104,399,premium,DE,5000,0
5620,67,226,761,pro,MA,20000,0
2445,42,113,312,standard,MA,10000,0
14444,39,118,416,premium,MA,10000,0
10740,61,80,503,standard,MA,20000,0
10654,42,208,634,standard,FR,20000,0
14077,58,177,464,premium,MA,5000,0
138,25,187,659,premium,FR,10000,0
1254,43,207,604,standard,FR,20000,0
6187,42,35,645,standard,MA,5000,0
9294,40,181,516,standard,FR,50000,0
8385,61,98,307,pro,DE,5000,0
10203,51,44,606,standard,MA,10000,0
12791,58,238,757,premium,FR,20000,0
5327,36,73,738,standard,ES,20000,0
12959,49,95,402,standard,MA,5000,0
8746,37,236,768,premium,MA,5000,0
11817,56,170,476,standard,MA,10000,1
11389,47,228,363,standard,MA,5000,0
8481,55,130,604,standard,DE,20000,0
4188,33,111,343,standard,FR,50000,0
3698,22,28,537,pro,FR,10000,1
2411,39,87,473,standard,MA,10000,0
721,26,101,549,standard,MA,5000,0
11859,30,33,404,premium,FR,5000,0
3890,21,48,755,standard,MA,5000,0
10120,52,42,552,standard,MA,10000,1
4911,41,227,591,standard,FR,5000,1
11780,58,195,424,standard,MA,10000,0
14448,59,168,448,premium,ES,10000,0
8596,21,229,379,standard,FR,5000,0
1214,23,156,316,premium,DE,10000,0
2611,58,166,701,standard,FR,5000,0
9556,19,26,388,premium,MA,5000,0
1470,28,31,363,standard,FR,50000,0
12128,18,195,636,standard,MA,10000,0
6083,41,19,388,premium,FR,10000,0
12320,45,187,811,premium,ES,5000,0
5071,69,99,351,standard,MA,10000,1
1298,60,231,673,standard,MA,50000,0
11958,49,93,432,standard,MA,10000,0
9390,61,70,319,standard,MA,10000,0
9756,25,149,571,standard,DE,5000,0
11470,43,214,357,standard,ES,20000,0
4439,45,60,634,standard,ES,20000,0
3423,19,184,580,standard,MA,10000,1
14772,61,239,438,premium,MA,5000,1
6039,64,125,407,pro,MA,20000,0
11054,23,118,540,premium,FR,10000,0
1052,41,238,664,premium,MA,20000,1
12055,46,84,842,premium,MA,5000,0
4161,23,131,367,standard,GB,20000,0
11092,51,224,407,standard,MA,10000,0
6850,54,8,755,premium,MA,10000,0
4749,36,196,494,premium,FR,50000,1
3028,33,139,581,pro,MA,10000,1
3302,59,107,663,standard,MA,5000,0
7705,73,56,742,pro,FR,50000,1
1860,19,73,593,premium,ES,5000,0
5233,55,182,317,premium,MA,10000,0
6057,30,59,699,premium,MA,20000,0
13919,32,36,525,standard,FR,5000,0
12358,66,151,487,standard,MA,50000,0
1600,58,235,402,premium,MA,10000,0
933,33,30,700,standard,MA,5000,0
7592,57,52,803,standard,ES,10000,0
7682,51,71,513,standard,MA,5000,0
14312,52,131,618,pro,MA,20000,0
5865,33,165,550,standard,MA,20000,1
2596,70,203,691,standard,FR,5000,0
8778,67,203,488,standard,DE,10000,0
14108,30,193,442,standard,MA,10000,0
2725,47,41,652,standard,MA,5000,1
2079,64,204,460,premium,MA,20000,0
6719,37,148,337,standard,MA,5000,0
14915,57,216,682,standard,MA,10000,1
10957,36,42,515,premium,MA,5000,0
11202,72,196,704,standard,GB,20000,2
7309,19,95,646,premium,DE,10000,0
2095,35,239,533,pro,MA,5000,3
8764,73,199,491,standard,FR,10000,0
7564,49,178,361,standard,DE,10000,1
11342,21,127,680,standard,DE,10000,0
5938,55,220,562,premium,MA,10000,0
4505,34,34,369,standard,FR,5000,1
4381,66,170,363,standard,ES,5000,1
729,50,130,714,pro,ES,10000,2
11291,41,234,495,premium,GB,10000,2
6012,45,79,834,standard,ES,5000,2
6607,31,74,631,standard,MA,5000,0
5149,67,13,493,standard,MA,5000,0
14450,47,219,494,standard,FR,5000,0
1054,60,72,450,pro,FR,10000,0
10715,69,218,340,standard,DE,20000,0
13662,73,211,550,standard,MA,5000,0
7668,43,131,490,standard,FR,10000,1
10211,62,156,793,standard,FR,5000,0
1276,52,40,731,standard,MA,5000,1
5755,48,131,501,standard,ES,10000,0
2644,74,142,771,premium,ES,20000,1
8868,24,144,542,standard,DE,5000,0
7186,45,115,729,standard,MA,5000,1
8932,68,94,388,premium,FR,5000,0
3862,40,179,301,standard,ES,5000,0
5713,57,119,409,premium,MA,5000,0
1093,39,88,555,standard,MA,50000,0
8019,61,237,620,standard,ES,5000,1
5594,30,65,373,pro,ES,5000,0
7120,32,183,709,standard,GB,5000,0
12551,45,226,353,standard,MA,20000,1
6115,56,125,657,standard,FR,5000,0
14344,65,15,476,standard,MA,20000,0
2523,35,207,437,premium,MA,10000,0
9083,55,120,569,pro,FR,10000,0
13575,44,16,512,standard,MA,10000,0
12156,43,148,419,standard,FR,10000,0
5947,25,52,521,standard,MA,10000,0
11026,47,132,601,premium,FR,10000,0
5684,63,104,541,premium,ES,5000,1
11439,50,74,728,premium,MA,50000,0
2407,74,148,590,premium,FR,10000,0
9001,21,90,457,standard,MA,10000,0
2503,28,172,399,standard,FR,5000,0
7713,22,69,437,premium,MA,10000,1
7763,18,142,569,standard,MA,20000,0
12253,61,125,734,premium,ES,10000,0
12445,73,45,659,standard,MA,10000,0
6481,70,238,562,premium,FR,10000,0
8543,39,127,757,pro,MA,20000,0
7880,50,42,307,standard,MA,5000,0
11759,31,216,615,premium,MA,10000,1
6245,46,87,795,premium,FR,50000,1
3557,56,116,666,pro,MA,20000,0
13774,36,65,583,premium,FR,20000,0
1521,71,168,317,pro,MA,5000,0
14846,70,162,765,standard,MA,10000,0
13244,73,227,446,standard,MA,5000,0
11275,45,197,584,standard,ES,20000,3
3327,71,21,699,standard,MA,50000,0
5630,48,102,567,premium,MA,50000,0
10309,64,31,603,standard,MA,5000,0
9754,22,2,354,standard,MA,5000,0
2495,36,112,450,premium,MA,10000,0
13570,28,104,725,premium,ES,20000,1
5649,66,216,394,standard,DE,10000,1
4731,49,179,327,standard,MA,10000,0
1289,32,28,394,premium,MA,20000,0
3532,73,80,466,pro,MA,20000,2
13267,36,61,773,standard,MA,10000,0
11937,55,134,626,standard,FR,10000,0
3581,55,184,729,premium,MA,5000,0
2802,44,119,734,standard,FR,5000,0
13421,45,9,667,premium,FR,10000,0
4425,23,48,701,pro,MA,10000,0
904,35,221,704,premium,MA,20000,0
10738,69,234,316,premium,ES,5000,0
14546,33,9,480,standard,MA,20000,2
5720,49,155,734,premium,MA,5000,1
5340,28,220,347,premium,DE,20000,0
8342,42,137,561,pro,MA,5000,1
4155,37,164,408,premium,FR,10000,0
8607,58,106,445,pro,FR,50000,0
1329,21,75,660,standard,MA,10000,0
11940,58,230,462,premium,FR,20000,1
9857,19,177,649,standard,GB,5000,0
10131,36,226,746,premium,MA,20000,0
4431,37,130,819,standard,ES,10000,0
2342,39,189,437,premium,DE,10000,0
5669,51,81,705,standard,FR,10000,1
1453,55,236,493,premium,FR,5000,1
11469,27,114,766,standard,FR,10000,0
6226,34,222,655,standard,FR,20000,1
5964,37,3,353,standard,DE,50000,2
11408,74,159,525,standard,MA,5000,0
9189,39,237,484,standard,MA,5000,0
12182,30,202,570,standard,MA,10000,0
1120,31,10,451,standard,FR,5000,0
11204,29,235,816,standard,FR,10000,0
7039,36,25,418,standard,MA,20000,0
9279,57,220,768,standard,MA,5000,0
6294,34,176,620,premium,MA,5000,2
10946,55,79,392,standard,MA,10000,0
6348,35,144,450,standard,MA,10000,1
10736,19,82,378,standard,MA,5000,0
1028,28,199,553,standard,MA,5000,0
9684,23,199,405,premium,MA,10000,1
12600,34,215,382,premium,ES,10000,0
10762,58,54,435,premium,MA,5000,0
9805,56,191,586,standard,MA,10000,0
1838,74,176,448,premium,MA,20000,1
14712,51,31,397,standard,MA,5000,0
4669,47,82,309,premium,MA,20000,0
3188,36,208,775,standard,FR,20000,0
11115,34,169,320,standard,MA,10000,0
1353,74,39,757,standard,MA,5000,0
4707,20,15,547,standard,MA,10000,0
2117,28,86,805,standard,ES,20000,1
5269,23,56,531,standard,FR,10000,0
3223,40,63,382,standard,FR,5000,1
3528,26,102,570,standard,ES,10000,0
3832,19,199,765,standard,GB,10000,1
2133,74,46,650,standard,DE,10000,0
12005,31,82,381,standard,MA,20000,0
12147,48,16,661,pro,DE,20000,2
4879,57,30,477,standard,MA,5000,0
14493,26,167,512,standard,GB,5000,0
9333,24,149,447,premium,FR,10000,0
10183,73,138,783,pro,FR,10000,0
2299,19,219,832,premium,FR,5000,0
1247,26,92,409,premium,MA,50000,1
1200,37,20,749,standard,FR,5000,2
8856,20,20,580,premium,MA,5000,0
11810,74,212,522,premium,MA,10000,0
14661,49,209,459,standard,DE,10000,0
12976,28,117,472,standard,MA,5000,0
4801,38,89,306,standard,MA,5000,1
3907,61,33,516,standard,ES,10000,1
1234,61,136,650,standard,ES,5000,1
10067,27,216,508,premium,DE,5000,0
13470,48,45,757,standard,MA,20000,0
2312,21,98,400,standard,DE,10000,0
2862,66,194,404,standard,MA,20000,0
7245,73,117,829,premium,MA,20000,0
7347,33,193,565,standard,MA,5000,0
11948,48,186,323,standard,FR,10000,0
11755,72,120,440,standard,MA,20000,1
4339,41,99,652,standard,ES,20000,1
13283,52,204,541,premium,MA,50000,1
9419,33,60,505,premium,ES,5000,1
11808,57,159,464,standard,FR,20000,0
14535,31,20,822,standard,FR,10000,0
10122,74,133,676,premium,DE,10000,1
9264,45,234,300,premium,MA,5000,0
6017,72,97,352,standard,MA,5000,1
7199,49,104,371,premium,MA,5000,1
1283,47,228,329,premium,ES,10000,0
11403,66,18,525,pro,MA,5000,1
637,29,50,579,premium,MA,5000,1
10983,57,97,335,standard,MA,20000,1
4914,41,192,679,standard,MA,5000,0
10269,48,85,482,pro,FR,10000,0
2090,28,96,432,premium,FR,5000,0
5776,38,125,699,pro,GB,10000,2
2459,45,126,653,premium,GB,5000,0
14533,59,195,848,standard,MA,50000,0
9037,71,97,413,premium,ES,5000,0
14870,47,30,486,standard,ES,20000,0
4480,34,67,783,standard,ES,5000,0
8199,49,219,788,pro,GB,10000,0
13794,55,50,590,premium,MA,20000,1
12548,56,174,472,pro,MA,10000,0
5483,67,33,490,premium,MA,5000,0
10023,40,209,452,premium,DE,20000,1
14525,38,118,571,pro,MA,20000,0
8434,38,117,390,premium,FR,5000,0
7066,74,152,448,premium,MA,20000,1
4519,39,211,520,standard,ES,10000,0
1857,32,30,786,standard,FR,5000,0
2096,18,93,702,premium,MA,5000,0
2827,50,218,620,standard,MA,5000,0
504,45,188,736,premium,MA,5000,0
13206,28,168,397,standard,MA,50000,0
7782,40,93,530,standard,ES,5000,0
10239,61,208,524,standard,MA,10000,0
7584,56,171,841,premium,FR,5000,1
13480,43,197,343,premium,ES,10000,1
336,64,14,379,standard,GB,5000,0
9410,41,200,309,standard,MA,5000,1
440,71,219,304,standard,MA,10000,0
14006,63,78,670,standard,ES,10000,0
7134,46,31,439,standard,GB,5000,0
5167,25,90,566,premium,MA,50000,0
13311,41,184,705,premium,ES,20000,0
8669,41,187,587,standard,ES,50000,0
9258,53,200,848,standard,ES,20000,0
14109,70,85,458,standard,MA,10000,1
14506,19,138,345,standard,FR,10000,1
4786,51,154,823,standard,MA,20000,0
11070,20,114,568,premium,FR,5000,2
946,65,99,663,standard,GB,5000,0
10928,39,92,711,standard,MA,5000,0
12879,26,59,439,premium,FR,10000,1
5023,25,148,671,standard,DE,5000,0
1867,27,171,650,standard,FR,5000,0
6482,68,176,652,standard,MA,5000,0
5470,38,173,590,standard,ES,5000,0
3885,47,36,637,standard,GB,50000,0
1053,22,214,793,premium,GB,5000,0
2822,35,85,606,standard,ES,5000,0
166,74,39,638,pro,MA,50000,0
985,64,152,417,standard,MA,20000,0
14920,59,55,690,standard,FR,5000,0
3469,30,95,383,pro,MA,20000,0
13161,73,52,478,standard,MA,10000,0
6424,26,29,400,standard,MA,5000,0
10763,21,129,667,standard,GB,5000,2
3462,51,225,541,standard,MA,10000,0
11659,43,219,415,premium,MA,5000,0
3738,19,227,598,standard,DE,10000,0
13996,20,108,824,premium,FR,10000,0
11082,31,111,768,standard,GB,5000,0
2586,46,8,646,pro,MA,20000,0
12397,52,35,312,standard,DE,5000,0
8614,27,133,499,standard,MA,5000,2
2430,43,95,530,standard,MA,10000,0
3791,61,52,810,standard,MA,20000,0
1412,40,129,607,standard,FR,5000,0
4661,62,139,784,standard,MA,10000,1
6249,68,141,362,standard,MA,5000,1
8281,60,4,576,premium,ES,20000,0
9307,25,181,660,standard,MA,20000,0
10326,53,72,439,premium,FR,20000,1
13685,34,116,731,premium,ES,20000,1
3086,68,103,401,standard,MA,10000,0
10956,62,88,439,standard,DE,5000,0
1590,24,15,751,pro,FR,10000,0
14708,19,21,589,premium,MA,10000,0
14035,65,141,590,standard,FR,20000,0
12861,30,80,544,premium,ES,5000,0
4499,55,200,599,standard,MA,10000,0
10576,60,69,448,standard,GB,20000,0
3584,64,158,779,premium,ES,10000,0
13832,47,90,349,standard,DE,20000,0
8373,69,115,613,standard,MA,10000,0
13300,39,98,338,standard,MA,10000,0
6272,53,41,410,premium,FR,5000,0
12049,59,128,636,standard,MA,5000,0
7767,58,225,772,standard,FR,20000,0
11832,35,128,684,standard,MA,10000,0
2541,34,167,702,standard,MA,10000,0
4120,41,80,747,standard,MA,10000,0
1911,29,231,337,standard,FR,10000,0
8841,61,117,805,standard,FR,5000,0
1902,44,76,736,standard,ES,10000,0
5677,57,17,347,standard,GB,5000,1
11708,62,124,742,standard,MA,5000,1
7950,26,201,674,standard,MA,10000,0
2343,20,236,765,pro,ES,10000,0
11857,30,130,436,standard,FR,10000,0
14668,51,34,645,premium,GB,50000,1
12623,27,113,311,standard,MA,5000,0
11349,57,230,382,premium,MA,5000,1
3061,73,77,444,standard,MA,10000,1
3329,72,141,637,pro,MA,20000,1
5036,71,95,442,standard,MA,5000,0
2288,70,79,357,standard,MA,10000,0
13605,64,71,502,standard,FR,50000,0
9634,61,32,326,standard,MA,10000,0
1762,27,43,489,standard,MA,5000,0
10029,31,121,378,premium,MA,5000,0
6928,25,126,390,standard,MA,10000,0
7224,69,114,545,standard,MA,5000,0
65,30,109,621,premium,MA,5000,0
4093,29,226,339,premium,ES,10000,0
177,43,217,444,standard,MA,10000,1
10401,49,218,488,standard,MA,5000,0
6586,32,147,312,premium,ES,5000,1
2923,69,219,547,standard,ES,10000,0
1272,69,163,659,premium,MA,10000,0
3729,47,120,514,standard,MA,10000,0
8894,53,43,377,standard,FR,10000,0
14138,41,171,463,premium,MA,20000,0
3501,61,85,520,premium,DE,5000,0
8622,74,171,358,standard,MA,10000,0
3352,56,200,724,premium,ES,10000,0
3143,53,49,816,standard,FR,20000,0
14695,57,187,304,premium,MA,5000,0
44,58,179,627,standard,MA,5000,1
14521,69,97,639,standard,MA,5000,2
3151,40,220,540,premium,MA,5000,0
12256,51,69,433,standard,FR,5000,1
5455,56,143,310,standard,MA,5000,0
5833,49,227,457,premium,MA,20000,2
275,62,55,399,pro,FR,10000,0
7271,57,118,309,standard,FR,10000,1
312,59,25,532,standard,MA,10000,1
2497,27,59,765,standard,MA,10000,0
4541,71,15,515,standard,MA,5000,0
4067,47,169,614,premium,FR,10000,0
5438,51,135,584,standard,FR,10000,0
4657,69,86,394,standard,ES,5000,0
6506,52,190,309,premium,MA,20000,0
10242,38,200,386,standard,FR,10000,1
10093,41,92,588,premium,GB,5000,0
3747,71,28,786,standard,GB,20000,0
13101,57,186,316,premium,MA,20000,0
11075,31,68,620,standard,ES,5000,0
11418,31,209,452,standard,FR,10000,1
14079,32,192,305,standard,ES,5000,0
976,72,176,842,pro,FR,10000,0
9759,71,144,331,standard,DE,10000,0
7616,56,217,662,premium,ES,5000,1
11979,33,188,341,premium,MA,5000,1
5161,51,10,552,standard,ES,5000,1
3948,43,218,704,premium,MA,5000,0
7657,40,32,594,standard,ES,20000,0
4948,66,2,303,standard,GB,50000,1
4521,64,205,774,premium,MA,10000,0
9631,18,36,645,standard,MA,10000,0
4950,46,224,619,premium,ES,20000,1
6393,48,161,749,standard,FR,10000,0
6856,26,111,391,pro,MA,20000,1
1458,21,201,450,standard,MA,10000,1
10219,55,178,592,standard,FR,5000,0
2334,70,139,514,pro,MA,5000,1
4395,23,117,514,premium,MA,10000,1
7455,73,166,665,standard,MA,20000,0
3847,62,212,550,standard,FR,10000,0
14044,35,109,573,standard,ES,20000,0
814,41,91,739,standard,FR,5000,1
5479,68,221,409,standard,MA,20000,0
5182,37,131,847,standard,MA,10000,0
628,56,105,539,premium,FR,20000,0
410,52,192,308,standard,MA,20000,0
4573,50,150,755,standard,FR,20000,1
6214,32,67,354,standard,DE,10000,0
11853,71,148,722,premium,MA,5000,1
1386,29,118,418,premium,DE,20000,0
10562,65,117,623,standard,FR,20000,1
6794,65,207,600,premium,MA,5000,0
14569,44,229,382,standard,MA,20000,1
7688,70,44,413,standard,MA,10000,1
11569,20,18,785,standard,MA,20000,0
1851,42,188,557,standard,MA,5000,0
14927,47,89,658,standard,DE,5000,1
11118,28,97,657,premium,DE,10000,0
9826,26,65,520,pro,FR,20000,0
9195,24,3,840,standard,MA,20000,1
12515,22,181,545,standard,FR,20000,0
6391,71,150,409,standard,FR,5000,0
12142,47,136,743,standard,MA,10000,1
7521,20,12,455,standard,MA,10000,0
3644,37,141,543,pro,MA,5000,0
13676,73,153,414,standard,MA,5000,0
11536,23,69,700,standard,ES,5000,2
4116,74,217,541,standard,FR,5000,0
11593,56,214,755,premium,MA,10000,0
695,26,168,751,standard,DE,5000,0
9277,36,236,439,standard,ES,10000,0
9517,46,183,734,standard,MA,20000,0
7510,30,182,467,pro,MA,10000,0
5877,57,20,736,standard,MA,10000,0
11909,43,93,453,standard,FR,5000,0
8349,69,49,710,standard,MA,5000,0
2646,45,174,698,standard,ES,20000,0
10314,51,35,401,standard,GB,50000,1
12176,25,122,657,pro,MA,50000,0
1968,28,55,841,pro,MA,20000,0
3030,28,77,307,standard,MA,5000,0
9667,28,239,611,premium,MA,10000,0
3078,18,164,365,standard,FR,50000,0
8618,39,124,732,standard,MA,50000,2
5628,34,199,813,pro,ES,10000,1
4014,49,235,577,standard,DE,20000,0
3944,38,29,445,standard,ES,5000,0
12473,53,198,406,standard,MA,10000,0
3686,46,9,822,premium,MA,10000,0
3988,46,197,652,standard,MA,10000,0
13447,64,13,402,standard,FR,20000,2
14878,43,131,449,pro,FR,5000,0
9290,22,13,514,standard,MA,5000,1
6937,61,220,679,standard,MA,20000,0
6035,59,187,764,standard,MA,5000,1
12025,50,6,661,standard,MA,5000,1
4481,39,100,599,premium,MA,5000,0
9139,74,5,774,standard,MA,10000,0
5344,38,45,354,premium,MA,10000,0
3556,47,114,688,standard,DE,20000,1
11456,42,9,328,standard,GB,5000,0
12641,51,91,456,pro,MA,5000,1
5207,68,118,701,premium,FR,5000,1
12930,62,131,634,standard,MA,20000,1
12800,25,25,439,pro,MA,5000,0
6144,29,181,347,standard,GB,20000,1
13531,27,212,844,standard,MA,20000,0
2626,45,232,789,premium,MA,5000,1
13957,58,227,775,standard,MA,20000,0
11078,65,214,593,premium,MA,10000,0
9977,74,65,652,premium,FR,5000,0
6679,42,108,649,premium,FR,10000,0
1222,72,195,704,premium,FR,20000,0
4811,22,52,741,premium,MA,5000,0
3620,45,181,707,premium,MA,50000,0
445,71,227,848,standard,GB,50000,1
14872,48,221,655,premium,ES,5000,0
10783,44,140,686,premium,FR,10000,0
11803,32,30,782,standard,DE,5000,0
8363,37,106,780,standard,MA,5000,0
6731,63,30,657,standard,MA,5000,0
4512,46,69,710,pro,MA,20000,1
908,56,85,774,premium,FR,10000,0
1880,43,52,418,standard,FR,10000,0
85,50,65,373,premium,MA,10000,0
13296,59,56,524,standard,MA,20000,0
9212,54,155,435,standard,MA,10000,0
1535,47,136,764,pro,DE,10000,1
3187,28,145,588,standard,MA,5000,0
1792,27,13,596,standard,ES,5000,0
11087,59,219,819,standard,GB,10000,0
8564,69,154,540,standard,MA,10000,0
5338,53,16,690,premium,MA,5000,0
196,69,63,362,standard,DE,10000,0
6693,53,209,383,standard,FR,10000,0
9129,19,237,839,standard,MA,10000,0
5241,54,120,543,standard,MA,5000,0
3010,60,95,458,standard,MA,10000,0
6694,55,53,701,standard,DE,20000,0
10022,27,168,833,standard,MA,5000,0
8141,60,218,458,standard,FR,20000,0
2939,52,79,400,premium,MA,10000,0
8026,65,158,698,standard,FR,20000,0
8518,57,220,786,premium,MA,5000,0
6267,62,201,651,standard,MA,5000,0
10466,43,162,331,premium,MA,5000,1
2518,37,226,807,standard,MA,20000,0
11308,33,2,750,premium,FR,5000,1
4242,30,135,809,pro,MA,20000,0
8249,56,125,790,premium,GB,5000,0
3608,18,23,810,premium,MA,20000,1
1514,67,53,822,premium,MA,10000,0
7744,37,232,548,standard,MA,5000,1
13846,33,216,709,standard,FR,5000,1
9548,48,92,839,premium,ES,5000,0
12552,35,122,530,standard,MA,5000,0
2951,33,222,472,premium,FR,5000,0
2010,31,172,725,premium,FR,10000,0
11305,68,25,303,premium,MA,20000,0
11661,49,53,533,premium,FR,10000,1
9768,65,115,376,standard,MA,5000,0
14503,54,84,513,standard,FR,10000,0
8787,74,6,373,premium,ES,20000,0
11673,22,217,422,premium,ES,5000,0
8994,20,32,370,premium,FR,5000,0
9192,64,14,767,standard,MA,10000,0
14466,39,180,520,standard,MA,5000,0
13661,25,196,773,pro,MA,20000,0
13789,73,43,546,standard,MA,20000,0
4169,39,155,717,premium,ES,5000,1
13546,70,206,314,standard,ES,5000,1
12752,67,209,576,pro,MA,10000,0
9856,51,111,337,standard,FR,5000,0
6623,62,174,560,premium,FR,10000,0
446,45,55,815,premium,MA,5000,0
10844,36,214,359,premium,MA,10000,0
2932,45,189,508,standard,MA,5000,0
12490,67,228,711,premium,FR,10000,0
7730,44,116,498,standard,GB,5000,1
6822,26,72,671,standard,ES,5000,0
14081,46,229,526,standard,GB,20000,1
14983,39,77,465,premium,FR,20000,0
13793,26,110,334,standard,FR,5000,1
13873,48,52,796,pro,GB,5000,1
14160,48,216,391,premium,FR,5000,0
709,55,151,341,premium,MA,5000,1
12115,55,91,464,standard,MA,5000,0
10531,41,120,687,standard,MA,20000,0
3212,43,67,713,standard,MA,5000,0
3036,26,116,825,pro,MA,10000,0
12039,30,51,311,standard,FR,10000,0
3235,34,119,553,standard,ES,5000,0
5006,53,84,521,standard,FR,5000,0
52,29,184,822,standard,MA,10000,0
3963,22,163,631,standard,MA,20000,0
3237,54,76,610,premium,FR,5000,1
3209,30,216,424,premium,FR,5000,0
4580,32,175,348,standard,MA,5000,0
6977,46,60,642,standard,MA,5000,0
12336,60,70,387,standard,FR,10000,0
10090,43,103,458,standard,MA,20000,0
8362,45,55,471,premium,MA,10000,0
9417,63,191,301,standard,MA,10000,1
14193,44,108,551,premium,MA,10000,0
13808,49,212,401,standard,FR,5000,0
10013,70,91,414,standard,ES,10000,0
432,49,39,759,premium,DE,10000,1
1555,27,238,368,standard,GB,5000,1
8111,68,59,836,standard,ES,10000,0
2278,38,1,343,premium,DE,5000,0
7876,63,22,537,premium,FR,10000,1
8575,51,58,571,pro,ES,20000,1
289,54,153,572,standard,FR,5000,0
2727,51,228,811,premium,MA,5000,0
11488,34,122,695,standard,MA,5000,0
6592,67,100,810,standard,GB,5000,0
2220,51,65,662,premium,MA,20000,0
490,43,61,588,standard,MA,5000,1
8740,39,85,434,standard,MA,10000,1
4834,52,21,489,premium,MA,5000,0
8992,41,18,540,standard,MA,10000,0
3597,55,215,383,standard,DE,20000,0
4128,25,23,667,standard,DE,5000,1
8226,45,3,476,standard,MA,5000,0
12985,22,202,727,standard,MA,5000,0
12037,42,15,805,standard,MA,5000,0
819,34,123,752,standard,ES,10000,0
3305,65,163,812,pro,FR,5000,1
752,29,86,387,premium,GB,20000,1
3316,18,141,376,premium,MA,20000,0
8913,21,45,394,standard,MA,10000,0
8039,67,198,567,premium,FR,10000,1
2315,29,188,686,standard,MA,10000,0
13746,41,161,791,standard,ES,20000,0
7514,30,116,697,standard,MA,5000,0
14284,55,83,464,standard,ES,20000,0
8345,54,204,738,pro,FR,5000,1
8266,18,155,784,standard,MA,10000,0
4868,74,169,567,standard,MA,20000,0
8064,64,125,662,standard,MA,20000,0
417,19,91,831,premium,MA,10000,0
14151,50,73,660,standard,DE,50000,0
2190,38,177,564,standard,FR,10000,0
810,41,175,578,standard,FR,10000,1
11829,58,238,439,standard,FR,10000,0
8238,51,188,390,standard,ES,50000,0
14302,61,176,488,premium,MA,10000,0
7356,58,87,354,premium,MA,10000,1
8509,68,105,524,standard,MA,5000,0
7879,20,137,326,standard,DE,5000,0
10255,29,89,693,standard,MA,5000,0
8355,51,206,360,standard,MA,20000,0
9591,30,50,341,standard,MA,10000,1
7031,29,64,805,standard,FR,5000,1
6274,58,204,658,premium,MA,5000,0
640,43,137,463,premium,FR,5000,1
5816,58,55,730,standard,MA,5000,0
6271,22,98,305,standard,FR,20000,0
6739,56,16,533,pro,MA,20000,0
5565,22,172,833,standard,ES,5000,0
12631,24,41,413,standard,MA,5000,0
189,61,13,452,premium,ES,5000,0
9030,67,82,369,standard,ES,5000,1
14565,51,178,633,standard,MA,10000,0
7590,42,222,309,standard,ES,5000,1
13737,22,238,335,standard,FR,10000,0
8769,71,168,547,standard,MA,5000,0
10889,74,120,547,standard,MA,20000,0
10440,68,203,595,standard,MA,5000,1
14315,50,186,465,premium,FR,10000,0
12777,63,118,442,pro,FR,10000,0
7388,57,180,706,premium,MA,10000,0
6963,48,12,746,standard,MA,5000,1
7626,21,103,710,standard,FR,5000,1
6151,69,146,514,standard,MA,10000,1
12432,43,186,674,standard,FR,20000,1
3001,33,239,415,standard,DE,20000,0
5913,28,187,634,standard,MA,5000,0
7999,65,90,466,standard,GB,20000,0
872,34,217,685,standard,ES,5000,0
3827,45,24,721,standard,MA,5000,0
3946,54,111,677,standard,FR,20000,1
4978,31,172,718,standard,GB,5000,0
2875,37,31,793,premium,MA,20000,0
8616,69,213,645,premium,GB,10000,2
866,54,64,321,standard,DE,5000,0
5334,19,150,419,premium,DE,10000,0
5014,72,121,508,standard,MA,5000,0
13978,50,9,798,standard,MA,5000,0
6955,39,58,657,standard,FR,10000,0
6725,65,35,507,standard,FR,10000,0
1706,54,51,385,premium,MA,20000,0
8224,61,143,457,standard,FR,10000,0
5558,36,127,766,standard,ES,5000,1
6922,22,189,647,standard,MA,5000,0
12225,42,38,535,standard,MA,10000,0
8297,24,23,389,standard,MA,5000,0
9278,24,66,598,premium,MA,20000,0
1663,35,86,533,standard,ES,20000,0
14271,42,221,577,standard,MA,20000,0
565,45,131,644,standard,FR,10000,1
6368,31,226,460,standard,MA,5000,0
11528,25,14,570,standard,ES,5000,0
14488,32,154,422,standard,MA,50000,0
11297,41,89,394,standard,MA,20000,0
5821,35,119,350,premium,ES,20000,0
11907,47,29,781,standard,GB,5000,0
10707,73,40,315,premium,FR,5000,0
5452,64,135,439,premium,DE,5000,1
14751,36,214,367,premium,ES,10000,1
3634,46,170,478,standard,MA,5000,0
5268,55,173,772,standard,FR,20000,0
5708,34,28,384,standard,MA,10000,0
10478,32,117,650,standard,MA,10000,0
6830,21,76,767,premium,MA,20000,1
7094,45,204,447,standard,ES,10000,0
11307,32,10,591,standard,MA,20000,0
2502,50,181,359,standard,DE,10000,1
13153,33,209,587,standard,FR,20000,1
1176,55,39,742,standard,FR,5000,0
2008,32,199,472,standard,DE,20000,1
1220,70,123,396,standard,FR,5000,0
6947,23,235,502,standard,ES,50000,1
719,19,85,312,premium,ES,10000,0
3009,19,35,553,standard,MA,5000,0
11406,58,186,503,standard,FR,5000,0
10869,21,34,562,standard,FR,10000,0
8972,19,81,783,premium,ES,10000,1
629,64,62,737,standard,MA,5000,0
4773,35,113,795,standard,MA,10000,1
158,60,239,540,pro,MA,5000,0
6111,36,194,358,premium,MA,10000,0
13913,33,28,566,premium,MA,20000,0
11559,66,171,672,premium,ES,5000,1
4449,34,117,512,standard,FR,5000,0
13536,66,25,367,premium,FR,10000,0
96,57,93,830,pro,ES,5000,0
11067,59,14,666,standard,MA,20000,2
5745,56,35,832,pro,ES,10000,0
9210,32,108,737,standard,ES,5000,2
4123,18,177,700,premium,MA,10000,0
10334,41,209,347,standard,FR,50000,1
9888,65,221,594,standard,MA,10000,0
3565,28,196,603,standard,DE,5000,0
6887,62,80,409,standard,FR,20000,0
4860,53,211,589,standard,MA,10000,0
2993,74,208,331,standard,MA,10000,0
11276,55,105,564,standard,MA,20000,1
12780,60,126,793,standard,MA,10000,0
14066,70,173,566,pro,MA,10000,2
506,32,150,841,pro,FR,10000,0
11388,36,138,456,standard,ES,20000,1
244,70,97,567,pro,MA,5000,1
5993,47,7,324,premium,ES,5000,0
3211,61,200,351,pro,MA,10000,0
10238,33,137,647,standard,FR,50000,0
8242,66,45,438,standard,FR,5000,0
3060,47,157,606,standard,DE,10000,0
323,61,162,590,standard,MA,50000,0
7123,26,225,355,standard,ES,20000,2
12901,67,39,824,standard,MA,20000,0
6470,54,15,494,premium,MA,10000,0
2324,61,54,305,premium,MA,20000,0
11038,36,7,304,premium,ES,10000,0
9170,18,117,463,standard,MA,10000,0
4999,47,164,406,standard,MA,10000,0
12578,61,13,544,standard,ES,5000,0
375,66,42,454,standard,GB,5000,0
2322,22,76,446,premium,MA,20000,0
8937,42,178,817,premium,MA,5000,1
8232,30,210,556,premium,MA,20000,1
12690,29,209,375,premium,MA,5000,2
9352,57,160,613,premium,MA,5000,0
10908,52,43,849,standard,MA,50000,1
12296,37,136,395,premium,MA,20000,0
1808,67,140,356,premium,MA,10000,0
6404,20,152,591,premium,MA,10000,0
6931,21,78,595,standard,FR,20000,0
12236,60,73,416,premium,ES,5000,0
10980,32,123,437,standard,FR,10000,0
4129,65,30,694,standard,FR,5000,0
7364,54,118,703,premium,MA,10000,0
6428,39,75,624,pro,GB,5000,0
13131,26,72,753,premium,FR,10000,1
730,45,160,669,standard,FR,10000,0
7163,55,129,533,pro,ES,5000,0
10993,58,105,571,standard,MA,5000,0
6995,57,125,344,standard,GB,10000,1
4771,32,65,802,premium,MA,20000,0
5199,58,232,841,standard,FR,20000,0
8305,61,34,331,standard,GB,5000,1
14600,71,67,326,standard,MA,10000,0
8482,66,163,628,premium,DE,50000,1
14361,35,14,577,premium,MA,10000,1
5706,30,72,624,pro,MA,20000,2
4249,34,226,306,premium,MA,20000,2
14967,22,137,600,pro,MA,10000,2
14738,26,208,366,standard,MA,5000,1
3796,19,112,798,standard,FR,5000,1
9554,68,47,700,standard,GB,10000,2
12137,69,91,452,pro,FR,5000,0
6949,39,61,624,standard,ES,10000,0
9160,67,195,539,premium,FR,5000,1
6452,42,188,502,standard,MA,10000,0
9244,18,15,306,premium,FR,10000,0
701,63,86,451,standard,MA,10000,0
11091,37,125,807,standard,MA,10000,1
8043,21,4,527,premium,MA,5000,0
14123,30,197,389,premium,MA,20000,0
2492,49,229,825,standard,ES,20000,0
4845,51,217,698,standard,MA,10000,0
287,43,136,506,standard,MA,20000,0
12586,22,113,676,standard,ES,10000,1
3289,59,61,610,standard,FR,20000,0
9475,65,161,842,standard,MA,20000,0
2499,45,34,515,standard,MA,10000,1
11913,57,39,396,pro,MA,20000,0
13610,66,158,773,premium,FR,5000,1
10481,47,143,648,premium,MA,5000,1
10039,22,214,735,standard,MA,20000,1
5489,25,95,320,standard,MA,10000,1
937,30,35,546,standard,MA,5000,2
12893,46,7,488,standard,ES,20000,0
6089,53,104,302,standard,MA,5000,0
4741,71,14,371,standard,MA,50000,1
14055,65,229,507,premium,DE,5000,0
252,57,86,591,standard,MA,5000,0
1670,25,44,819,standard,MA,20000,0
8833,74,142,736,standard,MA,10000,0
2389,48,205,531,standard,FR,10000,0
7268,43,60,374,standard,FR,5000,1
13444,29,237,447,standard,DE,5000,0
11417,70,148,713,standard,MA,10000,1
8872,57,33,524,premium,ES,10000,0
3442,66,137,459,premium,MA,10000,0
13976,55,11,709,standard,MA,5000,0
11968,28,236,644,standard,FR,5000,0
1584,43,32,368,standard,ES,5000,0
1793,61,93,453,standard,DE,10000,0
4673,42,49,810,standard,MA,10000,0
11903,35,12,504,standard,MA,20000,0
5396,18,188,559,standard,MA,20000,1
13656,60,67,521,standard,ES,10000,0
13506,32,51,742,standard,GB,5000,0
8416,63,17,552,premium,MA,20000,0
8256,48,205,693,premium,ES,5000,1
8171,62,155,489,premium,ES,20000,0
10304,42,4,743,standard,DE,5000,0
6905,66,190,456,standard,FR,5000,1
12636,55,206,400,premium,MA,5000,0
7201,63,232,364,premium,DE,5000,2
14613,29,17,771,pro,MA,5000,0
8799,24,218,784,premium,MA,20000,0
3900,64,179,758,standard,FR,5000,0
1732,46,142,369,premium,MA,10000,0
7450,52,222,417,standard,FR,5000,0
1629,51,71,556,standard,MA,10000,0
807,35,82,499,standard,MA,50000,0
10594,45,225,457,premium,ES,20000,0
13714,63,173,526,premium,MA,5000,0
11398,34,144,769,pro,FR,20000,1
502,44,171,849,standard,MA,10000,0
11901,42,216,327,pro,MA,20000,0
12363,37,193,549,standard,MA,20000,0
3503,23,98,784,standard,FR,10000,0
10425,70,224,667,premium,MA,20000,1
1870,74,184,706,pro,ES,10000,0
3004,58,65,410,standard,GB,20000,1
11007,58,131,496,standard,MA,5000,0
13173,62,11,402,premium,MA,20000,0
311,53,109,593,standard,MA,50000,0
5577,65,38,692,standard,FR,10000,0
4166,70,53,684,standard,MA,10000,0
3726,62,182,844,standard,MA,10000,0
5763,64,19,365,premium,DE,5000,0
11025,37,152,701,standard,FR,5000,0
6432,69,84,753,standard,ES,20000,0
14489,55,218,310,standard,FR,5000,0
6737,45,202,642,premium,FR,10000,0
13048,60,68,533,pro,GB,10000,0
6367,42,174,637,premium,FR,5000,1
5848,56,1,620,pro,MA,10000,0
13001,55,110,614,standard,ES,5000,0
1504,25,161,822,standard,MA,10000,1
12368,58,49,415,premium,MA,20000,0
10931,63,23,518,standard,MA,5000,0
8590,20,47,604,standard,FR,10000,0
10154,29,47,464,premium,MA,20000,1
986,64,180,424,premium,MA,5000,0
3032,21,142,785,standard,FR,5000,1
3781,70,77,440,standard,MA,5000,1
8782,61,94,485,premium,ES,10000,0
3800,69,216,376,standard,FR,10000,0
1984,28,106,353,standard,GB,5000,0
4686,28,146,635,premium,FR,20000,1
13827,47,70,575,standard,GB,10000,0
10677,63,148,398,premium,MA,10000,0
9072,20,38,573,standard,DE,20000,1
857,36,231,425,standard,MA,5000,0
14626,62,22,451,pro,MA,5000,2
7439,57,181,456,pro,FR,5000,0
14406,33,185,583,premium,FR,10000,1
7030,42,79,581,standard,ES,10000,1
4557,74,144,788,standard,ES,5000,0
14785,31,89,835,standard,MA,5000,0
6581,40,66,336,standard,MA,20000,0
3266,39,119,320,standard,FR,5000,0
11193,29,200,368,standard,MA,5000,1
7218,36,151,392,premium,FR,20000,0
3799,45,58,316,premium,FR,20000,0
1403,50,119,596,pro,MA,5000,1
9846,21,67,831,premium,MA,10000,0
12267,26,42,612,premium,MA,5000,0
4658,73,86,716,premium,MA,50000,0
12197,22,52,599,standard,DE,20000,0
4895,69,1,682,premium,DE,10000,0
6379,27,80,756,standard,FR,20000,0
11505,25,234,804,standard,MA,20000,0
1183,66,72,473,standard,ES,10000,0
12587,73,188,383,standard,GB,5000,0
4163,40,200,683,standard,FR,5000,0
10580,41,13,485,standard,ES,20000,1
12529,42,36,395,premium,MA,10000,0
13392,38,75,734,premium,MA,10000,0
7169,48,143,458,standard,MA,5000,1
4561,69,223,333,premium,GB,5000,0
9404,43,74,381,standard,GB,5000,1
11627,67,132,839,standard,MA,10000,0
13803,66,59,757,pro,MA,5000,0
